{
"type": "FeatureCollection",
"name": "Transmission_Lines_Final",
"crs": { "type": "name", "properties": { "name": "urn:ogc:def:crs:OGC:1.3:CRS84" } },
"features": [
{"type":"Feature","properties":{"OBJECTID":6514,"name":"Not Available","operator":"Not Available","circuits":null,"cables":"3","TYPE":"AC; OVERHEAD","OWNER":"ONCOR ELECTRIC DELIVERY CO.","VOLTAGE":345.0,"VOLT_CLASS":"345","SUB_1":"NOT AVAILABLE","SUB_2":"NOT AVAILABLE","Shape__Length":37106.974246192738,"stroke":"#999999"},"geometry":{"type":"MultiLineString","coordinates":[[[-101.789491624090999,32.692301518255299],[-101.787457252585995,32.692027346532001],[-101.785324812002003,32.6917316336746],[-101.783479536762997,32.691472045984597],[-101.781628727900994,32.691219164161197],[-101.779786134133005,32.690957396891598],[-101.777932727343995,32.690709041418501],[-101.776090050033005,32.690438137628],[-101.774241924438996,32.690196655246197],[-101.772393965931997,32.689930278504498],[-101.770543242410994,32.689677480013501],[-101.768952608114006,32.689451671885301],[-101.767072462970006,32.689201137115397],[-101.765200281391003,32.688927971226803],[-101.763317371233001,32.688670645766898],[-101.761455918234006,32.6884065325929],[-101.759578371019003,32.688144682228597],[-101.757706105897,32.687885094694103],[-101.755823279281998,32.687616454256002],[-101.753951013261997,32.6873635720967],[-101.752070869015995,32.687083617293503],[-101.750094080419998,32.6871175639941],[-101.748119974191994,32.687124352576603],[-101.746143102950995,32.687140194112601],[-101.744169081164998,32.687155952480097],[-101.742170834511001,32.687158132174503],[-101.740167224914998,32.687173973704503],[-101.738174343897995,32.687189731309999],[-101.736168051931998,32.6871875523725],[-101.734180534756007,32.687212362922402],[-101.732203746159001,32.6872304673008],[-101.730213546613996,32.687234993772897],[-101.728236758915003,32.687250751367699],[-101.726246560267995,32.687268773329002],[-101.724288548256993,32.687277825512901],[-101.722309077291001,32.687286878451999],[-101.720332205150996,32.687300372425398],[-101.718342006502994,32.687320656476302],[-101.716373348557994,32.687341024444201],[-101.714471662712,32.6871175639941],[-101.712591434025995,32.686900890828198],[-101.710695028477005,32.686679525816601],[-101.708806837123007,32.686471989287902],[-101.706907832748996,32.686266464904001],[-101.705019557851998,32.686049792697098],[-101.703150057743997,32.685837563340598],[-101.701218868530006,32.685623070580903],[-101.699343920139995,32.685410840210203],[-101.697463774997004,32.685198694770698],[-101.695583547208003,32.684986464903503],[-101.693687225203007,32.684778760372403],[-101.691804314145998,32.684555383482902],[-101.689914866050003,32.684345332605901],[-101.688040672244995,32.684129582687198],[-101.686144937738007,32.683918442055997],[-101.684254063116995,32.683710738821297],[-101.682357742009998,32.683501358870302],[-101.680464017931996,32.683284686758903],[-101.678593932122993,32.683062817546897],[-101.676708926196,32.682850671821903],[-101.674276832784997,32.682577169704302],[-101.672364836975007,32.682359659869697],[-101.670483518631997,32.682143741837699],[-101.668462223003999,32.681921370012297],[-101.666493480617007,32.681717689860598],[-101.664793127888004,32.681518954884801],[-101.663532322623993,32.681371684922702],[-101.661582355925006,32.681152665241697],[-101.659677904166003,32.680947728205403],[-101.658008983488998,32.680755866778902],[-101.656000679296994,32.680523352104601],[-101.654048618624998,32.680297544266701],[-101.652114829685999,32.680078022162498],[-101.650153464263994,32.679856740044798],[-101.648208862304003,32.679631099135101],[-101.646264261241996,32.679418282144503],[-101.644274732737998,32.679203287026702],[-101.642389474384004,32.678977478119798],[-101.640447136177997,32.678766673124201],[-101.638518627536001,32.678549916938302],[-101.636588863049994,32.678335424065999],[-101.634644931232998,32.678123278453803],[-101.632709633123994,32.677898559423099],[-101.630911966797996,32.677690855798602],[-101.629106840861994,32.677492791625902],[-101.627305736683994,32.677290116863297],[-101.625498514979,32.677086352804999],[-101.623682743108006,32.676880996611899],[-101.621887674709996,32.676678824806203],[-101.620064443230007,32.676470031014397],[-101.618101065581996,32.676253276060699],[-101.616114806046994,32.676022941729698],[-101.614168947343998,32.675805180015701],[-101.612204229409997,32.675584986752803],[-101.610240852659999,32.675364877636],[-101.608268004074006,32.675144768732999],[-101.606312757975999,32.6749212233224],[-101.604342675303002,32.674702287636897],[-101.602509300945002,32.674488884979297],[-101.600684142578004,32.674277744998101],[-101.598869627450995,32.6740824461017],[-101.597025524513001,32.6738758323092],[-101.595204305259003,32.673664776325801],[-101.593377133768001,32.673464951944297],[-101.591559266128002,32.673256661810598],[-101.589726648151,32.673052646577403],[-101.587898638531001,32.672844942271801],[-101.585972812259001,32.6726191346837],[-101.584041622146003,32.672401288298801],[-101.582102467569996,32.672191237572697],[-101.580167254800998,32.671977918902201],[-101.578241428528997,32.6717515230822],[-101.576308812788994,32.6715269717753],[-101.574375024747994,32.671321447784599],[-101.572443833736997,32.671097399773302],[-101.570513230223995,32.670880643126601],[-101.568578770242993,32.670668329328699],[-101.566648251171998,32.670442521532699],[-101.564726448453996,32.670232638613697],[-101.562789809159995,32.670010769497303],[-101.560880830791007,32.6697872240957],[-101.558967074283004,32.6695727313571],[-101.557013001385002,32.6693526225515],[-101.555085247327995,32.669133519710499],[-101.553129833244995,32.668912823763897],[-101.551191937208003,32.6686944760514],[-101.549256136940997,32.668469253866299],[-101.547302734186005,32.668253588105799],[-101.545330723728,32.668025599339501],[-101.543398108887004,32.667806580965298],[-101.541448812332007,32.667586387650303],[-101.539498930972002,32.667370721271297],[-101.537571763515004,32.667149439437701],[-101.535640573402006,32.6669321809133],[-101.533721453054,32.666712574541897],[-101.531794202053007,32.666498081228703],[-101.529865777853004,32.6662750390052],[-101.527941962908002,32.666056690897101],[-101.526012699681999,32.665827947856698],[-101.524081510466999,32.665622591496998],[-101.522155767737999,32.665399549356998],[-101.520225834368006,32.665181033493901],[-101.518285926104994,32.6649659534447],[-101.516362112058999,32.664740144850597],[-101.514422204694995,32.664531854796202],[-101.512491769166999,32.6643117456738],[-101.510560578154994,32.664091050674898],[-101.508662831422001,32.663871947788898],[-101.506695430220006,32.663656364708203],[-101.504768348102999,32.6634350819959],[-101.502846544486005,32.663211537537897],[-101.500901942525999,32.662990255236799],[-101.498974775967,32.662761093699899],[-101.497036879931002,32.662552133525203],[-101.495107031003002,32.662327497843002],[-101.493183802657995,32.662109568891097],[-101.491240626324,32.6618939860968],[-101.489317482421001,32.661665830608598],[-101.487403725912998,32.661459216842502],[-101.485487204389997,32.6612436339921],[-101.483586943272002,32.661021178378498],[-101.481675869133994,32.660806685774602],[-101.479768735006004,32.660594455432602],[-101.477852379671006,32.660383818063202],[-101.475941222887997,32.660154657406302],[-101.474043643241004,32.659935638649301],[-101.472121840523002,32.659715445604299],[-101.470114122930994,32.659490727164197],[-101.468215119454001,32.659275144103702],[-101.466342937875993,32.659064591354699],[-101.464402443013,32.658841883767202],[-101.462461110022005,32.658619930404598],[-101.460645338152005,32.658403174500599],[-101.458982872768004,32.658222292962897],[-101.458982368812997,32.658222125821503]]]}},
{"type":"Feature","properties":{"OBJECTID":6653,"name":"Not Available","operator":"Not Available","circuits":null,"cables":"3","TYPE":"AC; OVERHEAD","OWNER":"ONCOR ELECTRIC DELIVERY COMPANY LLC","VOLTAGE":345.0,"VOLT_CLASS":"345","SUB_1":"UNKNOWN302829","SUB_2":"TONKAWA","Shape__Length":32851.316117927687,"stroke":"#999999"},"geometry":{"type":"MultiLineString","coordinates":[[[-99.756738701063199,32.939132641999898],[-99.755225348829896,32.940424963832697],[-99.753923135722701,32.941443532680204],[-99.752588737775497,32.942499232776498],[-99.751262468683294,32.943561723965203],[-99.749936032504394,32.944638797928697],[-99.748535920099201,32.945772031414897],[-99.747115773466504,32.9469414740635],[-99.745682049696697,32.948112929054602],[-99.744181352929104,32.949340794444801],[-99.742794650574496,32.950442594701798],[-99.741799551699899,32.951547665549903],[-99.740683753387202,32.952729262103098],[-99.7394767590052,32.953998617937799],[-99.738546032505596,32.954995645068301],[-99.737333757826306,32.956278579065703],[-99.736228603651398,32.957464618311199],[-99.735147756989804,32.958601120678303],[-99.733905810058303,32.959928982091398],[-99.732838375243901,32.961051989011096],[-99.731945115678201,32.962017332557402],[-99.730920511638104,32.9630998555389],[-99.730040747462994,32.964036030478098],[-99.728922350324098,32.965212933411699],[-99.727809149939205,32.9663944467395],[-99.726779264703595,32.967494822489897],[-99.725687522375907,32.968651442119203],[-99.724746150840204,32.969655174189903],[-99.723965544502704,32.970474254114798],[-99.722983854780395,32.971520566887499],[-99.721992863003393,32.972575345543603],[-99.720856864274893,32.973773538870297],[-99.719781382352096,32.974930157672098],[-99.718692320597199,32.976077640568597],[-99.717606026551707,32.977234259337202],[-99.716517050136702,32.978390793627597],[-99.715430755192898,32.979549591551297],[-99.714349824987906,32.980694728133699],[-99.713255567377402,32.981853525962599],[-99.712169272433499,32.983000924919097],[-99.711085659859094,32.984161986211497],[-99.710004646110804,32.985318353653803],[-99.708923715905897,32.986450078353002],[-99.707834739490906,32.987613234211501],[-99.706759257568095,32.988753843989301],[-99.705659550777099,32.989921443634699],[-99.704573256731607,32.991080072882497],[-99.7034949253527,32.992231998483398],[-99.702376443772195,32.993417535386001],[-99.701274055510098,32.9945760818186],[-99.700190443834003,32.995734628109901],[-99.699090737042994,32.996908932730001],[-99.697988349679093,32.998065132419299],[-99.696896774438002,32.999230468474103],[-99.695799750914702,33.0004046896536],[-99.694705325319305,33.001563151882401],[-99.693602937955404,33.002759836804401],[-99.692473727795502,33.003940762595199],[-99.691360610953893,33.005132920798097],[-99.690242130271798,33.006316193857501],[-99.689126331060706,33.007505921365102],[-99.688010531849699,33.008700342558697],[-99.686943013491899,33.009820416574499],[-99.685770970760899,33.011077869372997],[-99.684649724165993,33.012260891681997],[-99.683584970822693,33.013387754953598],[-99.682399350954498,33.014644955764801],[-99.681288916482302,33.015834766766197],[-99.680167753430794,33.017015526536397],[-99.679046673024203,33.018218748535297],[-99.677928108798696,33.019401770702601],[-99.676817757869898,33.020577918974702],[-99.675693828007198,33.021790193326297],[-99.674575346426707,33.022955026127399],[-99.673464912852907,33.024149279490501],[-99.6723491136418,33.025336659776201],[-99.671222669394695,33.026521777378399],[-99.670106871081899,33.027712762683699],[-99.668987634916604,33.0289046688059],[-99.667866555408395,33.030097078470703],[-99.666746649099807,33.031273059937199],[-99.665620122207699,33.032482819407903],[-99.664595518167701,33.033562240754797],[-99.663426158704496,33.034812485220201],[-99.662302229740106,33.0359997820904],[-99.661181150231798,33.037189258168603],[-99.6600518556303,33.038387618635497],[-99.658933458491404,33.039572651847003],[-99.657892762031395,33.040681159227603],[-99.656852064673103,33.041782876110098],[-99.655822012350797,33.042895825628797],[-99.654818949911302,33.044013217425501],[-99.653826448066297,33.045137481277202],[-99.652815255873506,33.046268368431598],[-99.651820156100698,33.047399254618803],[-99.650650713094095,33.048716721800702],[-99.649824676257694,33.049645269021298],[-99.648813399623293,33.050789566427198],[-99.647796842691605,33.051929421635897],[-99.646699819168305,33.053165836007402],[-99.645640347020503,33.054355145031003],[-99.6445809584161,33.055564653027297],[-99.643508074421106,33.056765025969497],[-99.642448517831696,33.057979060391503],[-99.6413729523656,33.059177169615602],[-99.640316161688901,33.060377625806503],[-99.639240679766203,33.061580260978403],[-99.638395700155399,33.062524398202697],[-99.637279900944407,33.063801129976802],[-99.636231157376002,33.064963281335103],[-99.635206554234301,33.0661276946445],[-99.634173903984305,33.0672897618307],[-99.633229849180907,33.068357448695203],[-99.632122013534797,33.069618422648198],[-99.630904374116696,33.070973776184402],[-99.629952106914899,33.072057137038897],[-99.629018780690899,33.073097834360802],[-99.627994177549198,33.074262666960799],[-99.626997653048306,33.075410066350599],[-99.625847069272893,33.076684366520702],[-99.624809054284,33.0778508768799],[-99.623762909541696,33.079039765042502],[-99.6227276604656,33.0802152435068],[-99.621697608143407,33.081381668654799],[-99.620651546046204,33.082557063133699],[-99.619608250759995,33.083732373410903],[-99.6185701531261,33.084912294611598],[-99.617532137238896,33.086094393969397],[-99.616486159583303,33.087269620846101],[-99.615348818771807,33.0885213741537],[-99.614329663912301,33.0896360004255],[-99.613221828266205,33.090826984112297],[-99.612114158808495,33.091997769086298],[-99.611073461450204,33.093119099802301],[-99.6100273167079,33.094240346225803],[-99.608973208400798,33.095361677688601],[-99.607940558150702,33.0964851885768],[-99.606881169546298,33.097597466752397],[-99.605837706275196,33.098711925279197],[-99.604783681511293,33.099839960493],[-99.603734854399605,33.100974619272002],[-99.601976749879,33.100979648410998],[-99.600223843010596,33.100974033053298],[-99.598469762044104,33.100985264520901],[-99.596712830723206,33.1009909641609],[-99.5949613485828,33.101011164241903],[-99.593208525257694,33.101021223267999],[-99.591451761921803,33.101026838622701],[-99.589698855053399,33.101031364318402],[-99.587944774086907,33.101025748963998],[-99.586186501581295,33.101030275412199],[-99.584443736692407,33.101041171998297],[-99.582914207597497,33.1010555889019],[-99.580809845653903,33.101061287784802],[-99.580799117972802,33.099810875689698],[-99.580788472936703,33.098455940927799],[-99.580780341386699,33.097103270052401],[-99.580773636361499,33.095731487114698],[-99.580760225412604,33.094374289668004],[-99.580756201858406,33.09302145062],[-99.580731474831893,33.091676574407202],[-99.580264771295703,33.091675484632603],[-99.580253958274696,33.090796725258897],[-99.580252617089897,33.089724847673601],[-99.580233841402205,33.0880720205258],[-99.580227136376905,33.086423635319001],[-99.580219173710205,33.084777596884003],[-99.580204338033298,33.083268435494801],[-99.580199056837799,33.081841332959698],[-99.580189668544705,33.080455888196902],[-99.580660731604993,33.0801303353444]]]}},
{"type":"Feature","properties":{"OBJECTID":6696,"name":"Not Available","operator":"Not Available","circuits":null,"cables":"3","TYPE":"AC; OVERHEAD","OWNER":"ONCOR ELECTRIC DELIVERY CO.","VOLTAGE":345.0,"VOLT_CLASS":"345","SUB_1":"NOT AVAILABLE","SUB_2":"NOT AVAILABLE","Shape__Length":590.58361272312902,"stroke":"#999999"},"geometry":{"type":"MultiLineString","coordinates":[[[-101.275837701561002,32.086283716830003],[-101.275859242262996,32.086702057309303],[-101.276818131845005,32.086686635273601],[-101.277778362611997,32.0866605670574],[-101.277750283073004,32.087929168237103],[-101.277726060001001,32.089109759598401]]]}},
{"type":"Feature","properties":{"OBJECTID":6706,"name":"Not Available","operator":"Not Available","circuits":null,"cables":"3","TYPE":"AC; OVERHEAD","OWNER":"SOUTHWEST TEXAS ELEC COOP, INC","VOLTAGE":345.0,"VOLT_CLASS":"345","SUB_1":"NOT AVAILABLE","SUB_2":"NOT AVAILABLE","Shape__Length":40131.66503219631,"stroke":"#999999"},"geometry":{"type":"MultiLineString","coordinates":[[[-100.938965072762997,31.308307231453998],[-100.938348835664996,31.3082997720653],[-100.936415213811998,31.308272279235499],[-100.934510510525001,31.3082493968077],[-100.932580745140001,31.308226429948601],[-100.930662965975998,31.308200026956801],[-100.928920116645997,31.308178318029402],[-100.927316825985002,31.308157782615101],[-100.925704818072006,31.308135319218302],[-100.924113681616006,31.3081118496142],[-100.922352141039994,31.3080935767975],[-100.920427655951997,31.3080706943263],[-100.918506524275003,31.308045464810402],[-100.916587319485004,31.3080866201093],[-100.914792921230003,31.308063737636399],[-100.912639107928996,31.3080351548764],[-100.911135728792004,31.3080070755931],[-100.910247330908007,31.308129032566999],[-100.908998763393001,31.3082837626601],[-100.907734018118006,31.3084418449594],[-100.906088566826,31.3086481238903],[-100.904507319922999,31.308848619246898],[-100.902932947828006,31.309049197834302],[-100.901219016164006,31.309257655896999],[-100.899628131236994,31.309849418029099],[-100.897869523660006,31.310488873531298],[-100.896100607017004,31.311137968113002],[-100.894328420506,31.311778429472898],[-100.892554726621995,31.3124240876374],[-100.890792515003,31.313071924051901],[-100.889156451106004,31.313670057483101],[-100.887706717561002,31.3141959371338],[-100.886223456194998,31.314724752427601],[-100.885080416470998,31.315881035997599],[-100.88393083791,31.317017956807501],[-100.882780840734995,31.318167032189798],[-100.881616006984004,31.319307054156798],[-100.880374814636994,31.320559897917601],[-100.879535367749995,31.321390460741],[-100.878493916704997,31.322434175343201],[-100.877556567826005,31.323371440112201],[-100.876725082706997,31.324202924308999],[-100.875473161781002,31.325451660440301],[-100.874213111101994,31.326698133957201],[-100.872959932534002,31.327941671986501],[-100.871707927166995,31.3291920850289],[-100.870498335755002,31.3304063711224],[-100.868828659594001,31.3307620987846],[-100.867149513393997,31.331120592824899],[-100.865481262860001,31.3314848703018],[-100.863929522020996,31.331820482586799],[-100.862070834036004,31.3322328715883],[-100.860210722222007,31.332636041118501],[-100.858960729079996,31.332900741873999],[-100.857103383178995,31.333310868739598],[-100.855251317574002,31.333711187740999],[-100.853379723494001,31.3341143570767],[-100.851524304479,31.334522136110699],[-100.849672322417007,31.334925977186401],[-100.847805422034,31.3353291466887],[-100.845942041251007,31.335729549945899],[-100.844385018317993,31.336068095749201],[-100.842835372351004,31.336408232433801],[-100.840985318972997,31.3368125756522],[-100.839113723096006,31.337214655220802],[-100.837253611281,31.337616651741101],[-100.835382854431003,31.338017642195901],[-100.833520060246997,31.338421985403901],[-100.831659948432005,31.338827417913802],[-100.830112313792995,31.3391619398319],[-100.828563337969001,31.339497550825101],[-100.826703226153995,31.3398984573065],[-100.824837749601002,31.3403050634771],[-100.822969508032998,31.3407036225944],[-100.821112161233003,31.3411068762898],[-100.819556480383994,31.3414436603538],[-100.817984621774002,31.341775752349999],[-100.816139345636998,31.342178920890898],[-100.814283257376999,31.342582175167902],[-100.812409733715,31.342985344089101],[-100.810731928698999,31.343349538043199],[-100.809058230781005,31.343714989590801],[-100.807379921809996,31.3440745728319],[-100.805704882707005,31.344438263882001],[-100.804025400537,31.3447976794086],[-100.802347427536006,31.3451655619746],[-100.800483208624001,31.345564120448],[-100.798622425768997,31.345966787116499],[-100.796763068538993,31.346372136478401],[-100.794893568432002,31.346773042817901],[-100.793029433062998,31.347173948983102],[-100.791603839046005,31.347482655324601],[-100.790634219986998,31.3476967284731],[-100.789409708457001,31.348052456748899],[-100.787586560519003,31.348594179103799],[-100.785769363022993,31.3491330513599],[-100.783952167322994,31.349667398069901],[-100.782145615760001,31.350211383463499],[-100.780479376553998,31.350712453088299],[-100.778760081049995,31.350998192157899],[-100.776871721711998,31.3513171244003],[-100.774981519030007,31.351628678622099],[-100.773093244132994,31.3519447610655],[-100.771208908348996,31.352263189150602],[-100.769645264833002,31.352529985763201],[-100.768090253227996,31.3529050760731],[-100.766246234731994,31.353365493731399],[-100.764398109138995,31.353821217339899],[-100.762546127975995,31.354274259918402],[-100.760708730063001,31.3547357670979],[-100.758850043875,31.355189899188399],[-100.756999906055,31.3556508196301],[-100.755157982431001,31.356103777449199],[-100.753330728294003,31.3565584951434],[-100.751779740244004,31.3569409620162],[-100.750239482569,31.357322254427999],[-100.748388757251007,31.357777559966799],[-100.746547422022999,31.358235044162399],[-100.744699463516,31.358688923853901],[-100.742850666880997,31.359143139641599],[-100.741001954688002,31.359603557438898],[-100.739153241596,31.36005877829],[-100.737309223099999,31.360515172870699],[-100.735458415137003,31.360970393910101],[-100.733615820470007,31.361425531435501],[-100.731767025631996,31.3618847759457],[-100.729929124663002,31.362338236842],[-100.728075717874006,31.362795134287602],[-100.726225664495004,31.363250942591499],[-100.724386339697006,31.363707252639902],[-100.722535615276996,31.364161887536401],[-100.720691513237995,31.364614761396101],[-100.718982358814998,31.3650378802406],[-100.717337411477999,31.365445575845701],[-100.715447878939003,31.365910436130001],[-100.713534122431,31.366381666619102],[-100.711623048291997,31.366848874749799],[-100.709717338892006,31.367319518362301],[-100.707804923569,31.367791335460701],[-100.705954115606005,31.368243623473301],[-100.704369014931004,31.368637571791702],[-100.702773770478998,31.369025152270702],[-100.701181962983,31.369430332437201],[-100.699575571336993,31.369822941193998],[-100.697980076256002,31.370215130295001],[-100.696369661055996,31.3706092475256],[-100.694853961524998,31.370984421405399],[-100.693002147448993,31.371442240929401],[-100.691156704224994,31.371897126797801],[-100.689298435753003,31.372353772992302],[-100.687468331261996,31.372809078587998],[-100.685611320432002,31.373258934146602],[-100.683777778988002,31.373711725055799],[-100.681918421757999,31.374167365372699],[-100.680059734672,31.374620072140001],[-100.678213871934005,31.375075041562599],[-100.676617370740004,31.3754677341099],[-100.675111059502001,31.3759506986258],[-100.673557473523999,31.376438442593301],[-100.671963653800006,31.376918390321698],[-100.670380144939998,31.3774034503362],[-100.668855644613998,31.3778800462159],[-100.667053116605999,31.378445740548301],[-100.665234242853003,31.379011686094898],[-100.663438169239996,31.379573357996399],[-100.661603203067003,31.380142573031598],[-100.659821377632994,31.3806961970642],[-100.658012814743003,31.3812591258305],[-100.656206431165998,31.381824233838302],[-100.654401219890005,31.382385067571398],[-100.652593914641002,31.382947325151399],[-100.650783758139994,31.383510421413501],[-100.649213744670007,31.3839955662582],[-100.647409204436002,31.3845640267234],[-100.645616566878999,31.385116058729],[-100.643799621808995,31.385683261639901],[-100.641994662958993,31.386245939659499],[-100.640180147831998,31.386807191772601],[-100.638374602382996,31.387367270301699],[-100.636567379778995,31.387930031021501],[-100.634756638474997,31.388490947924801],[-100.632949331429003,31.389050943561799],[-100.631151665103005,31.389613452636599],[-100.629337737474003,31.390177554898401],[-100.627528503543004,31.390740567168699],[-100.625725220950002,31.3912985502674],[-100.623811380898005,31.391889725865902],[-100.622005332393002,31.392449133787601],[-100.619858056130994,31.393116250493598],[-100.617744475676005,31.393772134082099],[-100.615939012872005,31.394332799082299],[-100.614171438311999,31.394883741550998],[-100.612665210616996,31.395348183201701],[-100.611224360511997,31.3957901616828],[-100.609804801378004,31.396234737496201],[-100.608287845103007,31.396706051288501],[-100.606722272903994,31.397186922170199],[-100.604917146069994,31.3977501853179],[-100.603119730374004,31.3983140355],[-100.602118931689006,31.398599188186001],[-100.603387951147994,31.399794950188799]]]}},
{"type":"Feature","properties":{"OBJECTID":6763,"name":"Not Available","operator":"Not Available","circuits":null,"cables":"3","TYPE":"AC; OVERHEAD","OWNER":"TRI-COUNTY ELECTRIC COOP, INC","VOLTAGE":345.0,"VOLT_CLASS":"345","SUB_1":"UNKNOWN306367","SUB_2":"NOT AVAILABLE","Shape__Length":27356.769728433912,"stroke":"#999999"},"geometry":{"type":"MultiLineString","coordinates":[[[-99.598738849668578,33.398722914067534],[-99.598725242012506,33.398250047163202],[-99.598672939401794,33.396590430193697],[-99.598619965749407,33.394927795778599],[-99.598582330830595,33.393287960000897],[-99.598533715804095,33.3916469509903],[-99.598489878916496,33.389973839910297],[-99.598441934033204,33.388349929640498],[-99.598393654078194,33.386693162915599],[-99.598335903185202,33.385053830361201],[-99.598288377815194,33.383403182395497],[-99.598248144968494,33.381761418948003],[-99.598195840561104,33.380107417665997],[-99.598169606161505,33.378518963106899],[-99.597469632604003,33.377200238084399],[-99.596817521284706,33.3759461377335],[-99.596071866598294,33.374493638308003],[-99.595314729645906,33.373040467212697],[-99.594565723345198,33.3715749752823],[-99.593825516940896,33.370135299795699],[-99.593042228233998,33.368623288355302],[-99.592252318045098,33.367106749944],[-99.591493335953103,33.365593564988998],[-99.590700743394805,33.364076943755897],[-99.589917538231205,33.362568117001501],[-99.589128968328694,33.3610347317669],[-99.588267979841305,33.359372433363198],[-99.587433728809899,33.357743745360999],[-99.5866539606006,33.356232656089396],[-99.585876120175897,33.354719219759197],[-99.585092915012297,33.353199162198003],[-99.584180629128795,33.351434519060497],[-99.583404128990495,33.349923849282],[-99.582624276339502,33.348412591989103],[-99.581834366150602,33.346888426846299],[-99.581069936674794,33.345382785595397],[-99.580310871039501,33.343930788304803],[-99.580148933539803,33.342632096154901],[-99.580007027572705,33.341397693249199],[-99.579861517564694,33.340173684152603],[-99.579686503289494,33.338655218827697],[-99.579488439142395,33.337015298506103],[-99.579268163251498,33.3352463826605],[-99.579104129084001,33.333705621053902],[-99.578911764747403,33.332072071966799],[-99.578715208871699,33.3304467371103],[-99.578755525261599,33.328365929912401],[-99.578781677016195,33.326854085343697],[-99.578821574791206,33.325191367769399],[-99.578834315596893,33.323559242842599],[-99.578879828740696,33.321899542235002],[-99.578921403670407,33.320267334639297],[-99.578952919265504,33.318599838810002],[-99.578987118128396,33.316962518145402],[-99.579013352527895,33.3153112827763],[-99.579044114436499,33.313806647413998],[-99.579079737129106,33.312289774239403],[-99.579103877555795,33.310640550895499],[-99.579143440259202,33.308996691931398],[-99.579173279597995,33.307342355966597],[-99.579214183486101,33.305696653246699],[-99.579252320563199,33.303787842227301],[-99.579283250456697,33.302138534658603],[-99.579316442308198,33.300491072185402],[-99.579353322642206,33.2988371552565],[-99.579389114218003,33.2971911170957],[-99.579425742125395,33.295534685298499],[-99.5794538216646,33.293900297660699],[-99.579475363265104,33.292207572406703],[-99.579519619665902,33.290592799013602],[-99.579564546209895,33.288945922718099],[-99.579594721518603,33.287286137678002],[-99.579623555642598,33.285632639496498],[-99.579653059909802,33.2839924694999],[-99.579686503289494,33.2823376300124],[-99.579716007556698,33.280683964480097],[-99.579750961004393,33.279030298409701],[-99.579767054322701,33.277387781345197],[-99.579815333379301,33.275742916457602],[-99.579854225041203,33.274091346074101],[-99.579890435232002,33.272352268950499],[-99.579921280683905,33.2707925639248],[-99.579950701407796,33.269146526272898],[-99.579981630402997,33.267491435402498],[-99.5800178396955,33.266124598668803],[-99.580043321306803,33.264748625680703],[-99.580079530599306,33.262966884195698],[-99.580111717235994,33.261177096826302],[-99.580149268611393,33.259396277034497],[-99.580193525012206,33.257718639455298],[-99.580216324254195,33.256107050906699],[-99.580241720525507,33.2544484399263],[-99.580265441438897,33.253321158075998],[-99.579906025493798,33.251460039327]]]}},
{"type":"Feature","properties":{"OBJECTID":6768,"name":"Mulberry Creek - Oklaunion 345kV","operator":"American Electric Power","circuits":null,"cables":"3","TYPE":"AC; OVERHEAD","OWNER":"ONCOR ELECTRIC DELIVERY COMPANY LLC","VOLTAGE":345.0,"VOLT_CLASS":"345","SUB_1":"UNKNOWN302829","SUB_2":"TONKAWA","Shape__Length":103872.09250481511,"stroke":"#999999"},"geometry":{"type":"MultiLineString","coordinates":[[[-99.823051374139496,32.525144241068901],[-99.823964749679405,32.528278989056197],[-99.824865217326902,32.531322374780402],[-99.825737019733793,32.534253777497298],[-99.826642768576804,32.537314429067301],[-99.827454722524493,32.540039469994099],[-99.828503551432803,32.543551990363298],[-99.826575041892596,32.545798424733299],[-99.824490462648299,32.548255579651403],[-99.822580227535894,32.550477789922603],[-99.820680301489801,32.552710979668298],[-99.818582729911498,32.555154640442801],[-99.816391365234395,32.5577255380624],[-99.814207878782298,32.560283191872998],[-99.811967061848804,32.5628912199601],[-99.8096481238249,32.565573764944403],[-99.808693006268697,32.568396537803302],[-99.8077717516055,32.571024096912303],[-99.806819231977201,32.573798423795203],[-99.805754813705406,32.576831582355403],[-99.804648737858997,32.579989464377199],[-99.803628576886396,32.582884154623599],[-99.802673374888599,32.5856580623499],[-99.801758071564095,32.588283944779398],[-99.800926502003904,32.590655184553299],[-99.7998149778753,32.593823376725297],[-99.7987925540465,32.596722928543002],[-99.797748504175502,32.599728428033302],[-99.7968269144407,32.602394375437903],[-99.795793760235796,32.605287557344099],[-99.794692126558502,32.6084535696275],[-99.793590576424506,32.611613463393297],[-99.792481735563697,32.614776123252497],[-99.791380101886304,32.617941884084402],[-99.790274947711396,32.621098341685801],[-99.789220168362704,32.6240970507776],[-99.788118534685395,32.6272776479545],[-99.787056548153103,32.630415581035003],[-99.786001768804397,32.633608080416103],[-99.784954115790796,32.636794293797202],[-99.783899336442104,32.639947062246598],[-99.782837349909798,32.643133023392501],[-99.781789778642903,32.6463159672521],[-99.780781771876093,32.649359268736603],[-99.779802513893301,32.652320679257997],[-99.778830548434001,32.655233473721097],[-99.7778657075132,32.658143168519501],[-99.776897346993096,32.6610648477808],[-99.775950527175198,32.664037993195699],[-99.774607745251501,32.666538230751101],[-99.773318943991399,32.669059674912099],[-99.772015725669405,32.671580951887897],[-99.770466163245302,32.674605896573297],[-99.768937975335106,32.677566720189802],[-99.767346334924795,32.680655200420603],[-99.765786462536198,32.6836811511401],[-99.764296914759697,32.686579529196202],[-99.762768726849501,32.689572790290399],[-99.761303820759494,32.692645847117703],[-99.759856602497393,32.695698033706599],[-99.758384738955499,32.698759021054897],[-99.756923438702998,32.701822942251603],[-99.755490300634705,32.704839337576999],[-99.754085326547198,32.707814158310399],[-99.7526205048989,32.710859975138703],[-99.751169765240903,32.7139234763007],[-99.749701423094905,32.7170341678166],[-99.748416142332502,32.720275199144801],[-99.747426742370095,32.722926561866799],[-99.745486583477401,32.725773392477699],[-99.744074567496298,32.728833372951399],[-99.742613266345501,32.731899138857401],[-99.741215248811599,32.734790140718502],[-99.739708266532006,32.737962355349801],[-99.738239840842695,32.741021918161799],[-99.736760938102194,32.7441140859857],[-99.735310114900898,32.747120087966799],[-99.7338488137502,32.750197168783401],[-99.732408719128301,32.753194034088096],[-99.730949429305397,32.756266839924102],[-99.729471867749695,32.759328496729999],[-99.728014925224699,32.762384035936201],[-99.726620009573395,32.765317954080103],[-99.725152840627203,32.768373324746797],[-99.723695982543802,32.771428697044598],[-99.722232250551897,32.774492533455501],[-99.720764914518995,32.777544887538802],[-99.719304618583095,32.780611491364297],[-99.717840803047807,32.783663425592998],[-99.716373634999897,32.786709576725897],[-99.7150338714155,32.789518185316197],[-99.713911032107603,32.791880792533398],[-99.712750305454307,32.794304083666901],[-99.711479441753795,32.796785295290803],[-99.7099261073039,32.799807724976397],[-99.708627750664107,32.802326486896099],[-99.707201821576007,32.805088239902098],[-99.705641614115805,32.808122070568103],[-99.7040951535744,32.8111441654071],[-99.702552128190703,32.814142959404798],[-99.700981610765993,32.817190954080402],[-99.699424839361697,32.820218582089097],[-99.697861280287199,32.823246041241397],[-99.696307861395596,32.826273416839399],[-99.694737344869296,32.829335494385703],[-99.693177137409094,32.832351051038899],[-99.691751208320895,32.835123448675702],[-99.690193430803603,32.8381703551157],[-99.688764149202797,32.840944346201802],[-99.687392030996804,32.8435821302932],[-99.685991331991701,32.846672118865698],[-99.684581160251994,32.849742075785898],[-99.683286910709697,32.8525573889168],[-99.682010179213805,32.855344958794802],[-99.680851213258507,32.857937145940802],[-99.679557633859503,32.860764194546803],[-99.678156263812895,32.863834318072399],[-99.676737961421495,32.8669130742324],[-99.675316307415798,32.869994345390097],[-99.674160861958001,32.872549317619203],[-99.6729042473346,32.875163633328597],[-99.672668463826994,32.878437185447297],[-99.672419102283897,32.881741583241698],[-99.670876245783504,32.884129335718299],[-99.669491639198398,32.886268062688004],[-99.6678004232338,32.888935770133202],[-99.6659543080698,32.891840938233202],[-99.664259822237597,32.894502779978502],[-99.662413708870204,32.8974021635943],[-99.660557536168298,32.900309929971399],[-99.658708069390002,32.903223228088599],[-99.656841754708594,32.906127975884097],[-99.654993964186602,32.9090184749491],[-99.653134858485302,32.911946022638297],[-99.651295868758098,32.914837695952002],[-99.649431313876306,32.917736660381998],[-99.647582769667807,32.920635458224403],[-99.645727603078996,32.923545151290199],[-99.643882326043197,32.9264520794558],[-99.641710826710295,32.929851192927501],[-99.639868903983697,32.932752336828599],[-99.638171903767002,32.935404539179203],[-99.636320173234196,32.9383193458713],[-99.634616551535501,32.940982443927503],[-99.632767922885407,32.943894233733197],[-99.630922730291203,32.946783978710798],[-99.629057756794495,32.949703898120099],[-99.627205859175007,32.952604455591],[-99.625354045997099,32.955499397265598],[-99.623498879408402,32.958413449552999],[-99.6218052317043,32.961062047443903],[-99.620243347987795,32.963508892843898],[-99.618697976204501,32.965905782049802],[-99.617027379270695,32.968534848862802],[-99.615175481651207,32.971426438743499],[-99.613336827893903,32.974326241001997],[-99.611494819827399,32.9772425570604],[-99.609616603366803,32.980147640698902],[-99.607781217680596,32.983061022386003],[-99.606081032936203,32.985725462303598],[-99.604262160081504,32.9885640774297],[-99.602723241795204,32.990620326618398],[-99.6011811398796,32.992731894633799],[-99.599731321893103,32.994677419023802],[-99.598152926243401,32.996772224358999],[-99.596930509584496,32.999679571145599],[-99.595912359939803,33.0019925577839],[-99.595190761238399,33.003689389627901],[-99.594442760152404,33.005388736645003],[-99.593378426322303,33.007792834331603],[-99.592261370368206,33.010373622202302],[-99.590910374249503,33.013482218757702],[-99.589559379927394,33.016568519537302],[-99.588205032194395,33.0196685663145],[-99.586989237017505,33.022492177092801],[-99.585875449134406,33.025061566250002],[-99.584751855241606,33.027658448223399],[-99.583591967614694,33.030238648623197],[-99.582280535097794,33.033324446381698],[-99.580906405563795,33.036415524363299],[-99.579524146276597,33.039521774852801],[-99.578181700322702,33.042692898958698],[-99.576414124864002,33.045560684085501],[-99.574670437405402,33.048501474793298],[-99.572924067577304,33.051453916347498],[-99.571131513563799,33.054400825798801],[-99.569365362833196,33.057344885520003],[-99.567750756992695,33.060051234488597],[-99.566116452894605,33.062746519120502],[-99.564360109970195,33.0656930927301],[-99.562732343810694,33.068402040414497],[-99.560966779680001,33.071349369409504],[-99.559493828278306,33.073787329736199],[-99.557712925413995,33.076786039896703],[-99.555948870452895,33.079732948790202],[-99.554181965137502,33.0826822894795],[-99.552415059821996,33.085553929128601],[-99.552028653095704,33.088899482258199],[-99.551659011627706,33.091637179948798],[-99.551255842338307,33.094916766123099],[-99.550827359422499,33.098198532757102],[-99.550407342229903,33.1014755217602],[-99.549981709668501,33.104745470142603],[-99.549542162203394,33.1080339422262],[-99.549150056564997,33.111303554763403],[-99.548713275910998,33.114577693262198],[-99.548307256267194,33.1178610528166],[-99.547867625258704,33.121170145044502],[-99.547453224333296,33.1244721957057],[-99.547033123597402,33.127745831289602],[-99.546613106404806,33.131000524529597],[-99.546201554935493,33.134271645680002],[-99.545764773383098,33.1375473778619],[-99.545339057278397,33.140818163266502],[-99.545017024723805,33.143352767310802],[-99.544599856987304,33.146620955075598],[-99.544191071430703,33.149889142944801],[-99.543829811244294,33.1526297737256],[-99.543493780242599,33.155358418263603],[-99.543143752590396,33.158089494231398],[-99.542774111122398,33.160825179223501],[-99.542438582278905,33.1635509751654],[-99.542063325442001,33.166415322006102],[-99.541688151250099,33.169263157366601],[-99.541377266788203,33.172113256720799],[-99.540388872040694,33.175408685211202],[-99.539517909558597,33.17842969094],[-99.538613501900201,33.1815466690176],[-99.537910763328199,33.184047158263901],[-99.536975425776305,33.187428753550599],[-99.536129860464001,33.190468032105002],[-99.535236516456607,33.193683078435399],[-99.534357338881307,33.196815982180901],[-99.533450081766901,33.200028347258304],[-99.532626810843297,33.203224198731398],[-99.531683176451395,33.206419967368198],[-99.530677934699,33.2102387620344],[-99.529594238581296,33.214069124152402],[-99.528692680378995,33.217276291344902],[-99.527793721901105,33.220515981731197],[-99.526813710231806,33.2239617812237],[-99.526119269397995,33.226976417091997],[-99.525394066655707,33.230145530419001],[-99.524660482631703,33.233373149494497],[-99.523904350894099,33.236612252753901],[-99.523145537685494,33.239837273195597],[-99.522392256302297,33.243043352145101],[-99.521641824375195,33.246263427822001],[-99.520888625636999,33.249499847828602],[-99.520138111064895,33.252743057752703],[-99.519854382673898,33.2539807298255],[-99.520797933522502,33.254136884626199],[-99.520640271105293,33.254765024953301]]]}},
{"type":"Feature","properties":{"OBJECTID":6896,"name":"Not Available","operator":"Not Available","circuits":null,"cables":"3","TYPE":"AC; OVERHEAD","OWNER":"ONCOR ELECTRIC DELIVERY CO.","VOLTAGE":345.0,"VOLT_CLASS":"345","SUB_1":"SWEETWATER EAST","SUB_2":"CENTRAL BLUFF","Shape__Length":53757.378547168235,"stroke":"#999999"},"geometry":{"type":"MultiLineString","coordinates":[[[-99.9749153665054,32.300761699046497],[-99.975505955804095,32.299815550421002],[-99.976492924925296,32.2982443629557],[-99.978366531231899,32.297412290860599],[-99.980075014612893,32.296633444661403],[-99.981778216798304,32.295863734299601],[-99.983498938826699,32.295088324534397],[-99.985087476456002,32.294365637269202],[-99.986517010483396,32.293717128845302],[-99.988644755573802,32.292746755609002],[-99.990499419106001,32.291905547834801],[-99.992346120869897,32.291063250889003],[-99.994056028978903,32.2902855773198],[-99.995783455134301,32.289505557370298],[-99.997243248013703,32.288757220719901],[-99.998903535881396,32.287900423153502],[-100.000478661664005,32.287084193300601],[-100.002134842434003,32.286225970429001],[-100.003824047069998,32.285379817475601],[-100.005448041204005,32.284515643439903],[-100.007107071429999,32.283658760988502],[-100.008768029441001,32.282802382313903],[-100.010407530292994,32.281943739948197],[-100.012090532062999,32.281090546245601],[-100.013779065657999,32.280238357659499],[-100.015049763169998,32.2795659619552],[-100.017511359948998,32.2782875535747],[-100.019174330186004,32.277429247458599],[-100.020822547392001,32.2765686767234],[-100.022492138212002,32.275715399042397],[-100.024143038684997,32.274853655296397],[-100.025804750383003,32.273999791077699],[-100.027187429183002,32.273283138865303],[-100.028580836562995,32.272566569858299],[-100.03025185301,32.2716933437286],[-100.031921443830996,32.2708383886673],[-100.033396742530002,32.2700661639497],[-100.034683113848004,32.269431067380403],[-100.036032935867993,32.268714079049502],[-100.037504126572003,32.267955433495302],[-100.038648173306996,32.267298879057698],[-100.040174349889,32.266458592860602],[-100.041327029434001,32.265899268997998],[-100.042629241642999,32.265320078856902],[-100.043921311873007,32.264669978728101],[-100.045540779396006,32.263805553464302],[-100.047183632759996,32.262951017840798],[-100.048847944182,32.262092543851097],[-100.050530358453003,32.261240020328202],[-100.052169859304996,32.260378695926299],[-100.053689330861999,32.2595950717755],[-100.055130933756004,32.2588431314445],[-100.056563233695996,32.258117593029503],[-100.057934512874994,32.2568127831168],[-100.059333368536997,32.255481569096801],[-100.060634239562006,32.254260157832498],[-100.061937710310005,32.253032376725201],[-100.063245370800999,32.251809121352103],[-100.064530148507004,32.250575724639603],[-100.065824734019003,32.249350877193798],[-100.067119738146005,32.248125526229998],[-100.068419351529002,32.246899757581303],[-100.069706728061007,32.245674155492097],[-100.071013047367998,32.2444479662718],[-100.072319199587,32.243225298825102],[-100.073609342929998,32.241997936089398],[-100.074904932758997,32.240779626590502],[-100.076208403508005,32.239556874814603],[-100.077494522397998,32.238329261918402],[-100.078806122900005,32.237099551996899],[-100.080104311555004,32.2358721900791],[-100.081397136369006,32.234640218235498],[-100.082692643553003,32.2334127721846],[-100.083990832208002,32.232187589190502],[-100.085286340289002,32.2309601434442],[-100.086577823021003,32.229742253575203],[-100.087956562708996,32.228433166516403],[-100.089324405832002,32.227137576565198],[-100.090729966520001,32.225812481248603],[-100.092028155174006,32.2245916566538],[-100.093315531705997,32.223366391216203],[-100.094611038889994,32.222138861291697],[-100.095907216217,32.220914851707903],[-100.096878260004999,32.220007845451001],[-100.098167061265002,32.218781825118199],[-100.099461143720006,32.217553624528001],[-100.100763440370997,32.216326597525203],[-100.102049559261005,32.215099487081901],[-100.103355710583003,32.2138746394156],[-100.104652643392996,32.2126480317133],[-100.105946724950002,32.211420837426601],[-100.107238208579005,32.2102004321845],[-100.108421146975999,32.209075496994103],[-100.109709948236002,32.207862971220301],[-100.111012915030003,32.206635525383597],[-100.112314373553005,32.205409671361402],[-100.113599151258001,32.204177867374497],[-100.114674633180996,32.203156533061602],[-100.115975504204997,32.201937720388699],[-100.117163723798001,32.200807419790898],[-100.118349342767999,32.1996885203368],[-100.119642167582001,32.198460655576],[-100.120932226484001,32.1972304427997],[-100.122241228158998,32.196004757757002],[-100.123530029419001,32.194777395185703],[-100.124829560156996,32.193556236034198],[-100.126017778850994,32.1924303789039],[-100.127200633705002,32.191311394686899],[-100.128462528626002,32.1901202417165],[-100.129760718179,32.188891622930797],[-100.131049519439003,32.187666439862397],[-100.132350306920003,32.186434133378597],[-100.133421932375001,32.1854115408483],[-100.134508227319003,32.184390037714699],[-100.135577004216003,32.183373062033603],[-100.1368725114,32.182148381757401],[-100.138173466865993,32.180908865851201],[-100.139490431208003,32.179705643573399],[-100.140751069385999,32.178482052938897],[-100.142054622779,32.1772492427285],[-100.143342083752998,32.176014253397],[-100.144650917443997,32.174772474800598],[-100.145930414852998,32.173550979610098],[-100.147242015355005,32.1723272218766],[-100.148561661168003,32.171119473669997],[-100.149782066499,32.169938882322299],[-100.150913959028003,32.168874045612498],[-100.152187924611994,32.167636624958497],[-100.153531711750006,32.166374227175901],[-100.154768209501,32.165166226659998],[-100.156054329290001,32.163951521975598],[-100.157357966226996,32.162740169171201],[-100.158654813696998,32.161515237287503],[-100.159947638510999,32.160293574969899],[-100.161113058862,32.159167382588301],[-100.162514428907997,32.1578492444904],[-100.163814044087999,32.156627582458697],[-100.164890950738993,32.155612533459802],[-100.165891414352004,32.1546792929324],[-100.166646455535002,32.1533417920365],[-100.167488670130993,32.151859955709803],[-100.168342953592997,32.1503770297453],[-100.169203942080998,32.1489100289118],[-100.169979016593004,32.147545286637097],[-100.170751576719994,32.146188341354197],[-100.171461021216004,32.144951758875401],[-100.172128807237996,32.143779884402598],[-100.172980409229993,32.142299137038997],[-100.173838715347998,32.140812691238402],[-100.174707835384993,32.139291040159002],[-100.175536638134005,32.137851029701601],[-100.176354627861997,32.1364463901363],[-100.177066838269994,32.135202766970203],[-100.177921121732993,32.133711626082402],[-100.178760653061005,32.132237585249896],[-100.179227358394002,32.131432922162602],[-100.180076276218998,32.129948067966801],[-100.180925111399006,32.128464722505399],[-100.181780820487006,32.126994033996098],[-100.182628315380995,32.125500462926603],[-100.183403556979997,32.124130775969],[-100.184178715933001,32.122776846534201],[-100.185055714195997,32.121300374765902],[-100.185881918118994,32.119814682349499],[-100.186804513967004,32.1182233777241],[-100.187724511886998,32.116616148279299],[-100.188580220077,32.115139424674297],[-100.189430479985006,32.1136446795892],[-100.190280740790996,32.112170219470997],[-100.191069227149995,32.110795754927501],[-100.191916804689001,32.109314421197602],[-100.192764465771006,32.107833171484302],[-100.193620006873999,32.106344964150097],[-100.194448809622997,32.104884082338401],[-100.195299153972996,32.103384559490799],[-100.196131980275993,32.101876989908298],[-100.196932619942999,32.100569329646397],[-100.197643320283007,32.099328724183501],[-100.198472123033,32.097856442979499],[-100.199319701468994,32.096381730961902],[-100.200172727289996,32.094911544544203],[-100.201033716675994,32.0934232537425],[-100.201886658953001,32.091955247306302],[-100.202726106738993,32.090444157917197],[-100.203571002806001,32.088957963404901],[-100.204418664786004,32.087494566669797],[-100.205268924693996,32.0860128976284],[-100.206180876404005,32.084415222526601],[-100.207108920533997,32.082806316484898],[-100.207315890688349,32.082445013197216]],[[-100.235278805524842,32.057606398888488],[-100.235846023779004,32.057272525260899],[-100.237415115576994,32.056333667689401],[-100.239000301592,32.055401683884497],[-100.240588253520002,32.054453690569403],[-100.242184167215996,32.053514833766002],[-100.243635242843993,32.052644122004097],[-100.245086317572998,32.051789336202098],[-100.246671419145997,32.050829943210097],[-100.248267417283998,32.049902485449998],[-100.249847238559994,32.048963544641801],[-100.251443153154995,32.048026867025101],[-100.253031021539002,32.047056159432799],[-100.254347902337997,32.046289969411802],[-100.255753463025997,32.045460160298902],[-100.257000605813005,32.044637057310297],[-100.258272057010998,32.0437845343736],[-100.259543423767994,32.042922875142203],[-100.260796015736005,32.0420679201127],[-100.262062018652003,32.041222186899503],[-100.263333301865998,32.040369578856001],[-100.264725452503001,32.039426028445497],[-100.265878717749999,32.038657576126397],[-100.267147403034997,32.037809494162801],[-100.268534104492005,32.036868038929597],[-100.269912844179999,32.035910825865301],[-100.271688466746994,32.036074524256499],[-100.273616975387995,32.036233780447702],[-100.275419419852994,32.035633468351698],[-100.277216416035998,32.035026367908202],[-100.279018944043997,32.034432928305201],[-100.280515616358997,32.033932697244197],[-100.282020335781993,32.033432464212098],[-100.283525055205999,32.032918570211599],[-100.285024326346999,32.032416075181501],[-100.286585456376997,32.031902180808103],[-100.287486677711001,32.031599762190801],[-100.288704317129003,32.031190473580303],[-100.289337318587002,32.032200074076698],[-100.290101831607004,32.033418718474202],[-100.290952007971001,32.0347512732545],[-100.291794221668994,32.036076871244703],[-100.292564015883997,32.037295516593097],[-100.293481414978004,32.0387439926198],[-100.294398729630004,32.040194481167802],[-100.295310681340993,32.041640527172497],[-100.296238725470999,32.043100152229798],[-100.297220414294998,32.044482495576098],[-100.295278411160993,32.045400983709399],[-100.293543022338994,32.046178573698299],[-100.292916726803995,32.046386276515499]]]}},
{"type":"Feature","properties":{"OBJECTID":6900,"name":"Not Available","operator":"Not Available","circuits":null,"cables":"3","TYPE":"AC; OVERHEAD","OWNER":"SOUTHWESTERN PUBLIC SERVICE CO.","VOLTAGE":345.0,"VOLT_CLASS":"345","SUB_1":"POTTER COUNTY","SUB_2":"NOT AVAILABLE","Shape__Length":41555.428953040609,"stroke":"#999999"},"geometry":{"type":"MultiLineString","coordinates":[[[-102.254954968657003,35.518102091363801],[-102.254370246254993,35.516789484964299],[-102.253769431433994,35.515447877784801],[-102.253143135898995,35.514020020911303],[-102.252561012323994,35.512719819397397],[-102.251950810107004,35.511345438530903],[-102.249836642153994,35.510596684224602],[-102.247861111199001,35.509892436594299],[-102.245752979025994,35.509139238099898],[-102.243614504457994,35.508373971202097],[-102.241250221274996,35.507536032092197],[-102.239111159209003,35.506774535704601],[-102.236987436774001,35.505999461043999],[-102.234825600619004,35.505203600172599],[-102.234373000632004,35.503991200145798],[-102.231848999687003,35.5037553999626],[-102.230186024958002,35.503240055378598],[-102.228523139163002,35.502702942307998],[-102.226286176900004,35.501912445142899],[-102.224062625586996,35.501115494323699],[-102.221737150522003,35.500283422265703],[-102.219419721668004,35.499455877342598],[-102.217003051432997,35.498594468468703],[-102.214654777126995,35.4977570328832],[-102.212345311838007,35.496930493882601],[-102.210453013386996,35.4962578457802],[-102.208410511229999,35.4955317213767],[-102.207003776445006,35.4949083601635],[-102.205827627513997,35.4941494618798],[-102.203347926088995,35.493937651577397],[-102.200826648835999,35.493718128944998],[-102.198422635862997,35.4935134427215],[-102.195933628789007,35.493298866806697],[-102.193579907098993,35.493099041830703],[-102.191231632793006,35.492895948475699],[-102.188808341075998,35.492686316632003],[-102.186202574575006,35.492462435819],[-102.183655733964002,35.492246267027198],[-102.181028510304003,35.492021380769003],[-102.178739328074997,35.492082485249099],[-102.176495660788007,35.492146940975402],[-102.172421300612001,35.492264874648797],[-102.169980575291007,35.492336958753903],[-102.167464661878,35.492411138259698],[-102.165082860648994,35.492485486650601],[-102.162695611136996,35.492559666019297],[-102.160051037415997,35.4926295710208],[-102.157602180544004,35.492697297124302],[-102.155282069321004,35.492760580657396],[-102.153248954559004,35.492815146610504],[-102.151458580756994,35.492863259407599],[-102.149087423664994,35.4929287216411],[-102.147810775712998,35.494142924023002],[-102.146501858478999,35.495411692723302],[-102.145182127325,35.496671744021903],[-102.142808455849007,35.495850653533701],[-102.140684146815005,35.495114637966303],[-102.138739545752998,35.494437799194401],[-102.136864680906001,35.493791386357003],[-102.134920079845003,35.493114380650198],[-102.133253002510003,35.491867321118903],[-102.131673265676,35.490664098763503],[-102.129884232159995,35.489325341424802],[-102.128175665235005,35.488034695756497],[-102.126898933739994,35.487233134455998],[-102.125627566982999,35.4864381950769],[-102.124729026221004,35.4848874585673],[-102.123811627126997,35.4833204619651],[-102.122913422335998,35.481787076421298],[-102.122018653601003,35.480259390827797],[-102.119580526205993,35.479442574415103],[-102.117845220028997,35.478862546827301],[-102.115944708282001,35.478218229627402],[-102.114500422120997,35.477002769787703],[-102.113092262606997,35.475814468021497],[-102.111690892561001,35.474619627535503],[-102.110230345995006,35.473375668937599],[-102.109134662757995,35.472460449100502],[-102.107668835894998,35.471226297772802],[-102.106067556561001,35.469893743326999],[-102.105469425007996,35.467894994630797],[-102.104886043790998,35.465915775747497],[-102.104291933994006,35.463907052226602],[-102.103687012974007,35.461831693513297],[-102.103115702419004,35.459915674326403],[-102.102522933808004,35.4579199425716],[-102.101947600597001,35.455949273665297],[-102.101348126961,35.453916242729299],[-102.100331652674001,35.453007393141903],[-102.099351221491006,35.452125784335102],[-102.097159941255995,35.452064596064197],[-102.094649309936997,35.451996786699397],[-102.092146808370998,35.451920344588302],[-102.089636345036993,35.451850355157397],[-102.087120433421006,35.4517826290339],[-102.084623213051003,35.451714987738903],[-102.082287007610006,35.450768837868601],[-102.079953569880004,35.449807433707903],[-102.077625328902997,35.448865726839003],[-102.075289125259005,35.447904322628503],[-102.072958368998997,35.446958174059603],[-102.070622165355999,35.446007665871697],[-102.068291325551996,35.445052799374501],[-102.065960401308004,35.444095669674297],[-102.063632328316004,35.4431451620787],[-102.061365861786001,35.442220889890201],[-102.058978612274998,35.441287732475402],[-102.056556660843995,35.440354658655103],[-102.054557074802005,35.439425859929798],[-102.053049673008999,35.437757441731698],[-102.051668335393003,35.436223386525199],[-102.050282974222995,35.434681534884703],[-102.048908341632995,35.433156028693702],[-102.047529602842999,35.431619793892303],[-102.046175170667993,35.4301270606665],[-102.044648909643996,35.428439782745997],[-102.043058444230994,35.426680337559603],[-102.041524136996998,35.4249668252208],[-102.039939035423004,35.423220455835398],[-102.038351167038996,35.421476265957899],[-102.036920125638005,35.419888230288002],[-102.035557646355002,35.418380074441998],[-102.034123921686998,35.416794217934303],[-102.031726027139996,35.414149224840102],[-102.030178476044,35.412428839957997],[-102.028587926187996,35.4106647847209],[-102.027000058702001,35.408911541493502],[-102.025406826476996,35.407149498166902],[-102.023818958991001,35.405396171148297],[-102.022217680555997,35.403625326704002],[-102.020631153356007,35.401873089463201],[-102.019382501400003,35.4004913336491],[-102.017796058640997,35.398738928703501],[-102.016253704299004,35.3970302782798],[-102.014679332203997,35.395287679557299],[-102.013115519804003,35.393566875243799],[-102.011557240128994,35.3918329953258],[-102.009977335309003,35.3900836918395],[-102.008432466583002,35.388371519977397],[-102.006841833183998,35.386617857821101],[-102.005291516175006,35.384894790024902],[-102.003738516796005,35.383186894327302],[-102.002172107367002,35.381450499552002],[-102.000619107988996,35.379727263521701],[-101.999055463575004,35.377977792714802],[-101.997464830176,35.3762259752692],[-101.995906550499996,35.374502571988003],[-101.994326729223999,35.372752933698798],[-101.992775071929003,35.371041516938],[-101.991221737478995,35.369309899067602],[-101.989647364484995,35.367570989741601],[-101.988107776055003,35.365874743396098],[-101.986604314272995,35.3642189826056],[-101.985165310206,35.362617870658298],[-101.983719682860993,35.361015670554401],[-101.982306158607997,35.359448337999901],[-101.980879138964994,35.3578645781595],[-101.979940449799003,35.356832095198598]]]}},
{"type":"Feature","properties":{"OBJECTID":6924,"name":"Not Available","operator":"Not Available","circuits":null,"cables":"6","TYPE":"AC; OVERHEAD","OWNER":"SOUTHWESTERN PUBLIC SERVICE CO.","VOLTAGE":345.0,"VOLT_CLASS":"345","SUB_1":"POTTER COUNTY","SUB_2":"NOT AVAILABLE","Shape__Length":10836.553807322962,"stroke":"#999999"},"geometry":{"type":"MultiLineString","coordinates":[[[-101.979940449799003,35.356832095198598],[-101.978902435709003,35.355681427300397],[-101.977384220895004,35.354016781314201],[-101.975619327805006,35.352056673759101],[-101.974323820622004,35.350610544105699],[-101.974323820622004,35.348764178501],[-101.974331951273001,35.346757969388499],[-101.974334633642997,35.344605160945498],[-101.974329268904,35.342563832737198],[-101.97433991394,35.340384788827897],[-101.974337231570999,35.338255786382703],[-101.974345362221996,35.336137762668002],[-101.974348043692999,35.333971543865601],[-101.974350642518999,35.331857795500099],[-101.974350642518999,35.3299846917755],[-101.974358773171005,35.327995582393797],[-101.974356007257995,35.325982248921903],[-101.974361455541001,35.323824579522501],[-101.974366736736002,35.321852736413803],[-101.974372099678007,35.319821885192198],[-101.974369418207004,35.317716435154502],[-101.974374866489001,35.315650463578102],[-101.974385511525995,35.3135493719967],[-101.974381571514996,35.311485328170797],[-101.974389535079993,35.309380883848902],[-101.972005135024006,35.3093764407487],[-101.969490563695004,35.309368897520699],[-101.966981357104004,35.309366634552198],[-101.964350026345997,35.3093600970872],[-101.961863618099002,35.309348027186502],[-101.959268665517996,35.3093425790534],[-101.956674968781002,35.309333274268802],[-101.95414153822,35.3093310956016],[-101.951629733700997,35.3093233837646],[-101.949115162371001,35.309311397427898],[-101.946605955780996,35.3093069557899],[-101.944091301805997,35.309301591223402],[-101.941572706922003,35.309286168276103],[-101.939217727590005,35.309282983842799],[-101.937053269252999,35.309279295060897]]]}},
{"type":"Feature","properties":{"OBJECTID":6963,"name":"Not Available","operator":"Not Available","circuits":null,"cables":"3","TYPE":"AC; OVERHEAD","OWNER":"ONCOR ELECTRIC DELIVERY CO.","VOLTAGE":345.0,"VOLT_CLASS":"345","SUB_1":"SWEETWATER EAST","SUB_2":"CENTRAL BLUFF","Shape__Length":30419.794997752124,"stroke":"#999999"},"geometry":{"type":"MultiLineString","coordinates":[[[-100.290214819905998,32.023248283945001],[-100.289268921759998,32.023765951181403],[-100.288509940566001,32.024116147360502],[-100.287758922039004,32.024462990349797],[-100.286934142844004,32.024846127226901],[-100.286704813732001,32.024945033404698],[-100.286109362751006,32.025221385221997],[-100.285850530269997,32.025335043265201],[-100.284509426398998,32.025967122899402],[-100.283066313437999,32.026628958194301],[-100.281703835052994,32.027261036515803],[-100.280397515746998,32.027865959285499],[-100.279158418272004,32.0279569859199],[-100.277962153367,32.028050193633],[-100.276532536695001,32.028166199165199],[-100.275110965333994,32.028268458039499],[-100.273413126988999,32.028395778830003],[-100.271953250566995,32.028499966524301],[-100.270497565683002,32.028603818244697],[-100.269033080003993,32.028713034388304],[-100.267654424758007,32.0288176398264],[-100.266124223722997,32.028940435342399],[-100.265583759519004,32.029521385010703],[-100.265283351210002,32.029835119755603],[-100.264899711295001,32.030239965371003],[-100.264135366261002,32.031047142666097],[-100.263529103156998,32.031697495141202],[-100.262853270026,32.032400149748497],[-100.262021702262004,32.0333028802795],[-100.261166160260998,32.034203264013698],[-100.260334676040003,32.035083280342697],[-100.259505873291005,32.035967654744802],[-100.258567016140006,32.036963592915498],[-100.257628326974,32.037959446387703],[-100.256701624027997,32.038955384214702],[-100.255892938152002,32.0398261797571],[-100.255173267234994,32.040594046590698],[-100.254489220807002,32.041323942330301],[-100.253985803125005,32.041861055008901],[-100.252870004813005,32.042622719433403],[-100.251797120817997,32.043382035288303],[-100.250756423458995,32.044120984495102],[-100.249718408470002,32.044855321776097],[-100.248516863269003,32.045707929918997],[-100.247167628746993,32.046635555060902],[-100.245904307301004,32.0474903410325],[-100.244555239864994,32.048401956932899],[-100.243254368840994,32.0492886787641],[-100.241985600012001,32.050157043847399],[-100.240743821066005,32.051000430891797],[-100.239442950040996,32.051884889079098],[-100.238171583284,32.052753254652401],[-100.236884123208995,32.053619356810898],[-100.235693221247004,32.054426449801497],[-100.235296540555737,32.054701693676428]],[[-100.234258719616022,32.08236930780209],[-100.234268969313007,32.082385881050897],[-100.234995847413998,32.083547193321699],[-100.235685175037005,32.084651677006001],[-100.235736137361002,32.0860060241423],[-100.235784416417999,32.087199188428201],[-100.235838061112005,32.088462676053801],[-100.235894303733005,32.090066972442102],[-100.235953312267995,32.091632628684103],[-100.236001675766005,32.093000555111701],[-100.236049955721001,32.094259432864902],[-100.236100918044997,32.095540942743099],[-100.236146514732994,32.096852040174397],[-100.236186747578998,32.0982540800577],[-100.236739283343994,32.099433330317403],[-100.237307827986001,32.100648957570399],[-100.237868409062003,32.101875817258303],[-100.238437121689003,32.103114159282001],[-100.238968115853993,32.104275136572902],[-100.239571612145994,32.1055906765326],[-100.240153734822997,32.106872185707502],[-100.240633850207004,32.107889916874299],[-100.241154115792,32.1090100739262],[-100.241704051832002,32.110195945877699],[-100.242299418371999,32.1115159270513],[-100.242814570746006,32.112632229904797],[-100.243417983494993,32.113939974601202],[-100.243930201972006,32.115066752967302],[-100.244520371758,32.1163162443464],[-100.245088915501,32.117540755583398],[-100.245601218418997,32.118672061311102],[-100.246188622291996,32.119950972040002],[-100.246183341096,32.121143632813798],[-100.246177976357998,32.122338472899102],[-100.246167247778004,32.123558375901197],[-100.246148472989006,32.124762268799202],[-100.246116201909999,32.125718560219802],[-100.246151154459994,32.127145076203099],[-100.246137743510999,32.128344358823],[-100.246118968722001,32.129748159299901],[-100.246046549238002,32.130733955732602],[-100.245956610809998,32.131776496396498],[-100.246616517709995,32.133125648176097],[-100.247202580397996,32.1343839384962],[-100.247811442327006,32.135646840229803],[-100.248329024645003,32.136741517043497],[-100.248996977754004,32.138131571643697],[-100.249587064894001,32.139346696510302],[-100.250110011052001,32.140475486454697],[-100.250708227946006,32.1417427467075],[-100.251341229404005,32.143032637687398],[-100.252043967975993,32.144504332511197],[-100.252671521151996,32.1458601893384],[-100.253277699815001,32.147106997796797],[-100.253800814856007,32.148219778812603],[-100.254390816655999,32.149443788092597],[-100.255053322381997,32.1508290651769],[-100.255571072684006,32.151939500097697],[-100.256126206375995,32.153086228154798],[-100.256673460946004,32.154219377724999],[-100.257281065233997,32.155498539975397],[-100.257924710829997,32.156845175632498],[-100.258461236819997,32.157971452989202],[-100.258949314869994,32.158995553692399],[-100.259579633959007,32.160292066178002],[-100.260201906838006,32.161627219411002],[-100.260773217392,32.162814767925397],[-100.261307060115001,32.163925034762897],[-100.261725401050995,32.164808319191799],[-100.262127733110006,32.165648438093598],[-100.262106358596995,32.167031116886697],[-100.262092947648,32.1679484317579],[-100.262082135525006,32.169054172447602],[-100.262050032432001,32.170280193753399],[-100.262041901779995,32.1716196214972],[-100.262020444621001,32.172750340074202],[-100.261993622722997,32.174289677522701],[-100.261977529405002,32.175633631225502],[-100.261961436087006,32.176868621156601],[-100.261934613291004,32.1781172726958],[-100.261918519971999,32.179490731901602],[-100.261899828726001,32.180970891733402],[-100.261883735408006,32.182053750536603],[-100.261854231141001,32.1834498395976],[-100.261848866402005,32.184789183887702],[-100.261822044504001,32.186098940276601],[-100.261811231482994,32.187474662473697],[-100.261781728114002,32.188904698315703],[-100.261765634796006,32.190089564118402],[-100.261749540579004,32.1914583292914],[-100.261725401050995,32.192774874930599],[-100.261712074543993,32.193957477412503],[-100.261695981225003,32.194815449623299],[-100.261677121096,32.196381524278799],[-100.261663711045003,32.197484665803202],[-100.261634206777998,32.198767097289902],[-100.261620878474005,32.200128821452203],[-100.261602020140998,32.201703948313003],[-100.261585926823003,32.202700389618201],[-100.261564552308997,32.203787438876503],[-100.261553739288004,32.205058470387698],[-100.261518954723996,32.206424636628597],[-100.261510824970003,32.207720562801597],[-100.261494731651993,32.209100391642799],[-100.261473357138001,32.2101965771447],[-100.260309278871006,32.2105324392668],[-100.259096837105005,32.210888670445797],[-100.257503603980993,32.211369875870702],[-100.256302058779994,32.211697775171302],[-100.256361066416005,32.2118577861836]]]}},
{"type":"Feature","properties":{"OBJECTID":6965,"name":"Not Available","operator":"Not Available","circuits":null,"cables":"3","TYPE":"AC; OVERHEAD","OWNER":"SHARYLAND UTILITIES LP","VOLTAGE":345.0,"VOLT_CLASS":"345","SUB_1":"SAN ANGELO RED CREEK","SUB_2":"BROWN","Shape__Length":35973.08698198646,"stroke":"#999999"},"geometry":{"type":"MultiLineString","coordinates":[[[-100.126018657958483,31.580665532308871],[-100.126102855596997,31.5806119643239],[-100.127574633799,31.579714765025201],[-100.129011710081997,31.5788127893127],[-100.130571582469997,31.577833866096],[-100.132045875955001,31.576908671844102],[-100.133411874836995,31.576051286911699],[-100.134902427827996,31.575118716380899],[-100.136525751818994,31.5741026617969],[-100.138151925265007,31.573103791039198],[-100.139741301921006,31.572102153559801],[-100.141281140082,31.571131780082801],[-100.142807820618998,31.570169621877],[-100.144381020412993,31.5691725948599],[-100.145606454513,31.568405985458401],[-100.146910343876996,31.567604843228199],[-100.148342727360003,31.5667042910836],[-100.149914668614997,31.5657160643329],[-100.151345710914001,31.564816267776202],[-100.152945900589998,31.563810271777601],[-100.154502504009997,31.562831517106201],[-100.156064219740998,31.561849660581501],[-100.157493250711994,31.5609512879474],[-100.158775681120005,31.560146122788101],[-100.160058280410993,31.559340873367901],[-100.161337610733,31.5585625297924],[-100.162676451747998,31.557730541978302],[-100.164231545998007,31.556829654895999],[-100.165805164407004,31.555845535965499],[-100.167375263216002,31.554935093449298],[-100.170274060162996,31.553227950935401],[-100.173513665352004,31.551283936543101],[-100.176309448891004,31.549601269453799],[-100.177389038810006,31.548941781053301]]]}},
{"type":"Feature","properties":{"OBJECTID":6998,"name":"Not Available","operator":"Not Available","circuits":null,"cables":"3","TYPE":"AC; OVERHEAD","OWNER":"PEDERNALES ELECTRIC COOP, INC","VOLTAGE":345.0,"VOLT_CLASS":"345","SUB_1":"ORSTED","SUB_2":"NOT AVAILABLE","Shape__Length":17998.649727033277,"stroke":"#999999"},"geometry":{"type":"MultiLineString","coordinates":[[[-100.513262041225005,31.1162018903463],[-100.513293138205,31.1160618286088],[-100.513438480228004,31.115461432474198],[-100.513756154156994,31.114113958552299],[-100.514073912526996,31.112767070011198],[-100.514416565011004,31.1113792782517],[-100.514736333811001,31.1100794962063],[-100.515071526685006,31.108681730340901],[-100.515410322701001,31.1072535375284],[-100.515792453445997,31.105639350890701],[-100.516185648741001,31.104025582929101],[-100.516581358419998,31.102407540910502],[-100.516971703360994,31.100794861817899],[-100.517362048300996,31.0991828545489],[-100.517741246046995,31.097580988975999],[-100.518138045382997,31.0959482779387],[-100.518458150152995,31.094608347979101],[-100.518841454995993,31.093009666904099],[-100.519227441311003,31.091398916046298],[-100.519620300636007,31.089780286603801],[-100.520000420052995,31.0881657653104],[-100.520170011757301,31.087463834317134]]]}},
{"type":"Feature","properties":{"OBJECTID":7013,"name":"Not Available","operator":"Not Available","circuits":null,"cables":"3","TYPE":"AC; OVERHEAD","OWNER":"AEP TEXAS NORTH CO.","VOLTAGE":345.0,"VOLT_CLASS":"345","SUB_1":"SAN ANGELO RED CREEK","SUB_2":"NOT AVAILABLE","Shape__Length":10872.640765434486,"stroke":"#999999"},"geometry":{"type":"MultiLineString","coordinates":[[[-100.496223223615004,31.5453709235696],[-100.497246570911997,31.545399421060001],[-100.498462952688996,31.545398331657299],[-100.499789975468005,31.545413754014401],[-100.500862859462998,31.545444683698499],[-100.501806913368,31.545466392884201],[-100.502820871473006,31.545475444947801],[-100.503805159123004,31.545498327739999],[-100.504766730176996,31.5455177738984],[-100.505763254677007,31.545528083017299],[-100.506801269665999,31.545547445722701],[-100.507832579630005,31.545562365843601],[-100.508862463967006,31.545566975317701],[-100.509774414779002,31.545592037653801],[-100.510654263396006,31.5456160940297],[-100.511411903405005,31.545625230291101],[-100.512211200988006,31.545636628797901],[-100.513017205393993,31.545654985527801],[-100.513791023162995,31.5456709942654],[-100.514584956007994,31.545684657308499],[-100.515333376607003,31.545692033528901],[-100.516166119367,31.545889259742498],[-100.517053929751995,31.546096041282301],[-100.517802266808005,31.5462640980281],[-100.518627716146,31.546453864192799],[-100.519429780541003,31.546644636679499],[-100.520148528888001,31.5466069184281],[-100.521077914201996,31.546564673417201],[-100.522110564453001,31.546520166162399],[-100.523167355129004,31.546474316861801],[-100.524296565289006,31.546426372203499],[-100.525298453630995,31.546381864882701],[-100.526261366767002,31.5463418827648],[-100.527234924938995,31.546298380584201],[-100.528168333807997,31.5462595720347],[-100.529123199835993,31.546217243420401],[-100.530066080541005,31.546173825393499],[-100.531031675148995,31.546130323134498],[-100.532049574162997,31.5460800310866],[-100.533020449068005,31.546268624787],[-100.533979339547997,31.5464355918315],[-100.534950382437998,31.546604655439701],[-100.535846157286002,31.546778496578199],[-100.536764814022007,31.546941859243798],[-100.537672741278996,31.547101870029898],[-100.538666584308999,31.547279063360602],[-100.539636118028994,31.547442425915499],[-100.540525354040994,31.5476070467478],[-100.541516346715994,31.547776193975199],[-100.542455120323993,31.547944166547602],[-100.544338030481995,31.548282460239601],[-100.545274121719999,31.548456133661102],[-100.546210212060004,31.548616144147498],[-100.547167761355993,31.548787638222102],[-100.548093123116999,31.548954438465699],[-100.549104316208002,31.5491304577729],[-100.550001514886006,31.549298431735401],[-100.550882871773993,31.549454083356601],[-100.551659120384002,31.549591043462499],[-100.552239818333007,31.550136285968399],[-100.552832670488002,31.5507350897675],[-100.553436167678996,31.551341939919801],[-100.554043603983004,31.5519533991116],[-100.554629666671005,31.552537366404],[-100.555258644575005,31.5531578782666],[-100.555880917454004,31.553788784537499],[-100.556512661271,31.554426479531799],[-100.557148260657002,31.555053278034499],[-100.557765252340005,31.555680664044701],[-100.558399511439006,31.556309138938499],[-100.559032512898,31.5569343448567],[-100.559648163396005,31.557559466976301],[-100.560266329176997,31.5581867687719],[-100.560907460389004,31.558826727015099],[-100.561439879280996,31.559372976467898],[-100.562007166282001,31.559938670467702],[-100.562625332063007,31.560563793121698],[-100.563254309068995,31.561181958347198],[-100.563851101233993,31.561787551065699],[-100.564457364337997,31.562394317080599],[-100.564435152594001,31.563551354750501],[-100.564415035722007,31.5645312836618],[-100.564386956183,31.565883032549699],[-100.564364156940997,31.5668531537275],[-100.564352003633005,31.567692937508198],[-100.564327863206998,31.568477986141499],[-100.564318560253994,31.569245852457101],[-100.564318560253994,31.5699376947797],[-100.564321158181997,31.570598188154701],[-100.564318560253994,31.5712836603422],[-100.564335910314995,31.571922444984899],[-100.564327863206998,31.5726033911399],[-100.564327863206998,31.573344937944299],[-100.564334653572004,31.5738362853177],[-100.565176111786997,31.573850786103399],[-100.566084040841005,31.573862520204699],[-100.566963805016002,31.573863694226901],[-100.567826051145005,31.5738756801214],[-100.568687124074003,31.573887666014201],[-100.569561523510998,31.573896719146902],[-100.570403738107004,31.573893366219899],[-100.571168167582996,31.5740327563459],[-100.571880377990993,31.5741538755044],[-100.572633072773996,31.574266947054099],[-100.572754778326001,31.574285219321499]]]}},
{"type":"Feature","properties":{"OBJECTID":7023,"name":"Not Available","operator":"Not Available","circuits":null,"cables":"3","TYPE":"AC; OVERHEAD","OWNER":"AEP TEXAS NORTH COMPANY","VOLTAGE":345.0,"VOLT_CLASS":"345","SUB_1":"ABILENE MULBERRY CREEK","SUB_2":"NOT AVAILABLE","Shape__Length":51062.711115638798,"stroke":"#999999"},"geometry":{"type":"MultiLineString","coordinates":[[[-99.539347919271336,33.398785620418096],[-99.537868350270401,33.397930194144799],[-99.536416017899398,33.397095775305502],[-99.534625643198794,33.396060023461203],[-99.533002656076704,33.395117981414202],[-99.531403556056205,33.394170993360802],[-99.529775119753594,33.393233729434101],[-99.528147606020795,33.392284982296601],[-99.526536101164595,33.391352663238798],[-99.524894337456402,33.3904263787472],[-99.523293310549704,33.3894795585907],[-99.521628245441306,33.388518321803197],[-99.520051358062901,33.3875931277041],[-99.518434237837894,33.386650750116601],[-99.516786020632694,33.385710385279403],[-99.515178370447401,33.3847802452214],[-99.513558064796399,33.383812470391398],[-99.511913033017194,33.3828859345331],[-99.510286524499193,33.381962584279698],[-99.508693543802494,33.3810182793625],[-99.507015067745201,33.380088725968498],[-99.505416470781398,33.3791435823032],[-99.503673537907602,33.378126773763597],[-99.502056166154304,33.377168973939],[-99.500416581758898,33.376253753994497],[-99.498789235112795,33.375323782088998],[-99.4971713603029,33.374366988140899],[-99.495545355739694,33.373426370429399],[-99.493905939329395,33.372484747038598],[-99.492277671011706,33.371547231313698],[-99.490658957175299,33.3706219526645],[-99.489035633184997,33.369661219365099],[-99.487429242437699,33.368729151363098],[-99.485813714027401,33.3677800693102],[-99.484166670021906,33.366838948982803],[-99.482513004534496,33.365892548713298],[-99.480911223042995,33.364959726089097],[-99.479290162807104,33.364025898610002],[-99.477647225899204,33.363085867588602],[-99.476975667850695,33.3626772503384],[-99.476024237878704,33.362135359961499],[-99.4744264799413,33.361194659514702],[-99.472797037525595,33.360263345648697],[-99.472295101465775,33.359970116197488]]]}},
{"type":"Feature","properties":{"OBJECTID":7025,"name":"Not Available","operator":"Oncor","circuits":3,"cables":"9","TYPE":"AC; OVERHEAD","OWNER":"BIG COUNTRY ELECTRIC COOP, INC","VOLTAGE":345.0,"VOLT_CLASS":"345","SUB_1":"UNKNOWN300996","SUB_2":"NOT AVAILABLE","Shape__Length":19191.181942998381,"stroke":"#999999"},"geometry":{"type":"MultiLineString","coordinates":[[[-99.480754564942302,33.0908078737341],[-99.479052619499896,33.090952796256403],[-99.477357463524498,33.091087577848803],[-99.474549275149101,33.091319085457599],[-99.472973476528907,33.0914347562464],[-99.471606076971185,33.091527024767586]]]}},
{"type":"Feature","properties":{"OBJECTID":7047,"name":"Not Available","operator":"Not Available","circuits":null,"cables":"6","TYPE":"AC; OVERHEAD","OWNER":"AEP TEXAS NORTH CO.","VOLTAGE":345.0,"VOLT_CLASS":"345","SUB_1":"NOT AVAILABLE","SUB_2":"NOT AVAILABLE","Shape__Length":9057.6392808774053,"stroke":"#999999"},"geometry":{"type":"MultiLineString","coordinates":[[[-102.296915361816005,31.119779035329799],[-102.295244262723998,31.120608759424801],[-102.293592774752995,31.1214324486543],[-102.291932740210001,31.122250438466899],[-102.290267925731996,31.123074799405099],[-102.288604704864994,31.1239017577991],[-102.286946345679993,31.124724777102202],[-102.285286309341004,31.1255462866587],[-102.283901619212003,31.126234273360001],[-102.282515419914006,31.126923686144099],[-102.280931827510997,31.1277152728345],[-102.279204903513005,31.128568131100199],[-102.277546544328999,31.129390982279801],[-102.275892961485994,31.130217940990001],[-102.274232841604004,31.131042133512299],[-102.272574483317001,31.131860961671599],[-102.270912854265006,31.1326906862325],[-102.269251225212003,31.133508089181799],[-102.267589765042999,31.134328174768299],[-102.265928135991004,31.135161839187599],[-102.264272877790006,31.1359874565964],[-102.262604963225996,31.1368061175043],[-102.260946519599997,31.137631650630599],[-102.259286399716999,31.1384585251975],[-102.257624939547995,31.139277270111801],[-102.256087446888003,31.140044297396301],[-102.254303359496006,31.1409215470451],[-102.252638545017007,31.141745655786899],[-102.250988064956005,31.142573872266698],[-102.249328028617001,31.143399321355002],[-102.247668076718995,31.144218065896901],[-102.246007035164993,31.145041672387102],[-102.244345406112004,31.145861673616501],[-102.242685455113005,31.1466857824757],[-102.241027011485997,31.147512573478298],[-102.239368651402998,31.148327042534099],[-102.237697551413007,31.1491647300242],[-102.236376562618005,31.149821368513798],[-102.235744651714,31.150140048483799],[-102.234242279588997,31.150879667568699],[-102.232685676169993,31.1516342905316],[-102.231024047117003,31.152452866321699],[-102.229368873358993,31.153275551015899],[-102.227965071572001,31.153972841529701],[-102.226497651995999,31.153275551015899]]]}},
{"type":"Feature","properties":{"OBJECTID":7278,"name":"Not Available","operator":"Not Available","circuits":null,"cables":"3","TYPE":"AC; OVERHEAD","OWNER":"ONCOR ELECTRIC DELIVERY CO.","VOLTAGE":345.0,"VOLT_CLASS":"345","SUB_1":"UNKNOWN302132","SUB_2":"NOT AVAILABLE","Shape__Length":7065.3225672673871,"stroke":"#999999"},"geometry":{"type":"MultiLineString","coordinates":[[[-101.458982368812997,32.658222125821503],[-101.456856047551994,32.657979385592398],[-101.454711538102003,32.657738825116198],[-101.452741539870999,32.657515279268701],[-101.450810348858994,32.657288968572701],[-101.448854348176994,32.6570731344029],[-101.446907734888995,32.656852941869701],[-101.444969838852003,32.656623445435301],[-101.443019118465998,32.656395960199298],[-101.441087340855006,32.656174678420101],[-101.439140728466,32.6559567488368],[-101.437180369157005,32.655731443121802],[-101.435253117258,32.655518039781001],[-101.433312623294,32.655298433347298],[-101.431383024995995,32.655081594513703],[-101.429308337101006,32.654841033802903],[-101.427410757453998,32.654618997142997],[-101.425499683314996,32.654397630794698],[-101.423575114683999,32.654189927753002],[-101.421649371954999,32.653960765588003],[-101.419751625222005,32.653750632188199],[-101.417811131258006,32.6535226442424],[-101.415847753609995,32.653301277448499],[-101.413901727820004,32.6530844375526],[-101.411957126757997,32.652859719839398],[-101.410019230722,32.652632821781097],[-101.408385848294998,32.652442049195798],[-101.406433116580999,32.652227471717097],[-101.404499327642,32.652005016356803],[-101.402553301851995,32.6517870871984],[-101.400628816765007,32.651559099540101],[-101.398690920728001,32.651344438256302],[-101.397028034033994,32.651119719951701],[-101.396086243884,32.6511377408819]]]}},
{"type":"Feature","properties":{"OBJECTID":7292,"name":"Not Available","operator":"Not Available","circuits":null,"cables":"3","TYPE":"AC; OVERHEAD","OWNER":"ONCOR ELECTRIC DELIVERY CO.","VOLTAGE":345.0,"VOLT_CLASS":"345","SUB_1":"NOT AVAILABLE","SUB_2":"NOT AVAILABLE","Shape__Length":1042.7295824018004,"stroke":"#999999"},"geometry":{"type":"MultiLineString","coordinates":[[[-101.28124067633,32.086664339037597],[-101.279487349050001,32.087364228189102],[-101.277882047060999,32.088007371016502],[-101.276696510736002,32.088480027123801],[-101.275594122474004,32.088932230709602],[-101.275556571996006,32.087502864798097],[-101.275513237267006,32.086291428262697]]]}},
{"type":"Feature","properties":{"OBJECTID":13686,"name":"Not Available","operator":"Not Available","circuits":null,"cables":"3","TYPE":"AC; OVERHEAD","OWNER":"ONCOR ELECTRIC DELIVERY COMPANY LLC","VOLTAGE":345.0,"VOLT_CLASS":"345","SUB_1":"UNKNOWN302829","SUB_2":"TONKAWA","Shape__Length":9255.044165243231,"stroke":"#999999"},"geometry":{"type":"MultiLineString","coordinates":[[[-99.597901553372395,33.003658125220298],[-99.595627626334107,33.003618059300898],[-99.595375749508193,33.004187525821401],[-99.594721625962706,33.005707081406001],[-99.594049146242696,33.007254045540598],[-99.593382616963098,33.008788017231197],[-99.5926926182985,33.010346800127401],[-99.592022737404605,33.011883537588801],[-99.591349418658098,33.013437795080598],[-99.590672245240697,33.014983920073],[-99.589998339894393,33.016531387363003],[-99.589320328348805,33.018082039293702],[-99.588651116699793,33.019631685515797],[-99.587967823958707,33.021180074508401],[-99.5873469767063,33.022594688097797],[-99.586751526623601,33.023959764557503],[-99.586279456551907,33.025044886401403],[-99.585627680304299,33.026532422598201],[-99.5850322302216,33.027897499081],[-99.584413980896898,33.029304066768503],[-99.583797072756994,33.030728571101399],[-99.583180164617104,33.032138574506398],[-99.582555880410396,33.033561318955599],[-99.5818853275767,33.035103924268299],[-99.581200023507705,33.036671172636403],[-99.580538858967003,33.038195673306802],[-99.579860260821604,33.039740374550803],[-99.578496356810604,33.042837068645902],[-99.577617932921797,33.044316473927601],[-99.576741521259194,33.045788084914101],[-99.575873156705001,33.047255085622297],[-99.575021555612295,33.048674896326297],[-99.574175318360105,33.050084480743998],[-99.573338468502698,33.0514862706423],[-99.572493573333603,33.052900296818301],[-99.571646665938204,33.054314324379902],[-99.570804452240196,33.055719466676898],[-99.569967519737801,33.057134582832603],[-99.569125305141498,33.0585440845256],[-99.568273704048806,33.059956938051002],[-99.566634204095095,33.062715673167297],[-99.565747146498097,33.064186948803801],[-99.565284466516104,33.064971494768699],[-99.5645310171479,33.066079583064798]]]}},
{"type":"Feature","properties":{"OBJECTID":14522,"name":"Not Available","operator":"Not Available","circuits":null,"cables":"3","TYPE":"AC; OVERHEAD","OWNER":"ONCOR ELECTRIC DELIVERY CO.","VOLTAGE":345.0,"VOLT_CLASS":"345","SUB_1":"SWEETWATER EAST","SUB_2":"TONKAWA","Shape__Length":298.27758321920214,"stroke":"#999999"},"geometry":{"type":"MultiLineString","coordinates":[[[-100.684310449408002,32.528401868430301],[-100.685120811540997,32.530555179482903]]]}},
{"type":"Feature","properties":{"OBJECTID":17204,"name":"Not Available","operator":"Not Available","circuits":null,"cables":"3","TYPE":"AC; OVERHEAD","OWNER":"SOUTHWESTERN PUBLIC SERVICE CO.","VOLTAGE":345.0,"VOLT_CLASS":"345","SUB_1":"NOT AVAILABLE","SUB_2":"NOT AVAILABLE","Shape__Length":79989.332846112011,"stroke":"#999999"},"geometry":{"type":"MultiLineString","coordinates":[[[-101.864422569612003,35.857297176946403],[-101.866255104044996,35.856591924016101],[-101.868190067081997,35.855804695549899],[-101.870195940433007,35.855023753570798],[-101.872079438089003,35.854294024512598],[-101.873994534884005,35.853538731714998],[-101.874085310542,35.851330435771203],[-101.874188073319004,35.8490196289263],[-101.874282872530003,35.846830359954602],[-101.874381527311996,35.844621895392699],[-101.874472303868004,35.842538070888303],[-101.874563163966997,35.840403031992999],[-101.874661818747995,35.838203956089302],[-101.874738764841993,35.836120549956703],[-101.874768016683007,35.833921222794203],[-101.874787546955005,35.831721895115599],[-101.874807160770999,35.829760278621301],[-101.874826606601999,35.827608392440901],[-101.874854518155999,35.825464049777501],[-101.874880754353001,35.8233257427799],[-101.874895171415005,35.8211207990514],[-101.874919058515999,35.819028592358698],[-101.874933475578004,35.816947868217198],[-101.874957448019998,35.814867229406097],[-101.874976642323006,35.812751468794303],[-101.875000614764005,35.810744589188197],[-101.875019809964996,35.808605360448198],[-101.875038920725004,35.8064661316374],[-101.875058115027002,35.804533096365603],[-101.875086949150997,35.802455893130599],[-101.875096503633003,35.800378774007797],[-101.875115781478996,35.798289836491101],[-101.875134976680002,35.796200897966202],[-101.875158949121001,35.794006850596098],[-101.875168420958005,35.791913890177497],[-101.875197254183007,35.789723698684],[-101.875226004764002,35.788066261272697],[-101.875240420927994,35.7861443743816],[-101.875254837989999,35.784230199866997],[-101.875269255052004,35.782094155224698],[-101.875297920291999,35.779938664129297],[-101.875317115493004,35.777798680916199],[-101.875326754415994,35.775650734654803],[-101.875360365781006,35.773677970283998],[-101.875365143920007,35.771533879120099],[-101.875393977146004,35.769440331317703],[-101.875422644183004,35.7674167725526],[-101.875437060346997,35.7652764530688],[-101.875456255548002,35.7631904489728],[-101.875485005230004,35.761042251014402],[-101.875489866913,35.758897824316399],[-101.875494645051006,35.756698832680001],[-101.875518615697004,35.754503779608399],[-101.875537727354001,35.752713321516602],[-101.875571338718999,35.750533691528098],[-101.875566560579998,35.7483655436627],[-101.875614505463005,35.746166384190701],[-101.875633699765999,35.744130588206403],[-101.875633699765999,35.742098563672897],[-101.875672005726003,35.739891356330901],[-101.875696061710997,35.737715162493899],[-101.875710478773001,35.7356285715044],[-101.875720033255007,35.7335418973991],[-101.875767978138001,35.731400571960499],[-101.875767978138001,35.729360416772003],[-101.875787172440994,35.727289164848401],[-101.875782310757998,35.725194444189299],[-101.875806367641999,35.723271048363699],[-101.875825561943998,35.721347568905799],[-101.875839979006003,35.719424089686903],[-101.875868728688999,35.717500443690803],[-101.875883145751004,35.715584591923097],[-101.875897479269,35.713388365124302],[-101.875921450812996,35.711304958923698],[-101.875940645114994,35.709112421051003],[-101.875959839418002,35.706951064206002],[-101.875993450783,35.70477797078],[-101.875998228922001,35.702682663421001],[-101.87602211782,35.700540584422797],[-101.876036533984006,35.6984061319272],[-101.876070146247002,35.696583319603803],[-101.876060506425006,35.694729326742198],[-101.876070146247002,35.692696044896699],[-101.876084563309007,35.690499148090304],[-101.876098979472005,35.688348938591702],[-101.876132422851995,35.686218174227697],[-101.876151617155003,35.684126219346602],[-101.876166034216993,35.681979781215603],[-101.876204423719997,35.679844994699003],[-101.876209201858998,35.677854125091898],[-101.876247674905997,35.675688073867803],[-101.876257145843994,35.673638782751802],[-101.876290758107004,35.671484129936601],[-101.876314729651,35.669571044680197],[-101.876329146713005,35.667490487871497],[-101.876348341015003,35.665635740798201],[-101.876362757178995,35.663808234904003],[-101.876386646076995,35.661910655397797],[-101.876429812821996,35.660098655035597],[-101.876429812821996,35.658333426399501],[-101.876468202325,35.6565291380549],[-101.876506508285999,35.654654777371299],[-101.876338701194001,35.652846549654598],[-101.876180451278998,35.651084925095198],[-101.876007867845004,35.6489765410495],[-101.875815923020994,35.647004529601901],[-101.875657672208007,35.645083146727799],[-101.875494645051006,35.6431031738637],[-101.875327006842994,35.641083638222],[-101.875158361622994,35.639273984857198],[-101.875004471232003,35.6371389463147],[-101.874804058888998,35.635005751917703],[-101.874642623547004,35.633194170674599],[-101.874461825918004,35.630885962774002],[-101.874315227151996,35.628609437760602],[-101.874114815707003,35.6268454665245],[-101.873968131601004,35.625089373838598],[-101.873821532834995,35.623325235122898],[-101.875468743927001,35.6216088725388],[-101.877115955917006,35.619944059388502],[-101.878792504190002,35.618235491992998],[-101.880464275221996,35.616514855436499],[-101.882150545960997,35.614806287079503],[-101.883455607626004,35.613471050075098],[-101.884750947723006,35.612131958114503],[-101.886447025370003,35.610423139116399],[-101.888123658083998,35.6087144881119],[-101.889795261130999,35.6069936832628],[-101.891515814276005,35.605229124931803],[-101.893211976364995,35.603615692548303],[-101.894751647438994,35.6020219572641],[-101.896364660567002,35.600360747893198],[-101.897963006002001,35.598735245564399],[-101.899571157446999,35.597101696483598],[-101.901115775544,35.595523719017002],[-101.902508846954007,35.594100890440799],[-101.903877444662996,35.592685857904698],[-101.905348636265003,35.591191365691202],[-101.906829719216006,35.589680945920101],[-101.908301077904994,35.588178322346501],[-101.909752740133001,35.5866877683534],[-101.911243544651995,35.5851811216857],[-101.912705013787999,35.583682520925798],[-101.91408836363,35.582267319588198],[-101.915444052547997,35.580864441035601],[-101.917162844995005,35.579142797736999],[-101.918619452448993,35.5776360675627],[-101.920188460703997,35.576057754647103],[-101.921737938685993,35.574471564141298],[-101.923282555884001,35.572877242037698],[-101.924827173083003,35.571298845584998],[-101.926435241882999,35.5696767800613],[-101.927906517028006,35.568161918768702],[-101.929583065301003,35.566460140551101],[-101.931254751891004,35.564738581529802],[-101.932955775661995,35.5630168547168],[-101.934221777679994,35.5617166535528],[-101.934226640261002,35.559633080381303],[-101.934231416602998,35.5575056695886],[-101.934241978995004,35.555411031842901],[-101.934251869446001,35.553315723989598],[-101.934241978995004,35.5512811839981],[-101.934256814671002,35.549315460600297],[-101.934261843439998,35.547329452548396],[-101.934261843439998,35.5451285325043],[-101.934276847101998,35.543211255479903],[-101.934276847101998,35.541427753785797],[-101.934286737554004,35.539644252633799],[-101.934291767220998,35.537864691319399],[-101.934301741214995,35.536081021756999],[-101.934286737554004,35.534183862532799],[-101.934266873108001,35.532501530061701],[-101.934246924220005,35.530770499841097],[-101.934231920558005,35.529035361687001],[-101.934212055214005,35.526858246846103],[-101.934197051552005,35.5251554631527],[-101.934182131434,35.523112039203198],[-101.934187161100994,35.5210402834348],[-101.934197051552005,35.519223757451599],[-101.934187161100994,35.5174154453113],[-101.934202081218999,35.5152136876968],[-101.934202081218999,35.513178141720701],[-101.934212055214005,35.511033045881803],[-101.934212055214005,35.509167737069703],[-101.934226975333004,35.507265883048099],[-101.934222030106994,35.505161270458601],[-101.934226975333004,35.503007876606397],[-101.934226975333004,35.500781391249802],[-101.934246924220005,35.498688681766097],[-101.934251869446001,35.496591864546502],[-101.934251869446001,35.494470655839898],[-101.934276847101998,35.492288679613203],[-101.934266873108001,35.490029420508201],[-101.934251869446001,35.487786339586997],[-101.935258116412996,35.485839391620502],[-101.936209630826994,35.483949189230998],[-101.937126275335999,35.482131824930399],[-101.938047865070999,35.480253691616902],[-101.939064004285996,35.478257876385598],[-101.940030520563994,35.4763268538399],[-101.940932162310006,35.474553996759703],[-101.941903541168998,35.472618867404499],[-101.942870058346998,35.4706836534328],[-101.943836407538996,35.4688214455268],[-101.943637170192005,35.466886148214201],[-101.943487721070994,35.464967027966203],[-101.943353274713999,35.463169696377498],[-101.943206675050007,35.461303465821601],[-101.943049263263006,35.459314356015099],[-101.942886738265003,35.457345865938201],[-101.942739552,35.4553732687422],[-101.942571913791994,35.453446017680697],[-101.942409556778998,35.451407119790403],[-101.942272428951,35.449628731339402],[-101.941972943211994,35.4457864667419],[-101.941825672505999,35.444086533370204],[-101.941607324399001,35.441608926120502],[-101.941439854175997,35.439085722938401],[-101.941231648048998,35.436583137607997],[-101.941084461784996,35.4348996318923],[-101.940942219847997,35.4329843679687],[-101.940789922169998,35.431056697889197],[-101.940637622694993,35.429145372095498],[-101.940490435531999,35.427333372036699],[-101.940322881764999,35.425144856911601],[-101.940170583189001,35.423229341224797],[-101.940013170502993,35.421301420085598],[-101.939865900694997,35.4193982237123],[-101.939728856410994,35.417743218105997],[-101.939571443725001,35.415835831339798],[-101.939403973501996,35.413746390243404],[-101.939246561714,35.411669187528197],[-101.939068865069999,35.409591983985699],[-101.938916565594994,35.407485779688301],[-101.938713472678998,35.405391896607],[-101.938749011827994,35.4033310382585],[-101.938754041495002,35.401290883018298],[-101.938764267018001,35.3992341317227],[-101.938764267018001,35.397181487236899],[-101.938784551875003,35.395087268403898],[-101.938794776500004,35.392943429807701],[-101.938794776500004,35.3908905336422],[-101.938835345317003,35.388999073308497],[-101.938784551875003,35.3862507313303],[-101.938815061357005,35.3843260789426],[-101.938820006583001,35.382624887308602],[-101.938835345317003,35.380443329644898],[-101.938855629276006,35.378216341304501],[-101.938870800922999,35.375989270256198],[-101.938881027343996,35.373778626596803],[-101.938881027343996,35.371725396518698],[-101.938881027343996,35.369642995179198],[-101.938891168425002,35.3675066159024],[-101.938875913234995,35.365337295629601],[-101.938892426066005,35.363549435211802],[-101.938892426066005,35.361806754236198],[-101.938892426066005,35.360000789891401],[-101.938918326293006,35.358338155339901],[-101.938908016328,35.356160621245699],[-101.938908016328,35.353957772924304],[-101.938908016328,35.352024989871502],[-101.938908016328,35.350113244586503],[-101.938902819573997,35.348205692058002],[-101.938902819573997,35.346276847531001],[-101.938908016328,35.344352362955298],[-101.938913129539003,35.342385465559097],[-101.938908016328,35.340173817452097],[-101.938901311302999,35.3381515987098],[-101.936648171279998,35.3381176523338],[-101.934495615619994,35.338088148199503],[-101.932447915810997,35.338043556353298],[-101.929655736312995,35.3380129617791],[-101.926970845303003,35.337973567675199],[-101.924643861967994,35.337965772098798],[-101.922362055806005,35.337927718272397],[-101.922243032623996,35.336328032171103],[-101.922123925899001,35.334774697658901],[-101.921963579315999,35.332596576691898],[-101.921823853559999,35.330781474774099],[-101.921694521312006,35.328924046008297],[-101.921523781220998,35.327117242367997],[-101.921415152444993,35.325475060266299],[-101.921244328810005,35.323777975966898],[-101.921270229037006,35.3218106591614],[-101.921259835529,35.3198939690202],[-101.921290932508995,35.317956072871702],[-101.921290932508995,35.3157015930027],[-101.921296129262998,35.3134637926211],[-101.921286070826994,35.311196991082397],[-101.921311635980999,35.310612520739099],[-101.921304427001004,35.310026038326797]]]}},
{"type":"Feature","properties":{"OBJECTID":18206,"name":"Not Available","operator":"Not Available","circuits":null,"cables":"3","TYPE":"AC; OVERHEAD","OWNER":"SOUTHWESTERN PUBLIC SERVICE CO","VOLTAGE":345.0,"VOLT_CLASS":"345","SUB_1":"OGALLALA","SUB_2":"NOT AVAILABLE","Shape__Length":88565.131078276798,"stroke":"#999999"},"geometry":{"type":"MultiLineString","coordinates":[[[-101.795057039415994,34.399564689167299],[-101.794426553240001,34.3995613366477],[-101.794410208393998,34.400108172118202],[-101.794399982870999,34.402236755846502],[-101.794412974306994,34.404158643062303],[-101.794405179625002,34.406387474777802],[-101.794428564567994,34.4085475749308],[-101.794418171060002,34.410750590752798],[-101.794423368712998,34.412953438871298],[-101.794438958076,34.414932992330598],[-101.794428564567994,34.416914642086901],[-101.794405179625002,34.418902745329099],[-101.794399982870999,34.4208563991197],[-101.794428564567994,34.423039634078599],[-101.794397300501004,34.425248768112198],[-101.794394701675003,34.427483467948299],[-101.794381710240003,34.429591432390801],[-101.794402580799002,34.431671569123203],[-101.794379112312001,34.433768638032298],[-101.79437391466,34.435859335975302],[-101.794389505820007,34.4379371259365],[-101.794376512586993,34.440027740334102],[-101.794371735346999,34.442183230249903],[-101.794355810013002,34.444270072827997],[-101.794379781556998,34.4464225449086],[-101.794363772680001,34.4486869165044],[-101.794334519941003,34.4506134970445],[-101.794326557274005,34.452491546095999],[-101.794363772680001,34.454395998458203],[-101.794334519941003,34.456328864837602],[-101.794283977129993,34.458445966156297],[-101.794230751949002,34.460538927775197],[-101.794166965276005,34.4626559445637],[-101.794100329147,34.4647707835191],[-101.794023215966007,34.466896433778302],[-101.793985917016997,34.468997944105197],[-101.793911401764007,34.471040194953197],[-101.793887512865993,34.473268859293299],[-101.793884831395005,34.475510599859398],[-101.793887512865993,34.477739095934403],[-101.793876867829994,34.4799389261131],[-101.793860942495996,34.482134481974001],[-101.793842251249998,34.484057961169597],[-101.794291939797006,34.485689750908698],[-101.794270649723998,34.487740382919199],[-101.794254724390996,34.489830326488203],[-101.794273332093994,34.491902751719898],[-101.794244078456998,34.494003675925903],[-101.794233434318997,34.496097894326198],[-101.794222705739003,34.498187755042899],[-101.794241480528996,34.5002007526396],[-101.794228069580001,34.502301341169101],[-101.794238715513998,34.504391033795898],[-101.794225471651998,34.506517941317199],[-101.794249359651999,34.508609645342197],[-101.794257322318998,34.510729847539601],[-101.794267716725003,34.512851139420803],[-101.794263943800999,34.514262233910799],[-101.794284480187002,34.515520188759503],[-101.794287581171005,34.517571827974798],[-101.794274170221996,34.519317861854503],[-101.794266124011997,34.521070434525498],[-101.794276852590997,34.523224666355603],[-101.794284982345005,34.525394238764697],[-101.794276852590997,34.527495498506497],[-101.794276852590997,34.529583262740999],[-101.794287581171005,34.531655687548401],[-101.794282217329993,34.533752253687098],[-101.794250030694002,34.535837754254302],[-101.794255478078,34.538002548519998],[-101.794224129569002,34.538803523426502],[-101.794252712165004,34.540008589787703],[-101.794239301215995,34.5420938396569],[-101.794196469542996,34.544395342243],[-101.794193871614993,34.546010619658297],[-101.794204516652002,34.548069382491697],[-101.794177778296998,34.550147842519699],[-101.794172330015002,34.552380781567102],[-101.794172330015002,34.554587150745398],[-101.794164367348003,34.556848587634001],[-101.794142909290997,34.558891593085299],[-101.794140227819994,34.560894867838002],[-101.794140227819994,34.563045832169102],[-101.794118853306003,34.565183551945601],[-101.793958004564999,34.567248350692502],[-101.793805370916004,34.569306526595497],[-101.793644772804996,34.571419939727299],[-101.792364017755006,34.573488426214702],[-101.792376507032003,34.575810129316302],[-101.792375920431994,34.578002835068297],[-101.792369802007002,34.580208532698101],[-101.793144373461999,34.581871669302899],[-101.794096557120994,34.583853990630097],[-101.794105945414003,34.586044433382803],[-101.794077530802994,34.588176118812001],[-101.794081301931001,34.590240581679097],[-101.794065208611997,34.592278389572598],[-101.794089349038998,34.594373446580697],[-101.794081301931001,34.5964595335155],[-101.794070573350993,34.598534641964399],[-101.794062527140994,34.600596422834002],[-101.794075938090003,34.602684774318199],[-101.794073255721003,34.604640523591698],[-101.794057162401998,34.606847729292497],[-101.794078620459004,34.608880760171999],[-101.794081301931001,34.6110018851967],[-101.794062527140994,34.6131360855967],[-101.794043752351996,34.615252683103698],[-101.794057162401998,34.617322845597499],[-101.794038471156,34.619476827315701],[-101.794043752351996,34.621681434901802],[-101.794046433822999,34.6238793375664],[-101.794057162401998,34.625903064611201],[-101.794038471156,34.627937771711402],[-101.794043752351996,34.629978932862002],[-101.794062527140994,34.6319275582388],[-101.794049116191999,34.633878361898802],[-101.794051882104995,34.635811479916498],[-101.794046433822999,34.637949452521703],[-101.794059844771994,34.640021374677403],[-101.794086666669003,34.642108552500801],[-101.794078620459004,34.644193550828298],[-101.794086666669003,34.6463512203268],[-101.794067975423005,34.6484272505676],[-101.794078620459004,34.650520881720901],[-101.794086666669003,34.652616692420203],[-101.794075938090003,34.654721221449797],[-101.794083901655,34.656819043721697],[-101.794078620459004,34.658927930550298],[-101.794059844771994,34.660994824185401],[-101.794067975423005,34.6631124283807],[-101.794059844771994,34.665207820201502],[-101.794008966888995,34.667331961818498],[-101.794011649257996,34.669429533564902],[-101.794017013098994,34.671520483541798],[-101.794003603047997,34.673620065836097],[-101.793984826461994,34.675750577809701],[-101.793998238309001,34.677832475241402],[-101.793992873571,34.679925353175697],[-101.793974182325002,34.682022588284802],[-101.793950041898,34.684139522004998],[-101.793966135215996,34.686245559441801],[-101.793952724267001,34.688369030067697],[-101.793923219101998,34.690549750551597],[-101.793947360426998,34.6927018877455],[-101.793960770477,34.694842793367499],[-101.793979546165005,34.696983782460698],[-101.793984826461994,34.699126784111499],[-101.794000919780999,34.7012697849161],[-101.794017013098994,34.7034215879562],[-101.794014331628006,34.705597446146399],[-101.794022377838004,34.707799790119203],[-101.794043752351996,34.709993251656698],[-101.794051882104995,34.7121887233873],[-101.794036626915002,34.714415879129902],[-101.794052720232997,34.716701540014498],[-101.794033944545006,34.719007066465402],[-101.794020533597006,34.721198095454902],[-101.793999159980999,34.723395578504402],[-101.793993711699002,34.7255908000107],[-101.793988431401999,34.727812338861298],[-101.793975020453004,34.730042679539302],[-101.793969655713994,34.732231027060998],[-101.793948282098,34.734437060169498],[-101.793942833816004,34.736550557112999],[-101.793945515287007,34.738646367370798],[-101.793964375417005,34.740739999985898],[-101.793964375417005,34.742844444554898],[-101.793953645938998,34.744951067663003],[-101.793964375417005,34.747046627187103],[-101.793983150206003,34.749124166578397],[-101.793972421627004,34.751191059208402],[-101.793948365641995,34.753262227410097],[-101.793942917359004,34.755311435378502],[-101.793940319431996,34.757367181645897],[-101.793921542844998,34.759438265055799],[-101.793897403317004,34.761498285625699],[-101.793905450425001,34.763578087179802],[-101.793884076810002,34.765673144535903],[-101.793867983492007,34.767776917648803],[-101.793854572542998,34.769900640681101],[-101.793854572542998,34.7720175742419],[-101.793833114486006,34.774167532754397],[-101.793817021167001,34.776282118920399],[-101.793822469448997,34.7783615855829],[-101.793825151818993,34.780121868876201],[-101.793790282813006,34.781904196612402],[-101.793768824756,34.783673197381198],[-101.793739320488001,34.785470780214098],[-101.793755413807006,34.787666420054002],[-101.793739320488001,34.789904053441397],[-101.793707218292994,34.792134895885901],[-101.793688442605998,34.794229282062297],[-101.793645610932998,34.796361051747901],[-101.793610826367996,34.798532216597899],[-101.793570677065006,34.800734393117203],[-101.793562546413995,34.8029098323982],[-101.793525079480006,34.805098598853299],[-101.793468836857997,34.807296082979903],[-101.793482247807006,34.809460457441901],[-101.793476883067996,34.811635729105802],[-101.793442014959993,34.8138088214818],[-101.793428604010998,34.815951067800199],[-101.793417958974999,34.818062469723799],[-101.793412510693003,34.820178229819803],[-101.793377726128995,34.822296085246201],[-101.793399183288003,34.824462220473102],[-101.793396417375007,34.826639419649901],[-101.793396417375007,34.828812176732399],[-101.793391136178997,34.830986944821802],[-101.793409828324002,34.833148554167103],[-101.793385772338993,34.835314438605899],[-101.793428604010998,34.837467161760301],[-101.793455425011004,34.839474544280201],[-101.793468836857997,34.841444626793297],[-101.793455425011004,34.843432227424202],[-101.793463472119001,34.8454066681672],[-101.793458108278998,34.847398544133497],[-101.793484846633007,34.849698119070901],[-101.793452743540001,34.8520351613152],[-101.793444780873003,34.854226945223701],[-101.793468836857997,34.856418728977403],[-101.793463472119001,34.858616966845297],[-101.793447378801005,34.860841524051501],[-101.793474536668995,34.863067674378399],[-101.79346112572,34.865294326095203],[-101.793458443350005,34.867527516299603],[-101.793477219037996,34.869749726814902],[-101.793509322131001,34.871949893109701],[-101.793498676197004,34.874193896186497],[-101.793517451884995,34.876435635957797],[-101.793549554978,34.878642171836901],[-101.793584339541994,34.8808706685885],[-101.793587021012996,34.883107798941403],[-101.793581741615,34.8852372210144],[-101.793608562613997,34.887050142904201],[-101.793616526178994,34.8894717589694],[-101.793611162337996,34.8915812322345],[-101.793629937128003,34.893703949311899],[-101.793637983338002,34.895806717407297],[-101.793635218323004,34.897927087720099],[-101.793651311641995,34.9001220563907],[-101.793675451170003,34.902316940616302],[-101.793686179749002,34.904529344188198],[-101.793704954538995,34.906781226539003],[-101.793712917205994,34.909037551158001],[-101.793731777334997,34.911276189331801],[-101.793718366386003,34.913488341934901],[-101.793731777334997,34.9156543935865],[-101.793758515689007,34.917809296431798],[-101.793782655217996,34.919981718873302],[-101.793782655217996,34.922165120368803],[-101.793806711203004,34.9243177605086],[-101.793798748536005,34.926503258399897],[-101.793814757413003,34.928591945079702],[-101.793825571331993,34.930667554679999],[-101.793841580209005,34.932729839263999],[-101.793846944048994,34.934809724533601],[-101.793857673527,34.9368851672427],[-101.793860355896996,34.938964885289103],[-101.793879047142994,34.941035718377101],[-101.793881477984002,34.943131193273203],[-101.793892123020001,34.945245864255703],[-101.793894721846002,34.947342932485498],[-101.793910814265999,34.949444359790697],[-101.793916263447002,34.9515479656691],[-101.793929673497004,34.953647045442203],[-101.793964458960005,34.955750483835601],[-101.793961776589995,34.957871440718101],[-101.793969822799994,34.959983681126197],[-101.793988514944999,34.962108828584597],[-101.793996562052996,34.964212099129398],[-101.794018019212004,34.966328445826498],[-101.794028747791998,34.968451330730602],[-101.794036711356,34.970600535112197],[-101.794042159639005,34.972727777451702],[-101.794042159639005,34.9748679291732],[-101.794074261833998,34.976990645776397],[-101.794087672782993,34.979119816939402],[-101.794095718993006,34.981255526060103],[-101.794111728768002,34.983375980214198],[-101.794141233035006,34.985487381274403],[-101.794146681317002,34.987557124321199],[-101.794165372563,34.989622341936403],[-101.794165372563,34.991711782883698],[-101.794186830620006,34.993801056428602],[-101.794197559200001,34.995896950462203],[-101.794213568974996,34.9979817813973],[-101.793715348047002,34.999770227917999],[-101.793790367254005,35.001903255555597],[-101.793784918073996,35.004095458173502],[-101.793795646652995,35.006278776128802],[-101.793806376131002,35.008451197766099],[-101.793825151818993,35.010629989321103],[-101.793838562768002,35.012863682719299],[-101.793849207804001,35.015029147592301],[-101.793870664962995,35.017229732718299],[-101.793876029702005,35.019428138391604],[-101.793886758281005,35.021619838251503],[-101.793900170127998,35.023824698122802],[-101.793913580178994,35.026014050455203],[-101.793921542844998,35.028214467943599],[-101.793940319431996,35.030401557749201],[-101.793959010677995,35.032608262415401],[-101.793972421627004,35.034786466967802],[-101.793977869909,35.036907675041903],[-101.793991280857995,35.039122928592498],[-101.794007374176005,35.041322926230997],[-101.794018019212004,35.043507585340201],[-101.794034112529999,35.045716133607698],[-101.794034112529999,35.047918143066099],[-101.794044841109994,35.050113447300802],[-101.794020701581005,35.051538958075803],[-101.794468042830005,35.052188136187098]]]}},
{"type":"Feature","properties":{"OBJECTID":19773,"name":"Not Available","operator":"Not Available","circuits":null,"cables":"3","TYPE":"AC; OVERHEAD","OWNER":"BIG COUNTRY ELECTRIC COOP, INC","VOLTAGE":345.0,"VOLT_CLASS":"345","SUB_1":"ABILENE MULBERRY CREEK","SUB_2":"UNKNOWN304583","Shape__Length":722.33980004395721,"stroke":"#999999"},"geometry":{"type":"MultiLineString","coordinates":[[[-99.825578517391804,32.524993618978797],[-99.8224537438456,32.524735372196901],[-99.8191060120392,32.524653481101502]]]}},
{"type":"Feature","properties":{"OBJECTID":19774,"name":"Not Available","operator":"Not Available","circuits":null,"cables":"3","TYPE":"AC; OVERHEAD","OWNER":"BIG COUNTRY ELECTRIC COOP, INC","VOLTAGE":345.0,"VOLT_CLASS":"345","SUB_1":"ABILENE MULBERRY CREEK","SUB_2":"UNKNOWN304583","Shape__Length":722.90710593718791,"stroke":"#999999"},"geometry":{"type":"MultiLineString","coordinates":[[[-99.8191060120392,32.524653481101502],[-99.822426838404596,32.524971657559902],[-99.825578517391804,32.524993618978797]]]}},
{"type":"Feature","properties":{"OBJECTID":19775,"name":"Not Available","operator":"Not Available","circuits":null,"cables":"3","TYPE":"AC; OVERHEAD","OWNER":"BIG COUNTRY ELECTRIC COOP, INC","VOLTAGE":345.0,"VOLT_CLASS":"345","SUB_1":"ABILENE MULBERRY CREEK","SUB_2":"UNKNOWN304583","Shape__Length":260.33178519031463,"stroke":"#999999"},"geometry":{"type":"MultiLineString","coordinates":[[[-99.822716350149307,32.524120056321998],[-99.8226870129687,32.524558681904601],[-99.822674523691305,32.524745849628403],[-99.8224537438456,32.524735372196901],[-99.822247801473495,32.524725649157503],[-99.822260625822494,32.5245343738777],[-99.822289627033101,32.524099856467899],[-99.822301948325503,32.523915873148603],[-99.822313515931498,32.5237425366658]]]}},
{"type":"Feature","properties":{"OBJECTID":19778,"name":"Not Available","operator":"Not Available","circuits":null,"cables":"3","TYPE":"AC; OVERHEAD","OWNER":"BIG COUNTRY ELECTRIC COOP, INC","VOLTAGE":345.0,"VOLT_CLASS":"345","SUB_1":"UNKNOWN300835","SUB_2":"UNKNOWN301757","Shape__Length":12530.545423799067,"stroke":"#999999"},"geometry":{"type":"MultiLineString","coordinates":[[[-99.328204430379301,32.750444853199902],[-99.328106278654701,32.750988755441298],[-99.328096973905005,32.753114238325999],[-99.328083227884505,32.755088762967503],[-99.328073924033106,32.757031856046403],[-99.328064703725005,32.7586975910679],[-99.328040647739996,32.760355364422701],[-99.328016508211704,32.7620521974317],[-99.330069570962607,32.762341958658702],[-99.332076115354894,32.762620825159402],[-99.334067906715205,32.7629013677941],[-99.336385837727704,32.763261286100402],[-99.338677870310505,32.763233290760702],[-99.341214317414099,32.7632472884317],[-99.343754620985294,32.763255083464003],[-99.346293080315107,32.7632752845224],[-99.348833215901294,32.763283079552203],[-99.351371676129503,32.763297161065303],[-99.353984230300696,32.763317361358801],[-99.356554122580604,32.7633220554467],[-99.359127701546498,32.763345440522002],[-99.361693905343898,32.763353151695803],[-99.363774629019105,32.7633625398676],[-99.365616300217397,32.7633905351667],[-99.367773048315001,32.763423392994703],[-99.369944632089599,32.763460775680699],[-99.3740968582335,32.763524561972403],[-99.378267610333495,32.763594719286402],[-99.380985777635999,32.7636149187569],[-99.383277724878795,32.763636795216399],[-99.385888353062001,32.763681973563202],[-99.3884193518834,32.7637240509628],[-99.390955967870298,32.763766044493003],[-99.393516555400595,32.763806528712003],[-99.395919731143593,32.763851790822102],[-99.398093073819496,32.763868974675397],[-99.400288965107407,32.763879955177003],[-99.402479576098003,32.763890934922003],[-99.404624505061406,32.763896551323398],[-99.406784940743293,32.7638934496497],[-99.409167747187297,32.763905938682598],[-99.411828415125001,32.763927731221202],[-99.413988850806902,32.763955727097901],[-99.416603836717499,32.763988081621299],[-99.419317645394202,32.764021776211202],[-99.421584028380707,32.764064523488997],[-99.422044781476501,32.765443263838002],[-99.422508216941594,32.766835498011503],[-99.422851120055299,32.767887426785997],[-99.4228696442147,32.7681693940591]]]}},
{"type":"Feature","properties":{"OBJECTID":19785,"name":"Not Available","operator":"Not Available","circuits":null,"cables":"3","TYPE":"AC; OVERHEAD","OWNER":"ONCOR ELECTRIC DELIVERY CO.","VOLTAGE":345.0,"VOLT_CLASS":"345","SUB_1":"SWEETWATER EAST","SUB_2":"TONKAWA","Shape__Length":296.50652067695052,"stroke":"#999999"},"geometry":{"type":"MultiLineString","coordinates":[[[-100.684793415146004,32.530610332192197],[-100.684310449408002,32.528401868430301]]]}},
{"type":"Feature","properties":{"OBJECTID":19787,"name":"Not Available","operator":"Not Available","circuits":null,"cables":"6","TYPE":"AC; OVERHEAD","OWNER":"ONCOR ELECTRIC DELIVERY COMPANY LLC","VOLTAGE":345.0,"VOLT_CLASS":"345","SUB_1":"UNKNOWN302829","SUB_2":"TONKAWA","Shape__Length":6098.5579972645946,"stroke":"#999999"},"geometry":{"type":"MultiLineString","coordinates":[[[-99.756738701063199,32.939132641999898],[-99.758595126191693,32.9379180199412],[-99.759981744104707,32.9363536215346],[-99.761319159492899,32.9346683565267],[-99.762554233414093,32.932986276564897],[-99.763796850488802,32.931288270032198],[-99.765020524788994,32.929583893608502],[-99.766285941105593,32.927860323549098],[-99.767513470975004,32.9260699483374],[-99.769661668907801,32.925217760712997],[-99.771859319097004,32.9243200588094],[-99.774047835216294,32.923419423616103],[-99.776255628283394,32.922499341313497],[-99.778432408811895,32.921582445902402],[-99.780597621734401,32.9206948862698],[-99.782735760332599,32.919797435586901],[-99.784885467435103,32.918900068555097],[-99.787035174537607,32.918012341759599],[-99.789181025172496,32.9171117901721],[-99.7913268758074,32.916227331075703],[-99.793495946095803,32.915326695718299],[-99.795641713187507,32.9144519605101],[-99.797605508551996,32.913639083010999],[-99.799580955964004,32.912858643907001]]]}},
{"type":"Feature","properties":{"OBJECTID":19788,"name":"Not Available","operator":"Not Available","circuits":null,"cables":"3","TYPE":"AC; OVERHEAD","OWNER":"ONCOR ELECTRIC DELIVERY CO.","VOLTAGE":345.0,"VOLT_CLASS":"345","SUB_1":"TONKAWA","SUB_2":"NOT AVAILABLE","Shape__Length":525.07153375728501,"stroke":"#999999"},"geometry":{"type":"MultiLineString","coordinates":[[[-100.688053304294002,32.5319842940741],[-100.685162721542,32.532399868173897],[-100.684866337686003,32.530916271920603]]]}},
{"type":"Feature","properties":{"OBJECTID":19789,"name":"Not Available","operator":"Not Available","circuits":null,"cables":"3","TYPE":"AC; OVERHEAD","OWNER":"ONCOR ELECTRIC DELIVERY CO.","VOLTAGE":345.0,"VOLT_CLASS":"345","SUB_1":"TONKAWA","SUB_2":"NOT AVAILABLE","Shape__Length":559.86279288514993,"stroke":"#999999"},"geometry":{"type":"MultiLineString","coordinates":[[[-100.684644635270004,32.530956756414199],[-100.684868181029003,32.531935176113997],[-100.685052917769994,32.532564656327999],[-100.688053304294002,32.5319842940741]]]}},
{"type":"Feature","properties":{"OBJECTID":19793,"name":"Not Available","operator":"Not Available","circuits":null,"cables":"3","TYPE":"AC; OVERHEAD","OWNER":"ONCOR ELECTRIC DELIVERY CO.","VOLTAGE":345.0,"VOLT_CLASS":"345","SUB_1":"TONKAWA","SUB_2":"NOT AVAILABLE","Shape__Length":654.93490472321776,"stroke":"#999999"},"geometry":{"type":"MultiLineString","coordinates":[[[-100.683958744601,32.529922596594503],[-100.683665713257,32.528713424148997],[-100.681967539840997,32.528674782888501],[-100.681181400780005,32.5264786407798]]]}},
{"type":"Feature","properties":{"OBJECTID":19794,"name":"Not Available","operator":"Not Available","circuits":null,"cables":"3","TYPE":"AC; OVERHEAD","OWNER":"ONCOR ELECTRIC DELIVERY CO.","VOLTAGE":345.0,"VOLT_CLASS":"345","SUB_1":"SWEETWATER EAST","SUB_2":"TONKAWA","Shape__Length":650.68097346534807,"stroke":"#999999"},"geometry":{"type":"MultiLineString","coordinates":[[[-100.683709801673004,32.529954867003902],[-100.683475863305006,32.528964964193001],[-100.681708119861995,32.5288625373447],[-100.681181400780005,32.5264786407798]]]}},
{"type":"Feature","properties":{"OBJECTID":19795,"name":"Not Available","operator":"Not Available","circuits":null,"cables":"3","TYPE":"AC; OVERHEAD","OWNER":"ONCOR ELECTRIC DELIVERY CO.","VOLTAGE":345.0,"VOLT_CLASS":"345","SUB_1":"SWEETWATER EAST","SUB_2":"TONKAWA","Shape__Length":12484.295836130725,"stroke":"#999999"},"geometry":{"type":"MultiLineString","coordinates":[[[-100.683263717168003,32.530022928082801],[-100.683081243282004,32.529253553294502],[-100.681565543751006,32.5290301759755],[-100.681213502974998,32.5275523621034],[-100.680859618854996,32.526076057680598],[-100.678769675769999,32.526455673885302],[-100.676609240987005,32.526854065318503],[-100.674502532643004,32.527252374700403],[-100.672325417042998,32.527599133008799],[-100.670011257157995,32.527958465779697],[-100.668308473587999,32.526471264380199],[-100.666492619072997,32.524894963349901],[-100.664851023349001,32.523401476799499],[-100.663220574820997,32.5219079889063],[-100.661769751619005,32.520581552643698],[-100.660128155896004,32.519080186394604],[-100.658429059910006,32.517525593965097],[-100.656728120579999,32.515969494496197],[-100.655034640861004,32.514430492355402],[-100.653368905609994,32.512908674022903],[-100.651734601512004,32.511403955529602],[-100.650094263430006,32.509899487596897],[-100.648287628323999,32.508305668945802],[-100.646497839324994,32.506711850070403],[-100.645782612374006,32.507168160505103],[-100.644228021180993,32.505391532815302],[-100.642692036792994,32.503628985641903],[-100.641274656971007,32.501910025149797],[-100.639857277149005,32.500170780352697],[-100.638436041758993,32.498428350118402],[-100.637007514743004,32.496698493578201],[-100.635465914087007,32.494915326404197],[-100.633965134674,32.493121264678201],[-100.632430910983999,32.4920226485442],[-100.630919067022006,32.490906765984001],[-100.628562243448997,32.491355281035297],[-100.626173904281004,32.4918053888101],[-100.623768968739,32.492258682720397],[-100.621371324820998,32.492714992994799],[-100.618973765345004,32.493171219882001],[-100.616600261854998,32.493615126010198],[-100.614182250434993,32.494076130817099],[-100.611782846717006,32.494534033603003],[-100.609242543145996,32.494999732792202],[-100.606639375472,32.495482698374801],[-100.604034280910994,32.495956191303797],[-100.601899745455,32.496417196235697],[-100.599705949037997,32.496893790641799],[-100.597430681714002,32.497381366225902],[-100.597508465036995,32.497737681619903],[-100.597086352974003,32.497811190355101]]]}},
{"type":"Feature","properties":{"OBJECTID":19797,"name":"Not Available","operator":"Not Available","circuits":null,"cables":"3","TYPE":"AC; OVERHEAD","OWNER":"TAYLOR ELECTRIC COOP INC - (TX)","VOLTAGE":345.0,"VOLT_CLASS":"345","SUB_1":"ABILENE MULBERRY CREEK","SUB_2":"SWEETWATER EAST","Shape__Length":444.50355760621818,"stroke":"#999999"},"geometry":{"type":"MultiLineString","coordinates":[[[-100.216791024650007,32.463848054240898],[-100.215868679433001,32.463860291871903],[-100.212813308826995,32.464117867620502]]]}},
{"type":"Feature","properties":{"OBJECTID":19798,"name":"Not Available","operator":"Not Available","circuits":null,"cables":"3","TYPE":"AC; OVERHEAD","OWNER":"ONCOR ELECTRIC DELIVERY CO.","VOLTAGE":345.0,"VOLT_CLASS":"345","SUB_1":"NOT AVAILABLE","SUB_2":"NOT AVAILABLE","Shape__Length":274.06374708926603,"stroke":"#999999"},"geometry":{"type":"MultiLineString","coordinates":[[[-100.862107630826998,32.599004817930798],[-100.861777384077001,32.599004398665599],[-100.861537912985,32.599004063404898],[-100.861209928194,32.5990035608922],[-100.860965345688001,32.599003141627101],[-100.860965764303003,32.598816224858503],[-100.860966267359004,32.598596786508402],[-100.860966517988999,32.598442643679697],[-100.860966853958999,32.598299145009896],[-100.860967356117996,32.598071242052903],[-100.860967775630996,32.597891365417198]]]}},
{"type":"Feature","properties":{"OBJECTID":19799,"name":"Not Available","operator":"Not Available","circuits":null,"cables":"3","TYPE":"AC; OVERHEAD","OWNER":"SHARYLAND UTILITIES LP","VOLTAGE":345.0,"VOLT_CLASS":"345","SUB_1":"SAN ANGELO RED CREEK","SUB_2":"BROWN","Shape__Length":369.08460157424838,"stroke":"#999999"},"geometry":{"type":"MultiLineString","coordinates":[[[-100.320442979198006,31.529354447588702],[-100.320714302753998,31.529353692609401],[-100.320905074376995,31.529353190310701],[-100.321134235504005,31.529352435331401],[-100.321276560086005,31.529352016493899],[-100.321726081546004,31.529350759215902],[-100.321726919674006,31.529559133287101],[-100.321517708333005,31.529559720577002],[-100.321277314670994,31.529560474023299],[-100.321127110966003,31.529560892859799],[-100.320905828961997,31.529561563610699],[-100.320719666594002,31.5295620666739],[-100.320443818225002,31.5295628208859],[-100.320442979198006,31.529354447588702],[-100.320442141070004,31.529132494887101]]]}},
{"type":"Feature","properties":{"OBJECTID":19802,"name":"Not Available","operator":"Not Available","circuits":null,"cables":"3","TYPE":"AC; OVERHEAD","OWNER":"SHARYLAND UTILITIES LP","VOLTAGE":345.0,"VOLT_CLASS":"345","SUB_1":"SAN ANGELO RED CREEK","SUB_2":"BROWN","Shape__Length":261.03600271200003,"stroke":"#999999"},"geometry":{"type":"MultiLineString","coordinates":[[[-100.322151128406006,31.529427872745401],[-100.320890657315005,31.5297777327592],[-100.319936042815996,31.5294731347051]]]}},
{"type":"Feature","properties":{"OBJECTID":19803,"name":"Not Available","operator":"Not Available","circuits":null,"cables":"3","TYPE":"AC; OVERHEAD","OWNER":"TAYLOR ELECTRIC COOP INC - (TX)","VOLTAGE":345.0,"VOLT_CLASS":"345","SUB_1":"ABILENE MULBERRY CREEK","SUB_2":"BLUFF CREEK","Shape__Length":340.15147169025056,"stroke":"#999999"},"geometry":{"type":"MultiLineString","coordinates":[[[-100.020117964578006,32.195859749954501],[-100.021806834143007,32.196841690319197],[-100.022578723229003,32.196295022767799]]]}},
{"type":"Feature","properties":{"OBJECTID":19804,"name":"Not Available","operator":"Not Available","circuits":null,"cables":"3","TYPE":"AC; OVERHEAD","OWNER":"COLEMAN COUNTY ELEC COOP, INC","VOLTAGE":345.0,"VOLT_CLASS":"345","SUB_1":"SAN ANGELO RED CREEK","SUB_2":"BLUFF CREEK","Shape__Length":304.37206673120943,"stroke":"#999999"},"geometry":{"type":"MultiLineString","coordinates":[[[-100.022475542736004,32.196179017066399],[-100.021774312434999,32.196601046076204],[-100.020117964578006,32.195859749954501]]]}},
{"type":"Feature","properties":{"OBJECTID":19805,"name":"Not Available","operator":"Not Available","circuits":2,"cables":"6","TYPE":"AC; OVERHEAD","OWNER":"SHARYLAND UTILITIES LP","VOLTAGE":345.0,"VOLT_CLASS":"345","SUB_1":"SAN ANGELO RED CREEK","SUB_2":"BROWN","Shape__Length":53962.294244256394,"stroke":"#999999"},"geometry":{"type":"MultiLineString","coordinates":[[[-100.319936042815996,31.5294731347051],[-100.318918143801,31.532799492556801],[-100.315202446783005,31.532797733045101],[-100.311359427946002,31.532797733045101],[-100.307880518752,31.532793039482399],[-100.304005062648997,31.532793039482399],[-100.300207221883994,31.532795720862001],[-100.296257249630003,31.532790273113399],[-100.292611624797004,31.532790273113399],[-100.289046968714999,31.532784741140599],[-100.286667263254998,31.534244533542999],[-100.284060910153997,31.535847824318601],[-100.281904666011002,31.537177947688001],[-100.279117012225001,31.538877797264899],[-100.276021742946,31.540789961368699],[-100.272936280574996,31.542699442723301],[-100.269769848555995,31.544639266051298],[-100.266703748473006,31.546512790007402],[-100.263851303696995,31.546438274350301],[-100.260273738823003,31.546347163596199],[-100.257026338054004,31.546394018138599],[-100.254358546475999,31.546438274350301],[-100.250806715641005,31.546504491354],[-100.247776321792998,31.546813448041199],[-100.244438228909999,31.547155681540598],[-100.240863850360995,31.5475225576123],[-100.236946316271002,31.547928158199898],[-100.233394568978994,31.548706249828601],[-100.230606915192993,31.548711782388999],[-100.227563529909006,31.548714547520799],[-100.223807850675001,31.5487228459777],[-100.220084441620003,31.548717397627399],[-100.216257516102004,31.5487228459777],[-100.212893607433998,31.5500223759968],[-100.209196181249993,31.551479150641299],[-100.205680056649996,31.5528338337826],[-100.202053878547005,31.553435319429301],[-100.198511853721001,31.554045019570601],[-100.195607607593999,31.554533349250299],[-100.192632199624995,31.555038274461801],[-100.189122613861997,31.5556369939838],[-100.185182867131005,31.556309222375599],[-100.181968742655002,31.555911585542599],[-100.178589159284002,31.5554799173924],[-100.174964572994995,31.555025869720499],[-100.171578367243001,31.554602751080601],[-100.167923941615996,31.554145853791901],[-100.164713169652003,31.553739666299599],[-100.160807204066998,31.5532460558526],[-100.157093349494005,31.552789074604],[-100.153276733940004,31.552315161847201],[-100.149569837716996,31.5518385666164],[-100.145644004990999,31.5513533384939],[-100.142065854414994,31.550899122994199],[-100.138229457959,31.550416828842302],[-100.134492301986,31.549951465727101],[-100.130526823910998,31.5494436889315],[-100.126700317008002,31.548969776791399],[-100.123132056884003,31.5485240273009],[-100.119305550879005,31.548038882229399],[-100.115671074139001,31.5475875175798],[-100.111788324613997,31.5470854412488],[-100.111647799689919,31.547068427246394]]]}},
{"type":"Feature","properties":{"OBJECTID":19890,"name":"Not Available","operator":"Not Available","circuits":null,"cables":"3","TYPE":"AC; OVERHEAD","OWNER":"ONCOR ELECTRIC DELIVERY CO.","VOLTAGE":345.0,"VOLT_CLASS":"345","SUB_1":"SWEETWATER EAST","SUB_2":"UNKNOWN302589","Shape__Length":790.47160460944713,"stroke":"#999999"},"geometry":{"type":"MultiLineString","coordinates":[[[-100.356394555795006,32.437826855094102],[-100.352839539534003,32.438464466275903],[-100.349418800745994,32.438938379652299]]]}},
{"type":"Feature","properties":{"OBJECTID":19892,"name":"Not Available","operator":"Not Available","circuits":null,"cables":"3","TYPE":"AC; OVERHEAD","OWNER":"ONCOR ELECTRIC DELIVERY CO.","VOLTAGE":345.0,"VOLT_CLASS":"345","SUB_1":"UNKNOWN300957","SUB_2":"UNKNOWN305477","Shape__Length":486.09134411711489,"stroke":"#999999"},"geometry":{"type":"MultiLineString","coordinates":[[[-100.356394555795006,32.437826855094102],[-100.353616708917002,32.438169674574503],[-100.352472831065,32.438343766541003],[-100.352394039832006,32.438015447402698]]]}},
{"type":"Feature","properties":{"OBJECTID":19942,"name":"Not Available","operator":"Not Available","circuits":null,"cables":"3","TYPE":"AC; OVERHEAD","OWNER":"AEP TEXAS NORTH CO.","VOLTAGE":345.0,"VOLT_CLASS":"345","SUB_1":"SAN ANGELO RED CREEK","SUB_2":"NOT AVAILABLE","Shape__Length":263.5920643132398,"stroke":"#999999"},"geometry":{"type":"MultiLineString","coordinates":[[[-100.598725601398996,31.514461397981201],[-100.597119042667003,31.515944324681399]]]}},
{"type":"Feature","properties":{"OBJECTID":19943,"name":"Not Available","operator":"Not Available","circuits":null,"cables":"3","TYPE":"AC; OVERHEAD","OWNER":"AEP TEXAS NORTH CO.","VOLTAGE":345.0,"VOLT_CLASS":"345","SUB_1":"SAN ANGELO RED CREEK","SUB_2":"NOT AVAILABLE","Shape__Length":263.37341836118787,"stroke":"#999999"},"geometry":{"type":"MultiLineString","coordinates":[[[-100.597119042667003,31.515944324681399],[-100.598886367495993,31.514603387250201]]]}},
{"type":"Feature","properties":{"OBJECTID":19951,"name":"Not Available","operator":"Not Available","circuits":2,"cables":"6","TYPE":"AC; OVERHEAD","OWNER":"ONCOR ELECTRIC DELIVERY CO.","VOLTAGE":345.0,"VOLT_CLASS":"345","SUB_1":"NOT AVAILABLE","SUB_2":"NOT AVAILABLE","Shape__Length":68856.344226597372,"stroke":"#999999"},"geometry":{"type":"MultiLineString","coordinates":[[[-100.916235782662994,32.332881319277703],[-100.915426760816999,32.330852564036398],[-100.914361504417002,32.328264148592702],[-100.913276132940993,32.325546735629899],[-100.912219677335997,32.322938790452802],[-100.911612156591005,32.321461983004902],[-100.914301155595993,32.319812424000197],[-100.916489167760005,32.318440223025704],[-100.919388215336994,32.3166787655748],[-100.921913013088002,32.315104561217503],[-100.924426410319995,32.3135620396883],[-100.926975682670999,32.3119200238202],[-100.928918355947999,32.3112310319881],[-100.932103059699998,32.310022026207101],[-100.935305449482996,32.308810589156501],[-100.938484203692994,32.307611474445402],[-100.941721964641005,32.306384950594698],[-100.944744813537994,32.305238138603499],[-100.947888363670003,32.304056458224203],[-100.950952451527002,32.302889697620103],[-100.953754521476995,32.301822345072601],[-100.956736132312997,32.300690369124702],[-100.959823774895,32.299516065422601],[-100.962546299924995,32.298491041928301],[-100.965586834853994,32.297316737066801],[-100.968556710997007,32.2961946522462],[-100.971494233417999,32.295079942798203],[-100.974484728592003,32.293957857625998],[-100.977463405530003,32.292815822779097],[-100.980348037840997,32.291724917866603],[-100.983288409717005,32.290622698583498],[-100.986458444879005,32.289413441400903],[-100.989325307615005,32.288323542015704],[-100.992418816195993,32.287161558401401],[-100.995373940205994,32.286034359959899],[-100.998358568482999,32.284899617678299],[-101.001234232013999,32.283817263067597],[-101.004124647679006,32.282709929930903],[-101.007047332626001,32.281595135952799],[-101.009914278905995,32.280512697855301],[-101.012869318474003,32.279392875666801],[-101.015721513518002,32.278315297867003],[-101.018835641129996,32.277133282480101],[-101.021837871895002,32.275986051052598],[-101.024840018218001,32.274848794354099],[-101.027859933217997,32.273696450489503],[-101.030638534681003,32.272643766572202],[-101.033269948981996,32.271648332102998],[-101.036510561181998,32.270406469250297],[-101.039368537784,32.269311373876498],[-101.042576878906004,32.268079484973001],[-101.045476178908999,32.266934518091198],[-101.048504812957006,32.265834560410298],[-101.051424648446996,32.264734435197099],[-101.054303245876,32.263639339739797],[-101.057237834399004,32.262539298822098],[-101.060137050858003,32.261419140842598],[-101.063218741203997,32.260251877932497],[-101.066126842000997,32.259136748739699],[-101.069070147774994,32.258029164495703],[-101.072201542803001,32.256840359250702],[-101.075147781577002,32.2557130765341],[-101.078136348965998,32.2545947631763],[-101.081089628735,32.253446358710598],[-101.084340634442995,32.252226037603101],[-101.087517207543002,32.251011751278803],[-101.089967069630006,32.2500762463523],[-101.092466470210994,32.249122890112801],[-101.093122353555998,32.246796072838499],[-101.093810172907993,32.244394239408102],[-101.094473181690006,32.241947393607902],[-101.095075840752997,32.239923331817899],[-101.097947564273994,32.240028272780101],[-101.100925571068998,32.240133297960199],[-101.103878849938994,32.2402321206743],[-101.106867417328004,32.240328177568401],[-101.109671834576005,32.240451056421499],[-101.112493854312007,32.2405110707628],[-101.114901137152003,32.240592039837402],[-101.117914682198005,32.239452520647603],[-101.120899729089999,32.238309982804203],[-101.123799868120003,32.237194435215201],[-101.126685757174002,32.2361118284729],[-101.129553876654001,32.235008351555997],[-101.132510677818004,32.233880734005403],[-101.135162543164,32.232870127616003],[-101.138363927732996,32.231658523266098],[-101.141182426073001,32.230578934968399],[-101.144015174388002,32.229493226515203],[-101.146840713722995,32.2284165708271],[-101.149680502134999,32.227339999653999],[-101.152523811942999,32.226263259943302],[-101.155335269288003,32.225192555821302],[-101.157958721819995,32.224187817631602],[-101.160433478917994,32.223249043762202],[-101.163301514853998,32.222151350526602],[-101.166010126776996,32.2211195374109],[-101.168513130500997,32.220159726016597],[-101.171423830124994,32.2190650498735],[-101.174384150888997,32.217940282100997],[-101.177238104834998,32.2167884410946],[-101.180031877046005,32.215543644418297],[-101.182824979114997,32.214295998073702],[-101.185578350495007,32.2131296564907],[-101.188309425689994,32.211944455309101],[-101.191029353689999,32.210768725729103],[-101.193741904725997,32.209586793234699],[-101.196484128012997,32.208388936185997],[-101.199411675540006,32.207097116415198],[-101.201983829778001,32.206002942782597],[-101.204485073702003,32.204916983388699],[-101.206320962445005,32.204126067915503],[-101.208083006077999,32.203356441096098],[-101.210658429285004,32.202227650259097],[-101.213396964989002,32.201036079191098],[-101.216135416249998,32.199841322693203],[-101.218247739961996,32.198925766567001],[-101.220374815808,32.1979975543641],[-101.222857619115999,32.196928191310498],[-101.225325670290005,32.1958525419005],[-101.227804702471005,32.194783262346498],[-101.230687741170996,32.193519439204998],[-101.233418817263995,32.192327784504499],[-101.236364971594995,32.191048286436299],[-101.239477675377003,32.189693520135101],[-101.242474373419,32.1883951621259],[-101.245474256885998,32.187088675945297],[-101.248449915484997,32.1857808473885],[-101.251407051721003,32.184482489831602],[-101.254442054823997,32.183174578216303],[-101.257421402803004,32.181863649189303],[-101.260104366028003,32.180700072948802],[-101.262983633600001,32.179457959081603],[-101.266058031422006,32.178125989890503],[-101.269100411490001,32.176783544991501],[-101.272179838081001,32.175450571032798],[-101.275148121510995,32.174148860470901],[-101.278262669534996,32.172785460306301],[-101.281264982945004,32.171495485475397],[-101.284153051312003,32.170233087180897],[-101.287083532737,32.168956858589397],[-101.289775716269006,32.1677801234245],[-101.292611649112004,32.166542535064998],[-101.295440960473002,32.165313245282199],[-101.298267003763002,32.1640811891317],[-101.301086507318004,32.1628518995985],[-101.303912634151004,32.161614143911599],[-101.306745214482007,32.160382087932298],[-101.309568071447003,32.159152630617399],[-101.312390845767993,32.157917724466301],[-101.315236501976003,32.156688351022098],[-101.318101771998997,32.1554368496286],[-101.320810383023002,32.154243265224302],[-101.323729464826997,32.152954464513002],[-101.325864754867993,32.152113591998102],[-101.328075481832997,32.151201138140998],[-101.330865230490005,32.150073855316201],[-101.33355582131,32.148968031087897],[-101.336327130249998,32.147838820710497],[-101.339246211155,32.146666528509797],[-101.341950633335998,32.145564643185303],[-101.344922771436998,32.144355219058703],[-101.347899520591,32.143139925896698],[-101.350880879898,32.141938380952404],[-101.353862239205995,32.140715293977003],[-101.356894308411,32.139478376370597],[-101.359859575298998,32.138266939434203],[-101.362933470063993,32.137051060806499],[-101.365831345339004,32.135868374378099],[-101.368690077424006,32.134677222070202],[-101.371754334163995,32.133433766479897],[-101.374590183463994,32.132275890227497],[-101.377403233522003,32.131137292738003],[-101.380095417055003,32.130029120983899],[-101.382975354769997,32.1288601806488],[-101.385939364015996,32.127650337202198],[-101.388803627027997,32.126502434925797],[-101.391655737630998,32.125316228582697],[-101.394517151187003,32.124143767832997],[-101.397364736078003,32.122979772556803],[-101.400220114752003,32.121813431339802],[-101.403108266662002,32.120655387831398],[-101.405931040983006,32.119483596824999],[-101.408802764502994,32.118317172124002],[-101.411560326523997,32.117208833256399],[-101.414693147177999,32.115923551550999],[-101.417467054046,32.114793168157497],[-101.420283205985996,32.113634956445402],[-101.423158366460996,32.112471380300903],[-101.426088846987994,32.111271679079699],[-101.429022512939994,32.110072061010399],[-101.431962801273002,32.108883423830001],[-101.434896635211004,32.1076810388791],[-101.437820577799002,32.106475889620697],[-101.440734714377001,32.105284485270303],[-101.443733758817999,32.104076318420503],[-101.446638172929994,32.102890446131497],[-101.449532779235,32.101696276824697]]]}},
{"type":"Feature","properties":{"OBJECTID":19953,"name":"Not Available","operator":"Not Available","circuits":null,"cables":"3","TYPE":"AC; OVERHEAD","OWNER":"ONCOR ELECTRIC DELIVERY CO.","VOLTAGE":345.0,"VOLT_CLASS":"345","SUB_1":"UNKNOWN300957","SUB_2":"UNKNOWN305300","Shape__Length":339.846167049634,"stroke":"#999999"},"geometry":{"type":"MultiLineString","coordinates":[[[-101.452231835777994,32.100487774094397],[-101.449532779235,32.101696276824697]]]}},
{"type":"Feature","properties":{"OBJECTID":19958,"name":"Not Available","operator":"Not Available","circuits":null,"cables":"3","TYPE":"AC; OVERHEAD","OWNER":"ONCOR ELECTRIC DELIVERY CO.","VOLTAGE":345.0,"VOLT_CLASS":"345","SUB_1":"UNKNOWN305300","SUB_2":"NOT AVAILABLE","Shape__Length":6935.9699322846836,"stroke":"#999999"},"geometry":{"type":"MultiLineString","coordinates":[[[-101.396368211576998,32.1238881190759],[-101.397530530045003,32.123420157676399],[-101.399498348962993,32.122610382647899],[-101.401688038282998,32.121717625930401],[-101.403414458325003,32.121010025228998],[-101.405685618551999,32.120081477809997],[-101.407881928454998,32.119191488572902],[-101.409758301573007,32.118436948738903],[-101.411654371151002,32.117663047778102],[-101.414059475577005,32.116673564600298],[-101.416298113197996,32.115753146889503],[-101.418494339557,32.1148631572946],[-101.420605741597996,32.114000742698103],[-101.422622511512998,32.1131853517903],[-101.424897024252999,32.112256637268302],[-101.427148822191995,32.111325155839701],[-101.429237341447006,32.110482020103703],[-101.431329129671994,32.109627988069597],[-101.433460143730997,32.108759957964601],[-101.435672632293006,32.107853370792697],[-101.437728628941002,32.107021300313697],[-101.439800802451003,32.106161651435499],[-101.441899128615006,32.1053102179253],[-101.444079178112005,32.1044200595652],[-101.446112123991,32.103585222937603],[-101.448207264727998,32.102733871940103],[-101.450370801394001,32.1018520956328],[-101.451656669654994,32.101310122575299],[-101.452466361644994,32.100926734358801]]]}},
{"type":"Feature","properties":{"OBJECTID":19961,"name":"Not Available","operator":"Not Available","circuits":null,"cables":"3","TYPE":"AC; OVERHEAD","OWNER":"ONCOR ELECTRIC DELIVERY CO.","VOLTAGE":345.0,"VOLT_CLASS":"345","SUB_1":"UNKNOWN305300","SUB_2":"NOT AVAILABLE","Shape__Length":251.70956318225015,"stroke":"#999999"},"geometry":{"type":"MultiLineString","coordinates":[[[-102.314247461400001,31.839394088475999],[-102.315746731643003,31.839124945587201],[-102.315927278641993,31.8397247552058]]]}},
{"type":"Feature","properties":{"OBJECTID":19965,"name":"Not Available","operator":"Not Available","circuits":null,"cables":"3","TYPE":"AC; OVERHEAD","OWNER":"ONCOR ELECTRIC DELIVERY CO.","VOLTAGE":345.0,"VOLT_CLASS":"345","SUB_1":"UNKNOWN300957","SUB_2":"UNKNOWN305300","Shape__Length":723.14282496705835,"stroke":"#999999"},"geometry":{"type":"MultiLineString","coordinates":[[[-101.449532779235,32.101696276824697],[-101.452335352242002,32.100671589028401],[-101.452664928847994,32.1005333711541],[-101.455383347679003,32.099314223552902]]]}},
{"type":"Feature","properties":{"OBJECTID":19967,"name":"Not Available","operator":"Not Available","circuits":null,"cables":"3","TYPE":"AC; OVERHEAD","OWNER":"ONCOR ELECTRIC DELIVERY CO.","VOLTAGE":345.0,"VOLT_CLASS":"345","SUB_1":"UNKNOWN302786","SUB_2":"NOT AVAILABLE","Shape__Length":434.27566051774795,"stroke":"#999999"},"geometry":{"type":"MultiLineString","coordinates":[[[-102.327574016249997,31.8386502784141],[-102.327426327827993,31.838172678279999],[-102.327242847828998,31.837581921108299],[-102.327103122072998,31.837132483092699],[-102.329093069191998,31.836701653510001]]]}},
{"type":"Feature","properties":{"OBJECTID":20008,"name":"Not Available","operator":"Not Available","circuits":null,"cables":"3","TYPE":"AC; OVERHEAD","OWNER":"ONCOR ELECTRIC DELIVERY CO.","VOLTAGE":345.0,"VOLT_CLASS":"345","SUB_1":"NOT AVAILABLE","SUB_2":"NOT AVAILABLE","Shape__Length":55652.981184053417,"stroke":"#999999"},"geometry":{"type":"MultiLineString","coordinates":[[[-100.917001301794997,32.333257751784203],[-100.916771051012006,32.332733546987903],[-100.916549265951005,32.332232896010602],[-100.919275227935003,32.331971548550001],[-100.922155920235994,32.3317054229002],[-100.926199350516995,32.331327566034503],[-100.928942160405001,32.331102428769498],[-100.932094929048006,32.330216041935998],[-100.935066230817995,32.329429652528901],[-100.938094360910995,32.328614763776201],[-100.941216703616007,32.327776992851199],[-100.944347344058997,32.326946094527699],[-100.947485948066998,32.326108239084199],[-100.950629832372996,32.325272731374099],[-100.953755024534004,32.324428171195997],[-100.956896310012993,32.3235994519206],[-100.960018738057997,32.322757154257197],[-100.963151976429003,32.321921562486502],[-100.966282449785993,32.321088317082797],[-100.969423735264996,32.320248282597497],[-100.972559656903996,32.319408165164504],[-100.975633636110999,32.318586236146999],[-100.978729156918007,32.317664142512598],[-100.981840771044006,32.316746659047901],[-100.984882312085006,32.315835965495999],[-100.987948244183997,32.314929797408901],[-100.990997915877003,32.314012147314102],[-100.994071811541005,32.313105979961598],[-100.997086530684996,32.312204338302003],[-101.000157827522003,32.311279981765097],[-101.003223676076999,32.310382866650102],[-101.006367644823996,32.309437891273902],[-101.009511612672995,32.308502051851399],[-101.012566731749999,32.307595716254902],[-101.015629983276,32.3066804966533],[-101.018679654070993,32.305760498874299],[-101.021734606061997,32.304867826267902],[-101.024787044565997,32.303945649177997],[-101.027804445181005,32.303043923948302],[-101.030870378177994,32.302126272671202],[-101.033917367501999,32.301226727515399],[-101.036940049313003,32.300304550579298],[-101.039989721005995,32.299395867949002],[-101.043052971633003,32.298487269605303],[-101.046116054275998,32.297571882078302],[-101.049190033482006,32.296658673723599],[-101.052245153458003,32.295736329573401],[-101.055297507521004,32.294829993872497],[-101.058371402285999,32.293907649340198],[-101.061407663031005,32.292998967126898],[-101.064473511586002,32.292081148842399],[-101.067512454699994,32.291183866442502],[-101.070567574674996,32.290275184266598],[-101.073625377019994,32.2893505767031],[-101.076734224334999,32.288425884529403],[-101.079829745142007,32.28749432008],[-101.082919817667005,32.286574238425501],[-101.086045010725996,32.285640494369503],[-101.089051682762005,32.284747653985903],[-101.092163212445996,32.283813826569101],[-101.095261415623,32.282873124822501],[-101.098146801620004,32.282255965984099],[-101.101005282176999,32.2816318492806],[-101.103879856052004,32.281005553158202],[-101.106757028752995,32.280376827704302],[-101.109688263864001,32.279727732400303],[-101.112614050694006,32.279069418356301],[-101.115564061493004,32.278433986076699],[-101.118503260169007,32.2777870702987],[-101.121439859120997,32.277142418542901],[-101.124581061954999,32.276452335993604],[-101.127711617957004,32.275764433318201],[-101.130850221965005,32.2750719212139],[-101.133964517562006,32.274393154284503],[-101.137111252221999,32.273707598138699],[-101.140090935272994,32.273060682834704],[-101.142952013758006,32.272443355454399],[-101.145858941355996,32.2718146299],[-101.148771233692997,32.271167630460297],[-101.151678162189,32.270534461004402],[-101.154811317017007,32.269851084514301],[-101.157909520193996,32.269174497229201],[-101.160991545610003,32.2685184460953],[-101.164116654227996,32.267839595197103],[-101.167228351896995,32.267169880845103],[-101.170331919812995,32.266504693277298],[-101.173438169199002,32.265832632551202],[-101.176625219350996,32.265142382701498],[-101.179747730938999,32.264449870043002],[-101.182891782330998,32.263766493308196],[-101.186070702728998,32.263078423048398],[-101.189233530707,32.262390435689099],[-101.191499242652,32.261891545024497],[-101.194619070973005,32.261198948310103],[-101.197768403561,32.260515487846099],[-101.200898960461004,32.259832028313099],[-101.204029432919,32.259144041415702],[-101.207154542435006,32.2584514450078],[-101.210363218628999,32.257751974421701],[-101.213588071684001,32.257052588847102],[-101.216796665233005,32.256334929928002],[-101.220002659057002,32.255614924751796],[-101.222704733040999,32.255077225433602],[-101.225045966351999,32.253755818747599],[-101.228143331400005,32.2531256669144],[-101.231089150659997,32.252481936979898],[-101.234091045455003,32.2518270597431],[-101.237076343875998,32.251169498249297],[-101.240094667061001,32.250508921199803],[-101.243116260112998,32.249862424765702],[-101.246111532528005,32.2491963984913],[-101.249116612749006,32.248538754889303],[-101.252016332265001,32.247920086145001],[-101.254823766056006,32.246303636502603],[-101.257538916816003,32.2447095661215],[-101.260280469061996,32.243090349934],[-101.262952871691994,32.241512960060902],[-101.265684449942995,32.239929870021697],[-101.268330449291,32.238363543065198],[-101.270992877027993,32.236797133635001],[-101.273312652282002,32.2354314700979],[-101.275161112947004,32.234338888927297],[-101.277975170016006,32.232677678808102],[-101.280331155460999,32.231322996025497],[-101.282650930713999,32.229962780749297],[-101.285039856482001,32.228557974149197],[-101.287481505271998,32.227119639377698],[-101.289933044513006,32.225684070800199],[-101.292361532984003,32.224240120147201],[-101.294793374866003,32.222798935601098],[-101.297538112538007,32.221190448827798],[-101.300286203620999,32.219570897857402],[-101.303054159149994,32.217951178196401],[-101.305657326824999,32.216417960780099],[-101.308359234620994,32.214823220157697],[-101.311015123521003,32.213250942599899],[-101.313763214603995,32.211642371272703],[-101.316376272729997,32.210103369804798],[-101.319068371821004,32.208530925516001],[-101.321694506723006,32.206919420365701],[-101.324689863578996,32.206289352615499],[-101.327846571335002,32.2056062277181],[-101.331009817928006,32.204898039995797],[-101.333332862150996,32.204393366094301],[-101.336529133509003,32.2036768813687],[-101.339748454738995,32.202968693828701],[-101.342954533902997,32.202263272967699],[-101.346180476615004,32.201546620198698],[-101.349337101725993,32.200852347183499],[-101.352526835145994,32.2001580741914],[-101.355732912513005,32.1994470368126],[-101.358820470653995,32.198755530716603],[-101.362033169502993,32.198041727540598],[-101.365186609188001,32.197325158585599],[-101.368346670354995,32.196628035384002],[-101.371299028452,32.195995034273203],[-101.374020716253,32.195398326921101],[-101.377174155937993,32.194690055937897],[-101.380024422299002,32.1940710525528],[-101.382831856089993,32.1934520479981]]]}},
{"type":"Feature","properties":{"OBJECTID":20023,"name":"Not Available","operator":"Not Available","circuits":null,"cables":"3","TYPE":"AC; OVERHEAD","OWNER":"ONCOR ELECTRIC DELIVERY CO.","VOLTAGE":345.0,"VOLT_CLASS":"345","SUB_1":"UNKNOWN301151","SUB_2":"NOT AVAILABLE","Shape__Length":533.41587907842938,"stroke":"#999999"},"geometry":{"type":"MultiLineString","coordinates":[[[-102.218119520786999,32.043009375176901],[-102.219617115671994,32.042604697190903],[-102.221016307303998,32.042274869271502],[-102.222735016208006,32.041924841517996]]]}},
{"type":"Feature","properties":{"OBJECTID":20024,"name":"Not Available","operator":"Not Available","circuits":null,"cables":"3","TYPE":"AC; OVERHEAD","OWNER":"ONCOR ELECTRIC DELIVERY CO.","VOLTAGE":345.0,"VOLT_CLASS":"345","SUB_1":"UNKNOWN301151","SUB_2":"NOT AVAILABLE","Shape__Length":533.35959645391426,"stroke":"#999999"},"geometry":{"type":"MultiLineString","coordinates":[[[-102.222735016208006,32.041924841517996],[-102.221048744570993,32.042364137072902],[-102.219651900236002,32.042698742068303],[-102.218119520786999,32.043009375176901]]]}},
{"type":"Feature","properties":{"OBJECTID":20025,"name":"Not Available","operator":"Not Available","circuits":null,"cables":"3","TYPE":"AC; OVERHEAD","OWNER":"ONCOR ELECTRIC DELIVERY CO.","VOLTAGE":345.0,"VOLT_CLASS":"345","SUB_1":"NOT AVAILABLE","SUB_2":"NOT AVAILABLE","Shape__Length":497.80846124061662,"stroke":"#999999"},"geometry":{"type":"MultiLineString","coordinates":[[[-102.497798232736997,31.821314742570902],[-102.497400259303006,31.820197517828099],[-102.497099348836002,31.819257069007001],[-102.497026762266003,31.8190210349387],[-102.496605822503994,31.817653024180601]]]}},
{"type":"Feature","properties":{"OBJECTID":32642,"name":"Not Available","operator":"Not Available","circuits":null,"cables":"3","TYPE":"AC; OVERHEAD","OWNER":"SHARYLAND UTILITIES LP","VOLTAGE":345.0,"VOLT_CLASS":"345","SUB_1":"ODESSA 345","SUB_2":"NOT AVAILABLE","Shape__Length":576.59595393532538,"stroke":"#999999"},"geometry":{"type":"MultiLineString","coordinates":[[[-102.223053276737005,31.152799793585899],[-102.222371911780002,31.153893883656799],[-102.222259342993993,31.154074765262202],[-102.222108469144999,31.154005949726798],[-102.221914846269001,31.153917688338499],[-102.221706137084993,31.153822554139701],[-102.221463648552998,31.153711828574799],[-102.222020039886999,31.152818234067301],[-102.222257583193993,31.152436857397699],[-102.222494874074997,31.152545067492799],[-102.222708864452997,31.152642633828201],[-102.222900558646998,31.152730139933698],[-102.223053276737005,31.152799793585899]]]}},
{"type":"Feature","properties":{"OBJECTID":32645,"name":"Not Available","operator":"Not Available","circuits":null,"cables":"3","TYPE":"AC; OVERHEAD","OWNER":"ONCOR ELECTRIC DELIVERY CO.","VOLTAGE":345.0,"VOLT_CLASS":"345","SUB_1":"UNKNOWN302786","SUB_2":"NOT AVAILABLE","Shape__Length":338.08283969117809,"stroke":"#999999"},"geometry":{"type":"MultiLineString","coordinates":[[[-102.327052579262002,31.837629530890901],[-102.326850155591003,31.836989153028401],[-102.329037078099006,31.836516581216699]]]}},
{"type":"Feature","properties":{"OBJECTID":32667,"name":"Not Available","operator":"Not Available","circuits":null,"cables":"6","TYPE":"AC; OVERHEAD","OWNER":"TAYLOR ELECTRIC COOP INC - (TX)","VOLTAGE":345.0,"VOLT_CLASS":"345","SUB_1":"ABILENE MULBERRY CREEK","SUB_2":"BLUFF CREEK","Shape__Length":3207.992734208593,"stroke":"#999999"},"geometry":{"type":"MultiLineString","coordinates":[[[-100.020197341512997,32.199013693151102],[-100.018704523869005,32.200071320860999],[-100.017211455595003,32.201130962046598],[-100.015745545187997,32.202201162777698],[-100.014279549441994,32.203266084041502],[-100.012797377731999,32.204344834479301],[-100.011477731019994,32.2053082507542],[-100.009869411590003,32.2064780294562],[-100.008446248414998,32.2075086679286],[-100.006988467762,32.208571744680498],[-100.005506128066997,32.209648735727498],[-100.004103248850996,32.2106791224153],[-100.002537676651002,32.211807661687097],[-100.001130606794007,32.212836457470601],[-99.9997318346756,32.213863491260902],[-99.998319148551403,32.214883820681798]]]}},
{"type":"Feature","properties":{"OBJECTID":32668,"name":"Not Available","operator":"Not Available","circuits":2,"cables":"6","TYPE":"AC; OVERHEAD","OWNER":"ONCOR ELECTRIC DELIVERY CO.","VOLTAGE":345.0,"VOLT_CLASS":"345","SUB_1":"SWEETWATER EAST","SUB_2":"CENTRAL BLUFF","Shape__Length":68623.299422104814,"stroke":"#999999"},"geometry":{"type":"MultiLineString","coordinates":[[[-100.155987860246995,32.116294198813598],[-100.157626857143995,32.114773722113597],[-100.160256764072003,32.116682617117299],[-100.162933356444995,32.1185569777914],[-100.165341645398001,32.120334947611099],[-100.167723782596994,32.122142420782502],[-100.170513949869999,32.124426573405501],[-100.173321719629996,32.126685830799197],[-100.176059501647003,32.1289500356486],[-100.178823517165,32.131184566337303],[-100.180642977518005,32.132589457331299],[-100.182503005789002,32.134056038391698],[-100.184369068044006,32.135097993392399],[-100.187421757178001,32.1351078838834],[-100.190468579414997,32.135122635941897],[-100.193809941268,32.135134956833703],[-100.197206624071001,32.135144848081303],[-100.200722832213998,32.135159683809697],[-100.204641455062003,32.135174436620403],[-100.208364780573007,32.135181980376601],[-100.211741011431997,32.135196731662397],[-100.215146579470996,32.135218943783798],[-100.218525743328996,32.1352312654234],[-100.221802983437001,32.135241156660499],[-100.225284155487003,32.135273258483402],[-100.228765411081,32.135293040186802],[-100.231191217182996,32.134305484845299],[-100.233735124795004,32.1341050730164],[-100.237900177084001,32.133777088993],[-100.242032874751999,32.133426389934101],[-100.244534955906005,32.133225140918903],[-100.245079276577997,32.135468557451098],[-100.248002633463997,32.135505186800799],[-100.251288926794004,32.135545335831203],[-100.253627561277995,32.135566289692903],[-100.256295101328007,32.135589843574301],[-100.258917547747004,32.135637033472797],[-100.261663711045003,32.1356597483],[-100.264315074232996,32.136712431820001],[-100.266702408186006,32.137693532693199],[-100.269881580112994,32.138966242162802],[-100.273009036028,32.140195195890598],[-100.276092570615006,32.140150855455502],[-100.279174764016005,32.140168290263503],[-100.281611633769003,32.140178768185201],[-100.285377037266997,32.140192849293001],[-100.287292133163007,32.1402031583482],[-100.290979835982,32.140213636265898],[-100.294459918376006,32.140225873559501],[-100.297715366253001,32.140238195283303],[-100.300538726274993,32.140246242168899],[-100.304378141070998,32.140255293868599],[-100.307711120744003,32.140267783691399],[-100.308993048993997,32.142675484549301],[-100.310257962253999,32.145052677025298],[-100.311760249938004,32.147896153494202],[-100.314137609895994,32.148389428428999],[-100.316500133279007,32.1488846317948],[-100.319443271067996,32.1503610199021],[-100.322600314794002,32.1519361475954],[-100.325674712616006,32.153475232101798],[-100.325439600150006,32.1563753710032],[-100.325212953407004,32.159232845475699],[-100.324960741509003,32.162355774390001],[-100.324873904963994,32.1649081484588],[-100.324823027980003,32.1681869815231],[-100.324695539074995,32.1713043789049],[-100.324934925725003,32.173743596119003],[-100.325142629693005,32.176134281945203],[-100.325341867039995,32.178670059043803],[-100.325233741321,32.181489228928299],[-100.324848172722994,32.183451180742999],[-100.324473082973,32.185343060252499],[-100.324445171418006,32.187656381737398],[-100.324415834237996,32.190089648503999],[-100.324373421179999,32.192456530175498],[-100.324862924857001,32.195653639066201],[-100.324780614922005,32.197480558608603],[-100.324694449418004,32.199375539845697],[-100.324296224456006,32.200631819331598],[-100.324313910487007,32.202735676926302],[-100.324294213127999,32.204829476768602],[-100.324304103580005,32.206931573450902],[-100.324820680681995,32.209367187999497],[-100.324528822537999,32.212545185735401],[-100.324229169711998,32.215919740247799],[-100.324185834982998,32.218425258542403],[-100.324156247171999,32.220955672153501],[-100.324108973329999,32.223551044401603],[-100.324203521013999,32.226590154866997],[-100.324296224456006,32.2287200801929],[-100.323834800319005,32.231185197353099],[-100.323781659580007,32.233560041510501],[-100.323781659580007,32.235738247703203],[-100.323769756901996,32.238021394347001],[-100.323931444669995,32.240411158024202],[-100.324706351196994,32.243106024359697],[-100.325538338474004,32.246267845667198],[-100.326433442281001,32.249440731085699],[-100.327327120462002,32.252675140007298],[-100.328133543481997,32.255636466327402],[-100.328966620415997,32.258789151016103],[-100.328085012897006,32.258966428885302],[-100.328920353585005,32.262018195887897],[-100.329739432970001,32.264835018493102],[-100.330581645769001,32.268071774486899],[-100.331492674909995,32.271354797818503],[-100.332386270444999,32.274678557152598],[-100.333192777009003,32.2776099605871],[-100.334072206113007,32.280668098426403],[-100.334900925317996,32.283749956277802],[-100.335764261104003,32.286931140462002],[-100.336546460153997,32.289877294829701],[-100.335443653276997,32.292138229747003],[-100.334264318921001,32.2945971449764],[-100.332881723664002,32.297486470859901],[-100.331409107333997,32.300547542064997],[-100.329990135697003,32.303523537146802],[-100.328481141192,32.306636827294803],[-100.327045070124001,32.309627154842502],[-100.325555353463997,32.312729465191801],[-100.324215423691001,32.3155259185707],[-100.322700142775005,32.318666030985398],[-100.321276727173,32.321623334799497],[-100.319926235009007,32.324479216565798],[-100.318404417053003,32.327597368055898],[-100.316938338661004,32.330680986766701],[-100.315125417144998,32.334404646974903],[-100.313753550467993,32.337270923096803],[-100.312321670041001,32.340267453229202],[-100.310838324233004,32.343283764804198],[-100.309556313338007,32.3459834920424],[-100.308492145695993,32.347999339809498],[-100.307463519899002,32.350142341268402],[-100.306449727981999,32.352469995453298],[-100.305419760101003,32.3545930477298],[-100.304475538210994,32.356564219841403],[-100.303452359797006,32.358704287388299],[-100.302895800477998,32.361229335260198],[-100.302238659492005,32.364217651036498],[-100.301542542400995,32.367385927123102],[-100.300822453768006,32.370627879173902],[-100.300112924830998,32.373867234023798],[-100.299400127823006,32.377044729558598],[-100.298694874866001,32.380268242385597],[-100.297968331836998,32.383450766981703],[-100.297260060541007,32.386676542449898],[-100.296524548733004,32.389899719967801],[-100.295810242555007,32.393135553083397],[-100.295162405420001,32.396151445914199],[-100.293842759605994,32.398316156098197],[-100.293179833468997,32.4012194801794],[-100.292480615394993,32.404311731659803],[-100.291860187655999,32.407071639727498],[-100.291166920021993,32.410230276355698],[-100.290458648726002,32.413357984190696],[-100.28975641321,32.416531623591503],[-100.289060212576999,32.419661761781803],[-100.288460822483003,32.422388059595498],[-100.288105681621005,32.425090972115299],[-100.287782642953005,32.427726745707098],[-100.286078769726004,32.430413145017198],[-100.284515376840005,32.432843897049999],[-100.283505441390005,32.434362781849202],[-100.282013127701006,32.436741230875803],[-100.281625715760001,32.439410783352301],[-100.279597715107002,32.442172284789997],[-100.277584799861998,32.444913167106499],[-100.275662746514001,32.4475518741733],[-100.273616555874995,32.450323266614397],[-100.271576401017001,32.4531252526562],[-100.269714948016997,32.455646278612797],[-100.266624456878006,32.456514643254899],[-100.262922504982001,32.457556681449802],[-100.259789767870004,32.4584327575717],[-100.256699276730998,32.459311265849799],[-100.253666201412003,32.460156664394198],[-100.250603035226007,32.4610045774943],[-100.247564008569,32.461860118226603],[-100.244685579125004,32.462687662938102],[-100.240853456853003,32.462802579543002],[-100.237054610873997,32.4629328337478],[-100.233171106764004,32.463055377215497],[-100.229590358261007,32.4631166492658],[-100.225846161291997,32.463295434716002],[-100.222201710557002,32.463423175638901],[-100.218524067073005,32.463566170645997]]]}},
{"type":"Feature","properties":{"OBJECTID":32681,"name":"Not Available","operator":"Not Available","circuits":null,"cables":"6","TYPE":"AC; OVERHEAD","OWNER":"AEP TEXAS NORTH COMPANY","VOLTAGE":345.0,"VOLT_CLASS":"345","SUB_1":"BROWN","SUB_2":"CENTRAL BLUFF","Shape__Length":1173.8238729788957,"stroke":"#999999"},"geometry":{"type":"MultiLineString","coordinates":[[[-100.017144567936995,32.193222719564098],[-100.017868848109998,32.1932142539222],[-100.019193943104,32.193222468696497],[-100.020765382199997,32.193220876067301],[-100.022295080177997,32.193223726075303],[-100.023720757738005,32.193218780182299],[-100.025108716836002,32.193224982693998],[-100.026660459471003,32.193232442583898],[-100.027685565669003,32.193160945295197]]]}},
{"type":"Feature","properties":{"OBJECTID":32876,"name":"Not Available","operator":"Not Available","circuits":null,"cables":"3","TYPE":"AC; OVERHEAD","OWNER":"SHARYLAND UTILITIES LP","VOLTAGE":345.0,"VOLT_CLASS":"345","SUB_1":"SAN ANGELO RED CREEK","SUB_2":"BROWN","Shape__Length":16721.174352504091,"stroke":"#999999"},"geometry":{"type":"MultiLineString","coordinates":[[[-100.379839325272997,31.476668486212802],[-100.379013707051001,31.4771757584016],[-100.378330415209007,31.477610276823999],[-100.377654833606002,31.4780542662958],[-100.376939354228,31.4784897896137],[-100.376177104064993,31.478955655841101],[-100.375457769118,31.479394365039301],[-100.374700045566001,31.479855369659699],[-100.373976351994003,31.480260550050598],[-100.373232374462006,31.480707054304101],[-100.372497364810997,31.4811471886531],[-100.371791273726998,31.481583298190401],[-100.371066238070995,31.482027874785999],[-100.370349083335,31.4824726193395],[-100.369627569076002,31.482914429226302],[-100.368912006155,31.483352550668901],[-100.368192922736,31.4837948635404],[-100.367464534568001,31.484235416958999],[-100.366759113626003,31.484672281231099],[-100.366047574258999,31.4851187851148],[-100.365334442179005,31.485556739958799],[-100.364608149779997,31.4859988853682],[-100.363890072475002,31.486438683806501],[-100.363174760183995,31.486880577614301],[-100.362458778648005,31.487320040210601],[-100.361747238383003,31.487759420308201],[-100.361046679124001,31.4881955304309],[-100.360323237079001,31.4886402747738],[-100.359603147547006,31.489080323541799],[-100.358905940800994,31.489519032758999],[-100.358177134916005,31.4899645307028],[-100.357463163809996,31.490403072610999],[-100.356713319381001,31.490844463569701],[-100.356026171069999,31.4912808258807],[-100.355320917216005,31.4917215455045],[-100.354632762791994,31.492163859403799],[-100.353912757702005,31.492601394433599],[-100.353183280775994,31.4930394329742],[-100.352422538883999,31.493485433493401],[-100.351723236368002,31.4939277459446],[-100.350991581027003,31.494367545402302],[-100.350259840345998,31.494812455723],[-100.349518712269997,31.495252338341601],[-100.348842544966004,31.495688029773898],[-100.348150534075003,31.496129253319801],[-100.347452656287004,31.4965628495743],[-100.346715133150994,31.4970104433466],[-100.345967803106006,31.497456025096],[-100.345238576810004,31.4978929731537],[-100.344509603838006,31.498338639548201],[-100.343781132125997,31.4987871546832],[-100.343061462107997,31.499219493950601],[-100.342333409909003,31.499660297181499],[-100.341637627891004,31.500104873646801],[-100.340919970098994,31.500542325566599],[-100.340197365283998,31.500983884662901],[-100.339485071332007,31.501423095636301],[-100.338759533518001,31.501864821374099],[-100.338035839946002,31.5023032799043],[-100.337327233577994,31.502740563759001],[-100.336611168499005,31.503182959573699],[-100.335905579572994,31.503622926125999],[-100.335180126200001,31.504066831196202],[-100.334458443955995,31.504507469115101],[-100.333742127348003,31.504946428403699],[-100.333024217128994,31.505386395081398],[-100.332293650546006,31.505829881259601],[-100.331592420245997,31.506267416679101],[-100.330869061743996,31.5067085566019],[-100.330154252509999,31.507150785823399],[-100.329466349615004,31.507586058019001],[-100.328770904465003,31.508025185894699],[-100.328058944686006,31.5084371562386],[-100.327359475083,31.5088719253961],[-100.326625639531002,31.509318764069999],[-100.325907310697005,31.509757556783001],[-100.325184036638007,31.5101958473319],[-100.324464449263999,31.510640171509301],[-100.323746036887002,31.5110820658333],[-100.323009435421994,31.5115303306663],[-100.322346342198998,31.5119308170779],[-100.321689871355005,31.512330466243299],[-100.320839779432006,31.512841175847299],[-100.320106781109999,31.5132766995387],[-100.319363558163005,31.513718342457999],[-100.318660568062995,31.514153195028801],[-100.317857078939994,31.514634232178601],[-100.316948565082996,31.5152269173742],[-100.316228810621993,31.515693788384599],[-100.315646603504007,31.516047840564301],[-100.314948223556996,31.516485878763199],[-100.314226122698003,31.516929868245299],[-100.313479881410998,31.5173662298076],[-100.312765743217994,31.517808543378798],[-100.312058142964005,31.518250939858699],[-100.311336210088996,31.5186924987709],[-100.310590053244994,31.519127267696302],[-100.309876501651004,31.519570922233701],[-100.309180300120005,31.520013235322601],[-100.308427354705998,31.520450686727798],[-100.307699721123001,31.520889479242701],[-100.307013913996997,31.521335228202101],[-100.306305727142998,31.521777123255699],[-100.305580607943995,31.522216837638599],[-100.304854651515001,31.522656887649301],[-100.304138753523006,31.523094925492199],[-100.303394104949007,31.523556181785398],[-100.302714668676003,31.523982569224401],[-100.301997428600004,31.524419852723199],[-100.301281362623001,31.524861746968501],[-100.300568565614,31.525303724119599],[-100.299845207112995,31.525743858367399],[-100.299117239355994,31.526184746312001],[-100.298390946957994,31.5266259698586],[-100.297624505255996,31.527099128642199],[-100.296890251088001,31.527538592087101],[-100.296188435085995,31.527980653050999],[-100.295479241219994,31.5284224638335],[-100.294765522540999,31.528862680629199],[-100.294040571327002,31.529303819549199],[-100.293321822980005,31.5297468882363],[-100.292604751786996,31.530186099560702],[-100.291881561270998,31.530626149545601],[-100.291165914806996,31.531065864383901],[-100.290449847931001,31.531506081735799],[-100.289727663527998,31.531949484529498],[-100.289012602764998,31.5323873547528],[-100.288288658561996,31.532830170686601],[-100.287572509040999,31.533267622554298],[-100.286850910339993,31.5337112765434],[-100.286195362067005,31.534112518520999],[-100.285817002448994,31.5343431878903],[-100.285023236691003,31.5348287517537],[-100.284305242927999,31.5352692208752],[-100.283586578124996,31.5357088518324],[-100.282865315392996,31.536149823658],[-100.282137431180004,31.536587275285999],[-100.281429076340004,31.537027827987998],[-100.280713010363002,31.537471985506102],[-100.279988730189999,31.5379127889878],[-100.279267970514994,31.538353258106799],[-100.278547042854996,31.538796995883601],[-100.277826031651998,31.539235537598302],[-100.277108037890002,31.539676760731599],[-100.276379649722003,31.540117816407498],[-100.275663080688005,31.540555267817599],[-100.274936203486007,31.540995317933302],[-100.274224746764006,31.541433859273699],[-100.273506165502994,31.541874663188199],[-100.272797141419005,31.542316222192401],[-100.272084679483001,31.542756188213399],[-100.271365512521001,31.543198836303802],[-100.270658246438998,31.543637880231799],[-100.269942181359994,31.544081031719401],[-100.269230641095007,31.544519656556201],[-100.268505774323003,31.544958868056],[-100.267776129411004,31.5454016848431],[-100.267043970114997,31.545838717225099],[-100.266322958911999,31.546277090353598],[-100.265599265339006,31.5467175590483],[-100.264876409894995,31.5471577768595],[-100.264134025076004,31.547595983026799],[-100.263422317723993,31.548033182740099],[-100.262763080968,31.548472981718099],[-100.260916716072003,31.549609148319799],[-100.259358351955001,31.550563427794199],[-100.258632814140995,31.551006998820601],[-100.257911216338002,31.551445791672101]]]}},
{"type":"Feature","properties":{"OBJECTID":33242,"name":"Not Available","operator":"Not Available","circuits":2,"cables":"6","TYPE":"AC; OVERHEAD","OWNER":"NOT AVAILABLE","VOLTAGE":345.0,"VOLT_CLASS":"345","SUB_1":"UNKNOWN209699","SUB_2":"HITCHLAND","Shape__Length":2678.0234018594811,"stroke":"#999999"},"geometry":{"type":"MultiLineString","coordinates":[[[-101.394881691223432,36.499407344104299],[-101.394629469343997,36.498769842780902],[-101.394336438,36.498024859790497]]]}},
{"type":"Feature","properties":{"OBJECTID":38067,"name":"Not Available","operator":"Not Available","circuits":null,"cables":"3","TYPE":"AC; OVERHEAD","OWNER":"ONCOR ELECTRIC DELIVERY CO.","VOLTAGE":345.0,"VOLT_CLASS":"345","SUB_1":"UNKNOWN306361","SUB_2":"NOT AVAILABLE","Shape__Length":419.56968769661268,"stroke":"#999999"},"geometry":{"type":"MultiLineString","coordinates":[[[-101.882143840935996,32.166462152503698],[-101.881741760403997,32.166553850988201],[-101.881537744918006,32.166600370132201],[-101.880870629038995,32.166752418178497],[-101.880809441192,32.1665600537956],[-101.880723443673006,32.166289821032201],[-101.881394247136996,32.166136850571498],[-101.881612260170996,32.166087146503898],[-101.881814683841995,32.1660410460957],[-101.881996653773001,32.165999556164799],[-101.882143840935996,32.166462152503698]]]}},
{"type":"Feature","properties":{"OBJECTID":38069,"name":"Not Available","operator":"Not Available","circuits":null,"cables":"3","TYPE":"AC; OVERHEAD","OWNER":"ONCOR ELECTRIC DELIVERY CO.","VOLTAGE":345.0,"VOLT_CLASS":"345","SUB_1":"NOT AVAILABLE","SUB_2":"NOT AVAILABLE","Shape__Length":398.72786231712377,"stroke":"#999999"},"geometry":{"type":"MultiLineString","coordinates":[[[-101.273262025926996,32.004179286921499],[-101.272696331640006,32.004157997457803],[-101.272726506050006,32.003581489668697],[-101.272736564487005,32.0033904665965],[-101.272750646476993,32.003120485291298],[-101.273316340763998,32.003141774995903],[-101.273311144009995,32.003241184527397],[-101.273302008144,32.003414355452897],[-101.273291446651001,32.003618119322098],[-101.273282729399995,32.003784164578299],[-101.273271999922002,32.003988263571202],[-101.273262025926996,32.004179286921499]]]}},
{"type":"Feature","properties":{"OBJECTID":38077,"name":"Not Available","operator":"Not Available","circuits":null,"cables":"3","TYPE":"AC; OVERHEAD","OWNER":"BIG COUNTRY ELECTRIC COOP, INC","VOLTAGE":345.0,"VOLT_CLASS":"345","SUB_1":"NOT AVAILABLE","SUB_2":"NOT AVAILABLE","Shape__Length":593.18667837903968,"stroke":"#999999"},"geometry":{"type":"MultiLineString","coordinates":[[[-99.605294977418197,33.0000951456922],[-99.604220501608495,33.000076034451702],[-99.603030020058,33.000113585658497],[-99.602978052518793,32.997545370390597]]]}},
{"type":"Feature","properties":{"OBJECTID":38078,"name":"Not Available","operator":"Not Available","circuits":null,"cables":"3","TYPE":"AC; OVERHEAD","OWNER":"BIG COUNTRY ELECTRIC COOP, INC","VOLTAGE":345.0,"VOLT_CLASS":"345","SUB_1":"NOT AVAILABLE","SUB_2":"NOT AVAILABLE","Shape__Length":626.53823141794078,"stroke":"#999999"},"geometry":{"type":"MultiLineString","coordinates":[[[-99.605293637131794,33.000296143828699],[-99.604216310967701,33.000285331202598],[-99.602885013106501,33.000243672594799],[-99.602978052518793,32.997545370390597]]]}},
{"type":"Feature","properties":{"OBJECTID":38082,"name":"Not Available","operator":"Not Available","circuits":null,"cables":"3","TYPE":"AC; OVERHEAD","OWNER":"BIG COUNTRY ELECTRIC COOP, INC","VOLTAGE":345.0,"VOLT_CLASS":"345","SUB_1":"NOT AVAILABLE","SUB_2":"NOT AVAILABLE","Shape__Length":544.24315039778753,"stroke":"#999999"},"geometry":{"type":"MultiLineString","coordinates":[[[-100.859360462314001,32.5957987399877],[-100.861250499704994,32.595770900236403],[-100.861217807317004,32.597226932221801],[-100.861211437362996,32.598296966176299]]]}},
{"type":"Feature","properties":{"OBJECTID":38083,"name":"Not Available","operator":"Not Available","circuits":null,"cables":"3","TYPE":"AC; OVERHEAD","OWNER":"ONCOR ELECTRIC DELIVERY CO.","VOLTAGE":345.0,"VOLT_CLASS":"345","SUB_1":"TONKAWA","SUB_2":"NOT AVAILABLE","Shape__Length":253.72331500325589,"stroke":"#999999"},"geometry":{"type":"MultiLineString","coordinates":[[[-100.860390933250997,32.597404377048001],[-100.860390513737997,32.597616941961299],[-100.860390263108002,32.597716183652203],[-100.860389928036,32.597890443627897],[-100.860967775630996,32.597891365417198],[-100.861212275491994,32.597891784687597],[-100.861540343827002,32.597892287963397],[-100.861779646933002,32.597892539222798],[-100.862092208549996,32.597893041741798]]]}},
{"type":"Feature","properties":{"OBJECTID":38084,"name":"Not Available","operator":"Wind Energy Transmission Texas","circuits":2,"cables":"6","TYPE":"AC; OVERHEAD","OWNER":"ONCOR ELECTRIC DELIVERY CO.","VOLTAGE":345.0,"VOLT_CLASS":"345","SUB_1":"UNKNOWN302132","SUB_2":"NOT AVAILABLE","Shape__Length":31691.008114381508,"stroke":"#999999"},"geometry":{"type":"MultiLineString","coordinates":[[[-101.631227126343006,32.721645975150402],[-101.629824331568003,32.721815122077402],[-101.626675333153997,32.720264972817503],[-101.622681524011995,32.721131494023901],[-101.619317447358995,32.721926853146599],[-101.615566379176002,32.722788847894897],[-101.611868953891005,32.723657631450301],[-101.608407562742997,32.724466568999397],[-101.607281034953004,32.72086067427],[-101.606208151855995,32.7174644953041],[-101.605145912897001,32.7141245585251],[-101.604097252871995,32.710777664547699],[-101.602997547878005,32.707279561279698],[-101.601821314505997,32.703592780838598],[-101.600918834631997,32.700720638048303],[-101.599819129638007,32.697218762088603],[-101.598932659539003,32.694425493698603],[-101.598271411455002,32.692326161818599],[-101.597574036723998,32.690129768175403],[-101.596632665187997,32.687116138081699],[-101.595881646660999,32.684752525464503],[-101.595158707672994,32.6824589852706],[-101.5944385337,32.680152871797098],[-101.593768066205996,32.678026131929002],[-101.592990225780994,32.675569731450899],[-101.592400139538995,32.673720683366199],[-101.590063934997005,32.673448523465602],[-101.587031614264006,32.673108721114403],[-101.583853280464993,32.672748633895601],[-101.580788855739996,32.672399863663799],[-101.577721750441995,32.672052181723998],[-101.574661349270997,32.6717123793551],[-101.571693401809995,32.671377019789396],[-101.568701481009995,32.671033864187002],[-101.566208367737005,32.670756172892901],[-101.562748234230995,32.670362139016099],[-101.559835439734996,32.670026862857199],[-101.557370406001994,32.669750260383402],[-101.554204141968,32.6693957895463],[-101.551116836253996,32.6690446710681],[-101.548284423010003,32.668721884771699],[-101.545389062119995,32.668395577153703],[-101.542456066309995,32.668061390123597],[-101.539174384033004,32.6676933407877],[-101.535981130115999,32.6673252914484],[-101.533421044744003,32.667036283124098],[-101.530234580294007,32.666678962655403],[-101.526547800944002,32.666257269169101],[-101.523466027054994,32.665914030381003],[-101.520372014518998,32.665560649939302],[-101.517166858823003,32.665198299890399],[-101.513938736799005,32.6648291611207],[-101.510744225240003,32.664467816933701],[-101.507624815534996,32.664113346316803],[-101.504434329326997,32.663749739563997],[-101.501312237251994,32.663397531829602],[-101.498158042981999,32.663036271848597],[-101.495328229462999,32.662715580613998],[-101.492752050773007,32.662501086782598],[-101.489687626945994,32.662247031644199],[-101.486739879900995,32.662005464722398],[-101.483745109645,32.661760462188901],[-101.480904733733993,32.661522248755901],[-101.478041475937005,32.661282861713502],[-101.475288104556995,32.661057052888999],[-101.472314959444006,32.660720518921899],[-101.469053309597996,32.660350290768399],[-101.466013025299006,32.660007051982298],[-101.463113640854999,32.659679571311599],[-101.460722452230996,32.659406321188499],[-101.458333945077996,32.659132065123401],[-101.455488037341993,32.658190358372899],[-101.452462506074994,32.657849382458103],[-101.449207729240001,32.657479070564001],[-101.445947419679996,32.657105237291702],[-101.442801272517997,32.656745150627003],[-101.439600055935003,32.656379280512503],[-101.436373358637994,32.656014583456702],[-101.433520829420999,32.655686097384198],[-101.430500661994003,32.655340594418],[-101.427370524607994,32.654985956759901],[-101.424229657742998,32.654617823324799],[-101.421281826257001,32.6542858159468],[-101.417926466854993,32.653901925230201],[-101.415379625346006,32.653608474657403],[-101.412571436072,32.653291135721197],[-101.409234767916999,32.652907244515298],[-101.406543170983994,32.652598958788197],[-101.404579709792003,32.651548872903803],[-101.402018200591002,32.650166781511402],[-101.399480830917,32.648820731220297],[-101.397560452926996,32.647788667953201]]]}},
{"type":"Feature","properties":{"OBJECTID":38087,"name":"Not Available","operator":"Not Available","circuits":null,"cables":"3","TYPE":"AC; OVERHEAD","OWNER":"ONCOR ELECTRIC DELIVERY CO.","VOLTAGE":345.0,"VOLT_CLASS":"345","SUB_1":"UNKNOWN302132","SUB_2":"NOT AVAILABLE","Shape__Length":432.12741594638084,"stroke":"#999999"},"geometry":{"type":"MultiLineString","coordinates":[[[-101.393995713300995,32.648638927937597],[-101.394864833338005,32.648051775713803],[-101.395484758918997,32.647907942810903],[-101.395907709111,32.6478098746867],[-101.396525035866006,32.647666627593097],[-101.397560452926996,32.647788667953201]]]}},
{"type":"Feature","properties":{"OBJECTID":38088,"name":"Not Available","operator":"Not Available","circuits":null,"cables":"3","TYPE":"AC; OVERHEAD","OWNER":"ONCOR ELECTRIC DELIVERY CO.","VOLTAGE":345.0,"VOLT_CLASS":"345","SUB_1":"NOT AVAILABLE","SUB_2":"NOT AVAILABLE","Shape__Length":22615.14914531184,"stroke":"#999999"},"geometry":{"type":"MultiLineString","coordinates":[[[-101.633310364402007,32.721746222693199],[-101.633932972352994,32.721604233081699],[-101.634826651431993,32.721429889901799],[-101.636700927880995,32.7214875566712],[-101.636348217860004,32.720444765100602],[-101.635944880585996,32.719154538296003],[-101.635127225928997,32.716798134155802],[-101.634393306833999,32.714453548485899],[-101.633602725602998,32.712171658510997],[-101.632808540331993,32.709794131840702],[-101.632276708936999,32.708141555487302],[-101.631589057571006,32.705942983257302],[-101.630887072684999,32.703726388107498],[-101.630110656987995,32.701539549471299],[-101.629433483571006,32.699334858461],[-101.628841301559007,32.697500059451798],[-101.628033034297999,32.695128148129001],[-101.627199957363999,32.6927442516048],[-101.626469809395999,32.6904868368348],[-101.625734800643997,32.6881752762351],[-101.624994510696993,32.685919286037503],[-101.624184568076998,32.683646868945502],[-101.623401362913995,32.681390628243697],[-101.622651601130002,32.679106224093502],[-101.621907540055005,32.6769174575671],[-101.621435219353003,32.6754791235997],[-101.620832560289998,32.673733340046901],[-101.620095120697002,32.671635350136498],[-101.619256427495998,32.669274754182801],[-101.618502559513004,32.666885660394698],[-101.617679707204999,32.664508637399202],[-101.616914942657004,32.662177462355601],[-101.616074070143995,32.659803371782097],[-101.615450540522005,32.657896153477303],[-101.614921307954006,32.656312393076497],[-101.614181939678005,32.654148772058797],[-101.613457072905007,32.651991186527802],[-101.612714017044993,32.649870145723],[-101.612137677722004,32.648124447325102],[-101.611539628813006,32.646375646150098],[-101.610818366081006,32.644239267471697],[-101.610100622949005,32.6421058218856],[-101.609361255571002,32.639966256412997],[-101.608625408690997,32.637826691961003],[-101.607900541918994,32.635583275770998],[-101.607237281609002,32.633739592460302],[-101.606628252592003,32.631892891232901],[-101.605921406023995,32.629847623544798],[-101.605200143293004,32.627805540348199],[-101.604569573573997,32.625815172800401],[-101.603822829231007,32.623690444835397],[-101.603250177492001,32.6219870751125],[-101.602615835747002,32.620146157068902],[-101.601956179477995,32.618204572679097],[-101.601231228263998,32.616073558641403],[-101.600499069866004,32.6139638327328],[-101.599730615938,32.611689319238302],[-101.598878847758996,32.609191847906096],[-101.598027163123007,32.606681970692101],[-101.597182517684999,32.604254571952197],[-101.596562760089,32.602453049127199],[-101.595837808875004,32.6002025921387],[-101.595149152293999,32.598226977076898],[-101.594413304515001,32.596116833034401],[-101.593717438953007,32.594006772501203],[-101.593170100840993,32.592351598370897],[-101.592379939123006,32.590143638021402],[-101.591615173677994,32.587926456583901],[-101.590864826192004,32.585785634727799],[-101.590176253153999,32.583693595566103],[-101.589413918548999,32.581403827095897],[-101.588520826967994,32.5788995663004],[-101.587764863215995,32.576657491118901],[-101.587038571714999,32.5745059398904],[-101.588509762418994,32.572307450157503],[-101.589899315127994,32.5702651996273],[-101.591251902162995,32.568257063991901],[-101.592604573640003,32.5662427246113],[-101.593945929936993,32.564237773338],[-101.595324417198995,32.562195186899899],[-101.596711706153002,32.561921770145702]]]}},
{"type":"Feature","properties":{"OBJECTID":38094,"name":"Not Available","operator":"Sharyland Utilities","circuits":null,"cables":"3","TYPE":"AC; OVERHEAD","OWNER":"SOUTHWESTERN PUBLIC SERVICE CO","VOLTAGE":345.0,"VOLT_CLASS":"345","SUB_1":"NOT AVAILABLE","SUB_2":"NOT AVAILABLE","Shape__Length":422.96461473417543,"stroke":"#999999"},"geometry":{"type":"MultiLineString","coordinates":[[[-101.359343333268001,35.258655868950598],[-101.359348614463997,35.256319496951399],[-101.359331850103999,35.255553392027402]]]}},
{"type":"Feature","properties":{"OBJECTID":38095,"name":"Not Available","operator":"Not Available","circuits":null,"cables":"3","TYPE":"AC; OVERHEAD","OWNER":"SOUTHWESTERN PUBLIC SERVICE CO.","VOLTAGE":345.0,"VOLT_CLASS":"345","SUB_1":"NOT AVAILABLE","SUB_2":"NOT AVAILABLE","Shape__Length":307.88103707414007,"stroke":"#999999"},"geometry":{"type":"MultiLineString","coordinates":[[[-101.360393669548998,35.254857022151199],[-101.359910956237997,35.254858531079201],[-101.358859362315997,35.254861884171],[-101.358016980632996,35.254864566791198],[-101.358011868320006,35.254692485739596],[-101.358007508796007,35.254546976820599]]]}},
{"type":"Feature","properties":{"OBJECTID":38096,"name":"Not Available","operator":"Sharyland Utilities","circuits":null,"cables":"3","TYPE":"AC; OVERHEAD","OWNER":"SOUTHWESTERN PUBLIC SERVICE CO","VOLTAGE":345.0,"VOLT_CLASS":"345","SUB_1":"NOT AVAILABLE","SUB_2":"NOT AVAILABLE","Shape__Length":388.38967907718535,"stroke":"#999999"},"geometry":{"type":"MultiLineString","coordinates":[[[-101.360699776771,34.432823745089898],[-101.360682760882995,34.433607453774798],[-101.363004213291006,34.434454779759797]]]}},
{"type":"Feature","properties":{"OBJECTID":38097,"name":"Not Available","operator":"Not Available","circuits":null,"cables":"3","TYPE":"AC; OVERHEAD","OWNER":"LIGHTHOUSE ELECTRIC COOP, INC","VOLTAGE":345.0,"VOLT_CLASS":"345","SUB_1":"NOT AVAILABLE","SUB_2":"NOT AVAILABLE","Shape__Length":302.21789174017294,"stroke":"#999999"},"geometry":{"type":"MultiLineString","coordinates":[[[-101.360694328489004,34.432124359973002],[-101.359863179339996,34.432128718848702],[-101.358812507986997,34.432134250612201],[-101.357979514597005,34.432138693212302]]]}},
{"type":"Feature","properties":{"OBJECTID":38098,"name":"Not Available","operator":"Not Available","circuits":null,"cables":"3","TYPE":"AC; OVERHEAD","OWNER":"NOT AVAILABLE","VOLTAGE":345.0,"VOLT_CLASS":"345","SUB_1":"WHITE RIVER","SUB_2":"NOT AVAILABLE","Shape__Length":300.93957311664678,"stroke":"#999999"},"geometry":{"type":"MultiLineString","coordinates":[[[-101.361167067804999,34.432314796620197],[-101.360335414702007,34.432319155485999],[-101.359302010765006,34.432324519787699],[-101.358463736179999,34.432328961636699]]]}},
{"type":"Feature","properties":{"OBJECTID":38100,"name":"Not Available","operator":"Sharyland Utilities","circuits":null,"cables":"6","TYPE":"AC; OVERHEAD","OWNER":"SOUTHWESTERN PUBLIC SERVICE CO.","VOLTAGE":345.0,"VOLT_CLASS":"345","SUB_1":"POTTER COUNTY","SUB_2":"NOT AVAILABLE","Shape__Length":90006.714374247123,"stroke":"#999999"},"geometry":{"type":"MultiLineString","coordinates":[[[-101.363754980289997,35.258507425713098],[-101.367578469752004,35.260018682087797],[-101.371499774968996,35.261566065819302],[-101.375080524370006,35.263000544240697],[-101.378698824249,35.264434940057903],[-101.382223246587003,35.265817953740402],[-101.385341900808996,35.267846457991602],[-101.388482181971995,35.269880830167999],[-101.391568062958001,35.271886786883698],[-101.394754527407997,35.2739516690865],[-101.397863207635993,35.275957458259299],[-101.400949173062997,35.277966432560397],[-101.404059110033998,35.279974317166101],[-101.407237527375997,35.2820292247441],[-101.410260377170999,35.283996541072298],[-101.413413313800007,35.286030577288798],[-101.416850565418997,35.288246250085301],[-101.418190328104998,35.290462928368001],[-101.419935106118999,35.293289222350403],[-101.421670579383004,35.296110067604602],[-101.423242940150004,35.298688341050699],[-101.424899203565005,35.301396199331002],[-101.426639957126,35.304214446853202],[-101.428426308273004,35.307127828316503],[-101.430246270783996,35.310098123555498],[-101.431980235775995,35.312920477878002],[-101.433680755591993,35.315691366827203],[-101.435319669844006,35.3183493519712],[-101.435324950142004,35.320735931517603],[-101.435334337536005,35.323841343163302],[-101.435349174112005,35.327007942255001],[-101.435363842702003,35.3303461195746],[-101.435366524173006,35.334982820689802],[-101.435378678378996,35.337038565794799],[-101.435939175911997,35.339683894424603],[-101.435392005783996,35.342676988125199],[-101.435402734364004,35.344911854981703],[-101.435412121758006,35.349409919218203],[-101.435421510051,35.351859698453303],[-101.435440955882001,35.354145695520202],[-101.437547831312003,35.354127087470502],[-101.441111145311993,35.354097582588601],[-101.446802877240003,35.354050560557397],[-101.450961558678003,35.354004543707397],[-101.453875777901004,35.3539881988101],[-101.458668969068,35.353942266180397],[-101.464713243931996,35.353887532076598],[-101.469171075139002,35.353847047454799],[-101.472483603765994,35.353813184602998],[-101.476606158555995,35.353762893270897],[-101.482230751298005,35.353730037061098],[-101.486841468579996,35.353681923881901],[-101.489884434350003,35.353652336046501],[-101.494248472457997,35.353609755891],[-101.500037266454001,35.353553345960698],[-101.504676816962004,35.3535107657531],[-101.507389871952,35.353486625944399],[-101.512090442322005,35.353437424613503],[-101.517715035064001,35.353383863164098],[-101.520956400950993,35.353354359476],[-101.523299478503006,35.353333572297203],[-101.523303417616006,35.355878235034503],[-101.523312134866998,35.358952716373601],[-101.523320181976004,35.360765052122197],[-101.526812417676993,35.360725656659],[-101.530697681586005,35.360683076570098],[-101.534609934480002,35.360638149211503],[-101.538497126173993,35.360594144903096],[-101.542157335156006,35.360558018949398],[-101.546245021838004,35.360505547936398],[-101.548162801001993,35.362712670262098],[-101.549996175359993,35.364808648938897],[-101.552535471919995,35.367703422649498],[-101.556851147428006,35.367663022603402],[-101.560717551208,35.367620359001698],[-101.565443603188996,35.367563445351202],[-101.570804082254995,35.3675033473233],[-101.575717804876007,35.367454397003002],[-101.579067800435993,35.367419193453699],[-101.583587406090999,35.367374265448397],[-101.588128469802001,35.367330596651499],[-101.592756537144993,35.3672758628324],[-101.595951048703,35.367235461839698],[-101.600655643525997,35.367186175853703],[-101.606400935706006,35.367130436159002],[-101.611059932044995,35.367086682988003],[-101.614906219849999,35.367064889903297],[-101.617403356677002,35.367038570441899],[-101.618095365772007,35.363572821858199],[-101.618752507655998,35.360221735889901],[-101.623593978778004,35.360217378367899],[-101.629237262767006,35.360230453130903],[-101.633696435158996,35.360225089013099],[-101.637163273690007,35.359805072066997],[-101.641072510040999,35.359888137162898],[-101.645020721598002,35.359971284957702],[-101.648774473047993,35.360030377598598],[-101.652335105576995,35.361343822191898],[-101.656084833473003,35.3627131728121],[-101.660588262264994,35.364344962716103],[-101.664187870896995,35.365673745648003],[-101.667832909129999,35.367007977326303],[-101.671364037391996,35.368297281435801],[-101.674475483532007,35.369440154273001],[-101.678517573527998,35.370909836663003],[-101.682822434217996,35.372491166560202],[-101.685900269892002,35.373587937699703],[-101.689816378355005,35.372279020623402],[-101.692430106624002,35.371426078777901],[-101.696874527781006,35.369972655888802],[-101.701427577713005,35.368479922829103],[-101.703144274390993,35.367920095946801],[-101.706802723571997,35.366720393561003],[-101.710619508009003,35.366731290150497],[-101.714632176381997,35.366737828103702],[-101.717467271096993,35.366748723958302],[-101.721815047901998,35.366757441227101],[-101.727211651817996,35.366761884103603],[-101.731248377075005,35.366766242737398],[-101.735266325745002,35.366767332029497],[-101.739135412793004,35.366773869979703],[-101.743245227675999,35.366780492171799],[-101.747727282851997,35.366771774905502],[-101.751183224819997,35.366772864930098],[-101.755433101427997,35.366776049296298],[-101.758992476315996,35.366776049296298],[-101.762866257061006,35.366774457479501],[-101.766978754313001,35.366777139320803],[-101.770776762164004,35.3667749600043],[-101.774547947219006,35.366781582196303],[-101.778661115511994,35.3667749600043],[-101.782443030045002,35.3667684220542],[-101.786314882107007,35.366780492171799],[-101.789004384169004,35.366784850804599],[-101.7920647,35.366788120145301],[-101.796828471341996,35.366784850804599],[-101.799969254662997,35.366788120145301],[-101.804074375848003,35.366780492171799],[-101.807771800235003,35.366783760780102],[-101.812067357973007,35.366785940096499],[-101.815684316665994,35.366785940096499],[-101.819336814509001,35.366783760780102],[-101.822935082854997,35.366785940096499],[-101.826856471615997,35.366785940096499],[-101.830843575732004,35.366783760780102],[-101.834142608969003,35.366780492171799],[-101.837818576196995,35.366782670755697],[-101.841179300337004,35.366779318637299],[-101.844584448863003,35.366777139320803],[-101.849074466706995,35.366776049296298],[-101.851232303562995,35.364986848658603],[-101.854089526478006,35.362618039151897],[-101.856756983881994,35.3604093230296],[-101.859443216076002,35.358174875434202],[-101.862291721739993,35.355819980428898],[-101.864737980683998,35.353789966572499],[-101.866478649803,35.3523428312199],[-101.869531003866001,35.352349369605399],[-101.873443006130003,35.352343920706602],[-101.877467659825996,35.352336293566502],[-101.881240271405005,35.352341741733099],[-101.884472248999003,35.352339562759603],[-101.889074920070996,35.352835016896499],[-101.891960977110003,35.353152271854199],[-101.896102307587995,35.353601793310801],[-101.899467138825997,35.353974788211097],[-101.902522175257999,35.3542668968417],[-101.907030968789002,35.3542700824338],[-101.911736903898003,35.354279973300798],[-101.916302023594,35.354289779910999],[-101.92081215831,35.354269076495903],[-101.924330545765997,35.354142676969197],[-101.928282780876998,35.353958946645101],[-101.931797144778002,35.353834222960899],[-101.935136578846993,35.3537193914851],[-101.938501326541001,35.353615456007802],[-101.940183071568001,35.353547645839598],[-101.944772330792006,35.353373721615903],[-101.948063402260004,35.353245730069702],[-101.951178871056996,35.353123270691299],[-101.955451546907,35.3529548779359],[-101.959910719299003,35.352794029868001],[-101.962719075658995,35.352681376610199],[-101.965365075007,35.352585068379803],[-101.969867079070994,35.352590516529602],[-101.973307012161996,35.352590516529602],[-101.975366948821005,35.352605855018403],[-101.978075979359005,35.352603676051999],[-101.982308505008007,35.352617925055299],[-101.986549077765005,35.3526244634186],[-101.989789270451993,35.350734344451297],[-101.992598800012004,35.349082689916699],[-101.996057508790003,35.347052341854003],[-101.999024031523007,35.345311923656801],[-102.002498833619001,35.343278390052298],[-102.006388036640999,35.340988789391503],[-102.008997825798005,35.339470239936297],[-102.012712770028003,35.337285580607997],[-102.015451220391,35.335681787499603],[-102.018377511175004,35.333979339094498],[-102.021767823125998,35.331959635144898],[-102.024720934909993,35.330244194349099],[-102.027902034620993,35.328377545919601],[-102.030946342473996,35.326591864198498],[-102.034224002095002,35.324668385441697],[-102.037102012025997,35.3229657688305],[-102.039982704325993,35.321285031018199],[-102.043201355411995,35.319398599478298],[-102.046527378532005,35.3174485494675]]]}},
{"type":"Feature","properties":{"OBJECTID":38101,"name":"Not Available","operator":"Not Available","circuits":null,"cables":"3","TYPE":"AC; OVERHEAD","OWNER":"SOUTHWESTERN PUBLIC SERVICE CO.","VOLTAGE":345.0,"VOLT_CLASS":"345","SUB_1":"NOT AVAILABLE","SUB_2":"NOT AVAILABLE","Shape__Length":315.62302349168607,"stroke":"#999999"},"geometry":{"type":"MultiLineString","coordinates":[[[-102.049767403234,35.3142520265001],[-102.049652235620997,35.314121017443597],[-102.049532709383001,35.3139850624746],[-102.050120029712005,35.313642997700398],[-102.050989148851002,35.313136982193498],[-102.051111776971993,35.3132820728569],[-102.051211856481004,35.313400593218802],[-102.051354348149999,35.313569237001502]]]}},
{"type":"Feature","properties":{"OBJECTID":38102,"name":"Not Available","operator":"Not Available","circuits":null,"cables":"3","TYPE":"AC; OVERHEAD","OWNER":"SOUTHWESTERN PUBLIC SERVICE CO","VOLTAGE":345.0,"VOLT_CLASS":"345","SUB_1":"NOT AVAILABLE","SUB_2":"NOT AVAILABLE","Shape__Length":282.63526288782288,"stroke":"#999999"},"geometry":{"type":"MultiLineString","coordinates":[[[-102.049346379927997,35.313765038248299],[-102.049402035949996,35.313829160242499],[-102.049602950451003,35.313710974767901],[-102.050463435881994,35.313204791822599],[-102.050708271713006,35.313518274824801],[-102.050802735852997,35.3136392255524],[-102.051211856481004,35.313400593218802]]]}},
{"type":"Feature","properties":{"OBJECTID":38103,"name":"Not Available","operator":"EDF","circuits":null,"cables":"3","TYPE":"AC; OVERHEAD","OWNER":"SOUTHWESTERN PUBLIC SERVICE CO.","VOLTAGE":345.0,"VOLT_CLASS":"345","SUB_1":"POTTER COUNTY","SUB_2":"NOT AVAILABLE","Shape__Length":21600.087803183906,"stroke":"#999999"},"geometry":{"type":"MultiLineString","coordinates":[[[-101.924247649232001,35.310204490110102],[-101.924247649232001,35.309791848673903],[-101.924230214728993,35.309428576237302],[-101.925072428427001,35.3095445819771],[-101.927660759526006,35.309540140351899],[-101.930643376475004,35.309546762104603],[-101.933841072560995,35.309560172746501],[-101.936884876459004,35.309572996936403],[-101.938437875838005,35.309581797346802],[-101.941613610809995,35.309603674847601],[-101.944397744099007,35.309621193557803],[-101.947071906529004,35.309618929863298],[-101.949614640940993,35.309614571811302],[-101.952758105732997,35.309618929863298],[-101.955475266921994,35.3096364478372],[-101.957886573316998,35.309643069581902],[-101.961019309530002,35.309647344796403],[-101.963795480152001,35.309660588283698],[-101.965994807496003,35.309656145198801],[-101.969513949535994,35.309678022679499],[-101.972603854075999,35.3096802849063],[-101.974771749368003,35.3096889189001],[-101.974807958661003,35.3121020686634],[-101.974777114106999,35.313813653127603],[-101.974759679604006,35.316106271000102],[-101.974758338420003,35.318102254367197],[-101.974751632495995,35.319865136229701],[-101.974751632495995,35.321723152801603],[-101.974744927470994,35.323757272062103],[-101.974736881260995,35.325889880526503],[-101.974740903916995,35.328084765423199],[-101.974731516521999,35.330054261571],[-101.974731516521999,35.332162561404999],[-101.974723469414002,35.334008256990899],[-101.974724810598005,35.336466584787097],[-101.974715423204003,35.338425939189797],[-101.974715423204003,35.340447653507397],[-101.974714082019005,35.342400385378902],[-101.974706034910994,35.344241470440899],[-101.974708047137,35.346314482700699],[-101.974697318557006,35.348101840341698],[-101.974630262914999,35.350742474367301],[-101.974592041395994,35.351990790689499],[-101.974592041395994,35.353204323431598],[-101.974691282777002,35.355500797370503],[-101.974693210561995,35.3577314726789],[-101.974681811839005,35.359838599802998],[-101.974677871828007,35.361863583302103],[-101.974673848273994,35.363827799157903],[-101.974679213013005,35.3657088657149],[-101.974673848273994,35.3675658759065],[-101.976843755792004,35.367551627343303],[-101.979487072769999,35.367553890148002],[-101.982877301177993,35.367562523820602],[-101.985286008746002,35.367562523820602],[-101.988362502336997,35.367601918145297],[-101.990489410197995,35.367610635321903],[-101.994456480984994,35.367617257445403],[-101.996570062339003,35.367610635321903],[-101.999284457615005,35.367621699542099],[-102.002425324480001,35.367641397424897],[-102.005126308806993,35.367634776035899],[-102.007966768260999,35.367656651743303],[-102.010764312499006,35.367654473183102],[-102.013612818162002,35.367646761782403],[-102.016544472787004,35.3676511203684],[-102.019561957844004,35.367655563195697],[-102.022307115028994,35.3676620160998],[-102.024735939470006,35.367660927552301],[-102.027689051254001,35.367663190354001],[-102.030961346135996,35.367660927552301],[-102.035632413136995,35.367669728231597],[-102.038188557599,35.3676664589266],[-102.040917705908001,35.367664279633999],[-102.041257004981006,35.367238898181],[-102.043424230129006,35.367243256789102],[-102.045968473711,35.367248537663599]]]}},
{"type":"Feature","properties":{"OBJECTID":38104,"name":"Not Available","operator":"Électricité de France","circuits":null,"cables":"3","TYPE":"AC; OVERHEAD","OWNER":"SOUTHWESTERN PUBLIC SERVICE CO.","VOLTAGE":345.0,"VOLT_CLASS":"345","SUB_1":"NOT AVAILABLE","SUB_2":"NOT AVAILABLE","Shape__Length":20849.255444073675,"stroke":"#999999"},"geometry":{"type":"MultiLineString","coordinates":[[[-102.432762962197998,35.282567259580603],[-102.434707564158003,35.282213626748202],[-102.436790214720006,35.282649318033997],[-102.439976763611,35.282678990523898],[-102.443167250716996,35.2827161214529],[-102.443212848303006,35.280064590070602],[-102.443254423232005,35.277553623804401],[-102.443302032145994,35.275004268171699],[-102.443332876699003,35.272735622166401],[-102.443377133998993,35.2705349538276],[-102.443418708029995,35.267822737069601],[-102.446864005858998,35.267852325511903],[-102.450191202178004,35.267882919489402],[-102.453330811401003,35.2679169503526],[-102.456351648970994,35.267949723353297],[-102.459356310576993,35.267981574408303],[-102.462364407340999,35.268008983013203],[-102.465475854380003,35.268041755976697],[-102.468724009732995,35.268070255183602],[-102.471972164188998,35.268111828641402],[-102.475169357217993,35.268144686642103],[-102.478734013300993,35.268181985590701],[-102.481746134516996,35.268211489556698],[-102.484715339619001,35.268239988703897],[-102.488216962715001,35.268279383035797],[-102.491090949989996,35.268304528890198],[-102.494490650233999,35.268336296927401],[-102.497971402771,35.268589765284197],[-102.50127320192,35.268758324958597],[-102.504428234318993,35.268849855729997],[-102.507469105216998,35.268882125953397],[-102.510624137614997,35.268911629664402],[-102.513893749229993,35.268940799653897],[-102.517189514395,35.268970219732502],[-102.520493911472002,35.269007435423603],[-102.523746173923996,35.269040375938602],[-102.527061301377003,35.269051273229699],[-102.530357819330007,35.269062252663502],[-102.533640843689994,35.269071054545201],[-102.536921101239002,35.269088572494397],[-102.540075462595993,35.269103827812501],[-102.543151957085001,35.269116986255398],[-102.546290140682004,35.269125788131198],[-102.549624126468004,35.269136768288199],[-102.552861553241996,35.269147664833],[-102.555310409216005,35.269830873870497],[-102.557705622292005,35.2704922902901],[-102.560167806568998,35.2711798569105],[-102.562740128792001,35.271898018223901],[-102.565433066910003,35.272640487473801],[-102.567954343265001,35.2733433937887],[-102.570354921079996,35.274011264646198],[-102.572782319894998,35.274679134397203],[-102.575308960090993,35.275382040622198],[-102.577706854637995,35.276049827200502],[-102.580134254350995,35.276719959424398],[-102.582596522171997,35.277405264322802],[-102.582580428853007,35.279176779916298],[-102.582561653165996,35.281090451327799],[-102.582529466528996,35.283455154291502],[-102.582497280791003,35.286051867937502],[-102.582475822733997,35.2886374335339],[-102.582400720880997,35.291183688827097],[-102.582387141946995,35.291810319078898]]]}},
{"type":"Feature","properties":{"OBJECTID":38105,"name":"Not Available","operator":"Électricité de France","circuits":2,"cables":"6","TYPE":"AC; OVERHEAD","OWNER":"SOUTHWESTERN PUBLIC SERVICE CO.","VOLTAGE":345.0,"VOLT_CLASS":"345","SUB_1":"POTTER COUNTY","SUB_2":"NOT AVAILABLE","Shape__Length":49157.923920769797,"stroke":"#999999"},"geometry":{"type":"MultiLineString","coordinates":[[[-102.432762962197998,35.282567259580603],[-102.430564808054001,35.282569438968302],[-102.427956443626002,35.282543790093797],[-102.425294350960002,35.282513028593002],[-102.422630246965994,35.282483523969702],[-102.419974105639,35.282453349825602],[-102.416929882228004,35.282417223408302],[-102.414395111380003,35.282386629053804],[-102.411726312791004,35.282359220180602],[-102.409161534619997,35.2823296326373],[-102.406444456974,35.282280430526399],[-102.404746282659005,35.284154037768701],[-102.403060179006999,35.286042228301],[-102.401361000375999,35.287904855942799],[-102.399812611151006,35.289603867571103],[-102.398071270990997,35.291512845536801],[-102.396408971794997,35.293338758713503],[-102.394717838475003,35.2951947634484],[-102.392964345007002,35.297116064005699],[-102.391464905880994,35.298766544337902],[-102.390056830809002,35.300365728021703],[-102.388428058535993,35.3022137696532],[-102.387330364869996,35.3034598239134],[-102.386241722628,35.304611245704699],[-102.384616639737004,35.306332553313098],[-102.383148800647007,35.307881780733503],[-102.381611811941994,35.3095692253316],[-102.380268108346996,35.311044524407301],[-102.378752660344006,35.312622584204099],[-102.377926539963994,35.314482947908502],[-102.377121876743999,35.316144157713197],[-102.376086544124007,35.318302078245303],[-102.374997567709002,35.3205715626572],[-102.374009173860003,35.322624374572797],[-102.372957747922001,35.3248051785055],[-102.371844631081004,35.327128054886799],[-102.370968806017999,35.3289476823347],[-102.369845044140007,35.331282460876899],[-102.368723881088997,35.333632579293798],[-102.367823329898002,35.335484896114103],[-102.366917413069999,35.337374763646501],[-102.365710418687996,35.339895369771597],[-102.364806514983997,35.341779118847398],[-102.363791214795,35.343874091828098],[-102.362883370182999,35.345627669419997],[-102.361957337381,35.3475632191602],[-102.360307108846996,35.347569840729697],[-102.357718776850007,35.347541928579297],[-102.355264556137001,35.347506976462903],[-102.352925669225996,35.347471939336103],[-102.349698971929001,35.347431455162003],[-102.347016763289005,35.347392059788397],[-102.344333883608002,35.347354844236499],[-102.341992315224999,35.347319892039202],[-102.339270542983996,35.347285945851603],[-102.336411308741006,35.347244455558901],[-102.333625164124001,35.347204473184703],[-102.330784705569002,35.347163485496999],[-102.328034770244003,35.3471268574825],[-102.325281482408002,35.347092826218102],[-102.322247232991003,35.3470469775936],[-102.320000883334004,35.347019065262501],[-102.317171153358004,35.346978580861503],[-102.314487602634998,35.346943544970898],[-102.311770524989001,35.346901467590698],[-102.309277411715996,35.346866431666697],[-102.306595873218996,35.346830975876401],[-102.304104102029996,35.3467959391891],[-102.301178482287,35.346758137182498],[-102.298306506339998,35.346722095164502],[-102.295287680098994,35.3466662710007],[-102.292534308718004,35.346637855887899],[-102.289797114199999,35.346597372028597],[-102.287062602949007,35.346555797851401],[-102.284719105883994,35.346518079263298],[-102.282034214874002,35.346483043173102],[-102.279313113673993,35.346437948912197],[-102.276613470531004,35.3464029955855],[-102.273911815161995,35.346367960178],[-102.271206807279995,35.346329653853701],[-102.268418651336006,35.346286989970302],[-102.265224140675997,35.346241057357297],[-102.262598928344005,35.346203255091098],[-102.259858717282995,35.346160339814404],[-102.257075925178995,35.346123123695001],[-102.254448701518996,35.346083729148802],[-102.251982409245997,35.346047686829898],[-102.249659617448998,35.345971160321703],[-102.247161139438006,35.346263185058199],[-102.244788725603001,35.346493939562897],[-102.241944913636999,35.346776744731699],[-102.239247281822003,35.347040942159197],[-102.236156036097,35.347345038249699],[-102.233209629339001,35.347638236961302],[-102.230334971920996,35.3479171869769],[-102.227420080757994,35.348207032920698],[-102.224496473241004,35.348493023773699],[-102.221954409869994,35.348740289324901],[-102.218564013478002,35.349068944390098],[-102.215512414,35.349373038707597],[-102.212776559768002,35.349644361932299],[-102.210475226029004,35.349862039131203],[-102.207882870476993,35.350082986493398],[-102.205937514829998,35.350477858223897],[-102.204092908836003,35.350814223624603],[-102.201971281271994,35.351189481473803],[-102.199527705595997,35.351591980134799],[-102.197382022048004,35.351665237959303],[-102.195230806674004,35.351708992160802],[-102.192688156702999,35.351752744873203],[-102.188074756153995,35.351725336053903],[-102.185196746222999,35.351746124379197],[-102.182726431294,35.351768084986503],[-102.17984506885,35.351775963489402],[-102.176835630002998,35.351777052983699],[-102.174499929416001,35.3533159700102],[-102.172373272185993,35.354697224647602],[-102.170260361874,35.356063390373897],[-102.167871101035004,35.357618736928103],[-102.165771602570004,35.358967217008598],[-102.164130173933998,35.360031467714201],[-102.161970911450993,35.3614259641041],[-102.160198055696,35.362569926140203],[-102.158096545004994,35.363874653597797],[-102.156275324852004,35.365038397397399],[-102.154944949560999,35.365726719496202],[-102.153198831260994,35.366573292021101],[-102.151629738563997,35.367245855105402],[-102.148366831974997,35.367267648141301],[-102.145810602172006,35.367310396171298],[-102.142987661663,35.367314754775499],[-102.139967410693998,35.367321291948699],[-102.137620561115995,35.367324561267701],[-102.134937011291001,35.367325651284901],[-102.132077776149998,35.367332272699201],[-102.129087112991002,35.367335542017699],[-102.126305662969997,35.367344259223103],[-102.123958729847999,35.367344259223103],[-102.120635472641993,35.367353059936903],[-102.118280409766996,35.367357334296898],[-102.115509770971002,35.367357334296898],[-102.112575433977,35.367353059936903],[-102.109756432579999,35.367357334296898],[-102.106855623407,35.367358424313601],[-102.104393355587007,35.367355154995998],[-102.101378552899007,35.367356245012701],[-102.098968504146001,35.367349790619102],[-102.096282355495006,35.367347527808597],[-102.093375512338994,35.367345347774901],[-102.090699337681997,35.367335542017699],[-102.087528212864001,35.367322968729198],[-102.085189409495996,35.367326237315602],[-102.082086765048999,35.367311486188697],[-102.079463564045,35.3673125747409],[-102.076655207684993,35.367314754775499],[-102.073635123802006,35.367319029137498],[-102.070962303455005,35.367323471983099],[-102.068086304852002,35.367322968729198],[-102.065218352458999,35.367324561267701],[-102.062472440689007,35.367332775220497],[-102.059647739482003,35.367334116498199],[-102.056690603245997,35.367328668610497],[-102.054049969535996,35.3673100606687],[-102.050842718070001,35.367285418068498],[-102.048239214424996,35.367263876298303],[-102.045968473711,35.367248537663599]]]}},
{"type":"Feature","properties":{"OBJECTID":38108,"name":"Not Available","operator":"Not Available","circuits":null,"cables":"3","TYPE":"AC; OVERHEAD","OWNER":"DEAF SMITH ELECTRIC COOP, INC","VOLTAGE":345.0,"VOLT_CLASS":"345","SUB_1":"NOT AVAILABLE","SUB_2":"NOT AVAILABLE","Shape__Length":599.59112012990033,"stroke":"#999999"},"geometry":{"type":"MultiLineString","coordinates":[[[-102.303834119659001,34.773063635514198],[-102.301143864809006,34.7730480453342],[-102.298448160779003,34.7730215586977]]]}},
{"type":"Feature","properties":{"OBJECTID":38109,"name":"Not Available","operator":"Sharyland Utilities","circuits":null,"cables":"6","TYPE":"AC; OVERHEAD","OWNER":"DEAF SMITH ELECTRIC COOP, INC","VOLTAGE":345.0,"VOLT_CLASS":"345","SUB_1":"OGALLALA","SUB_2":"NOT AVAILABLE","Shape__Length":51016.604068282119,"stroke":"#999999"},"geometry":{"type":"MultiLineString","coordinates":[[[-102.306831404299999,34.770360052967398],[-102.302842959897006,34.770316048072701],[-102.298842445730003,34.770269779963698],[-102.295183912107007,34.770227366708198],[-102.292016223345001,34.770193169404799],[-102.288462380282994,34.770143548127898],[-102.284707203205997,34.770101722928501],[-102.280793861554002,34.770071463844602],[-102.276971713277007,34.770028464579603],[-102.273246124908994,34.769984460246],[-102.269525901280005,34.769932659766397],[-102.266026958756996,34.769905669606402],[-102.262888858702993,34.769864850071997],[-102.260932102538007,34.767274842282802],[-102.258850708718995,34.764494732466297],[-102.256757245136995,34.761713365937503],[-102.254657158276004,34.758926969095199],[-102.252578363283007,34.7561669761715],[-102.250582883440003,34.753499351614899],[-102.248512134658,34.750721589290897],[-102.246347675422001,34.747908287705798],[-102.243761942250003,34.745480637151502],[-102.241240665895006,34.743175361153597],[-102.238620147261003,34.740768497448698],[-102.236073473735999,34.738427180898697],[-102.233536020518997,34.736096257874998],[-102.230966463311006,34.733738847376202],[-102.228296325333005,34.731288733642302],[-102.225649068345007,34.728852449217399],[-102.222973564729998,34.726388923955199],[-102.220368469270994,34.723999243243597],[-102.217714340170005,34.721563546558301],[-102.215056270160005,34.719109744811099],[-102.212441116264003,34.716714447904501],[-102.209785729521997,34.714266094289599],[-102.207106203251996,34.7118175721928],[-102.204550057890003,34.709459490713897],[-102.201900034988995,34.707021949337197],[-102.199229980555003,34.704561190688104],[-102.196646928853994,34.702183496130097],[-102.193991542112002,34.699741345273601],[-102.191397846274,34.697340935653898],[-102.188793420956998,34.694951589905003],[-102.186202407487997,34.692573057865701],[-102.183496058421994,34.690078770621199],[-102.180883670439002,34.687680373523897],[-102.178327440635996,34.685330338948397],[-102.175613046257993,34.682838063594801],[-102.173086405164,34.680505547682799],[-102.170626819712993,34.678246960379099],[-102.168301343750002,34.676104545487597],[-102.166085839545005,34.674061959225199],[-102.163631618832,34.671810832383898],[-102.161000371618002,34.669383265118],[-102.158310115869995,34.666914794744002],[-102.155673503917001,34.664477085730802],[-102.153254151313007,34.662246074554297],[-102.150824070129005,34.660013387330601],[-102.147938013987996,34.657344840824599],[-102.144971573899994,34.654606892742699],[-102.142683566667998,34.652504627225902],[-102.140097916141997,34.650110923102197],[-102.137391567972998,34.6476352445016],[-102.134848833560994,34.645280851563797],[-102.132231081737999,34.642855631053102],[-102.129607880734,34.640445918588398],[-102.126941764514001,34.637988762915299],[-102.124334657727005,34.635572259917197],[-102.121647000804998,34.633102616936903],[-102.119015753591,34.630692652138698],[-102.116360366848994,34.628227450524101],[-102.113761306271002,34.625841542010399],[-102.111234665176994,34.6234997211292],[-102.108520269901007,34.621011051250001],[-102.106071413028999,34.6187507862711],[-102.103477717190003,34.616356998718601],[-102.100831716944995,34.6139121650966],[-102.098268867456994,34.611559029973797],[-102.095581377621002,34.609060049592202],[-102.093277359715998,34.606936326334598],[-102.090697074825997,34.604574138494002],[-102.088052333120004,34.602127964101904],[-102.085407758501006,34.599677346833097],[-102.082881033863003,34.597352457906503],[-102.080330253241002,34.594987755354097],[-102.077575624220003,34.5924551642902],[-102.075126767347996,34.590200766498398],[-102.072758460610999,34.587997080863403],[-102.070470452479995,34.585883835510401],[-102.067874157815993,34.583496753638698],[-102.065245509427996,34.581063235925697],[-102.062662542168994,34.578687050067103],[-102.060020566375997,34.576244479517896],[-102.057378674125999,34.573790844972699],[-102.054825127591002,34.571436535418101],[-102.052212656064995,34.569000419596698],[-102.050297558371994,34.567248936556602],[-102.047033310597996,34.5672070272879],[-102.043892442835002,34.567171655715399],[-102.040376066706997,34.567105438925601],[-102.036253511916996,34.56705682394],[-102.032458269979003,34.5669949655463],[-102.028464460837,34.566935369941298],[-102.025994063262999,34.5668988243009],[-102.026016861607005,34.565064529717901],[-102.026046365873995,34.5618430287401],[-102.026074528956002,34.5590686193244],[-102.026097327299993,34.556130761656703],[-102.026132279848994,34.552876822708797],[-102.026161700572999,34.549581980728703],[-102.026216769995003,34.546328964345904],[-102.026275778528998,34.5431298425002],[-102.026329338782006,34.539837851229201],[-102.026396477968007,34.536572260255802],[-102.027368778498996,34.533381689639597],[-102.027430469402006,34.530542319546498],[-102.027478665814002,34.528029844078702],[-102.027526944870999,34.525006995568198],[-102.027553766767994,34.523515267592401],[-102.029383034028996,34.523546280678403],[-102.032958418692004,34.523585927202198],[-102.034211010659007,34.523605875536497],[-102.035356313239006,34.522947393690899],[-102.038709158255998,34.522953931182101]]]}},
{"type":"Feature","properties":{"OBJECTID":38110,"name":"Not Available","operator":"Not Available","circuits":null,"cables":"3","TYPE":"AC; OVERHEAD","OWNER":"DEAF SMITH ELECTRIC COOP, INC","VOLTAGE":345.0,"VOLT_CLASS":"345","SUB_1":"OGALLALA","SUB_2":"NOT AVAILABLE","Shape__Length":300.81451761374746,"stroke":"#999999"},"geometry":{"type":"MultiLineString","coordinates":[[[-102.037520520946998,34.519309899282199],[-102.037517754136005,34.519457840317997],[-102.03751465405,34.519625058321701],[-102.038347982510999,34.519635619533197],[-102.039403767075001,34.519649199077698],[-102.039397061151007,34.520003752671897]]]}},
{"type":"Feature","properties":{"OBJECTID":38111,"name":"Not Available","operator":"Not Available","circuits":null,"cables":"3","TYPE":"AC; OVERHEAD","OWNER":"DEAF SMITH ELECTRIC COOP, INC","VOLTAGE":345.0,"VOLT_CLASS":"345","SUB_1":"OGALLALA","SUB_2":"NOT AVAILABLE","Shape__Length":300.54271151438678,"stroke":"#999999"},"geometry":{"type":"MultiLineString","coordinates":[[[-102.037988901638002,34.519318616070997],[-102.037984962525002,34.519464461720297],[-102.037975657774993,34.519810465897997],[-102.038821224884003,34.519821195099901],[-102.039872734365005,34.519834522223199],[-102.039869548938995,34.520003752671897]]]}},
{"type":"Feature","properties":{"OBJECTID":38114,"name":"Not Available","operator":"Not Available","circuits":null,"cables":"3","TYPE":"AC; OVERHEAD","OWNER":"NOT AVAILABLE","VOLTAGE":345.0,"VOLT_CLASS":"345","SUB_1":"WHITE RIVER","SUB_2":"NOT AVAILABLE","Shape__Length":573.04676378492354,"stroke":"#999999"},"geometry":{"type":"MultiLineString","coordinates":[[[-101.359868627622006,34.432831540321502],[-101.359874830489005,34.433710634911101],[-101.359520777485997,34.434677319692703],[-101.356664225613002,34.434615460790098]]]}},
{"type":"Feature","properties":{"OBJECTID":38115,"name":"Not Available","operator":"Not Available","circuits":null,"cables":"3","TYPE":"AC; OVERHEAD","OWNER":"LIGHTHOUSE ELECTRIC COOP, INC","VOLTAGE":345.0,"VOLT_CLASS":"345","SUB_1":"COTTONWOOD","SUB_2":"WHITE RIVER","Shape__Length":712.06752345101438,"stroke":"#999999"},"geometry":{"type":"MultiLineString","coordinates":[[[-100.877198912577995,33.778467256912002],[-100.877216011111997,33.779016774215201],[-100.877296142632005,33.780400961194502],[-100.881363712441001,33.780451169379603]]]}},
{"type":"Feature","properties":{"OBJECTID":38116,"name":"Not Available","operator":"Sharyland Utilities","circuits":2,"cables":"6","TYPE":"AC; OVERHEAD","OWNER":"SOUTHWESTERN PUBLIC SERVICE CO","VOLTAGE":345.0,"VOLT_CLASS":"345","SUB_1":"UNKNOWN300767","SUB_2":"NOT AVAILABLE","Shape__Length":65069.375650135713,"stroke":"#999999"},"geometry":{"type":"MultiLineString","coordinates":[[[-100.881363712441001,33.780451169379603],[-100.882350765105997,33.781875674368102],[-100.882356129844993,33.784748151928603],[-100.882374234490996,33.787797153210299],[-100.882382365143002,33.7913248449101],[-100.882386304254993,33.794273849474401],[-100.882393009279994,33.797488058059798],[-100.882399715204002,33.8006034440806],[-100.882402481116998,33.803919493081501],[-100.882409857184001,33.807176951485701],[-100.882385382584005,33.810459220697197],[-100.882353866989007,33.813654485429304],[-100.882335761443997,33.817036165370297],[-100.882324949321003,33.8200633728367],[-100.882324949321003,33.822793023746499],[-100.882322937094997,33.826034054015501],[-100.882320254725997,33.829259829371097],[-100.882319668126001,33.832471690954399],[-100.882322937094997,33.835666537719398],[-100.886308783570001,33.835642062435497],[-100.889811665205997,33.8356275620147],[-100.893409848212002,33.835613647339102],[-100.896971151781997,33.835599733407399],[-100.900612250004002,33.835584143563203],[-100.904049501624002,33.835566876313202],[-100.907612815622997,33.835551872957197],[-100.909519866208001,33.836649063741703],[-100.912277261141995,33.838236428897297],[-100.915102967563996,33.839860590229797],[-100.917675122700004,33.841346534682998],[-100.920577356601001,33.841135980867001],[-100.923565253847002,33.840919894732203],[-100.926297167170006,33.840717136931502],[-100.929444656415001,33.840491076928501],[-100.932663306603004,33.8402560485343],[-100.935688838768002,33.840035437094102],[-100.938670113634004,33.839804850702897],[-100.941227683723994,33.839602176062698],[-100.943601354300995,33.839442836125698],[-100.947463736323996,33.839185595872401],[-100.950149967618998,33.838979484507902],[-100.953978821820996,33.838698774258901],[-100.956624821168006,33.838506075260597],[-100.959168980307993,33.838313374335499],[-100.962253435668003,33.838096032002397],[-100.965490862441996,33.837867793007],[-100.968846306285002,33.8376282379214],[-100.972825363294007,33.837346438317297],[-100.975684681979004,33.837147032751602],[-100.978854969566996,33.837150386003103],[-100.981926181961995,33.837153654938199],[-100.986475124796996,33.837162623056898],[-100.990482344887994,33.837167065703902],[-100.994362160514996,33.8371748608551],[-100.996830463218004,33.837177626876297],[-100.999818444008,33.837179889984498],[-101.003373712696003,33.837188775276502],[-101.007780666019997,33.837170921867603],[-101.011415059217001,33.837158767639004],[-101.014154851662994,33.837145356872],[-101.016940325237996,33.837143680246101],[-101.020131566928995,33.837159857781401],[-101.023039668625003,33.837178716272298],[-101.026702225801998,33.837197156908701],[-101.03121235962,33.837222218230004],[-101.035120338330003,33.837226660873903],[-101.038546860471996,33.837228839664597],[-101.041618072866996,33.837232277229099],[-101.044864804390997,33.837235546161097],[-101.047874242340001,33.837237892837798],[-101.047906428976006,33.839706279755397],[-101.047923863478999,33.842225963349399],[-101.047935933244005,33.8447365941336],[-101.047953366848006,33.847279496422097],[-101.047918582283998,33.849756516805797],[-101.047887653288996,33.852259268309801],[-101.047860830492994,33.854760680510097],[-101.047818670759995,33.857793839596297],[-101.047850102810997,33.861112571143998],[-101.047941381526002,33.864149417758597],[-101.048017740122006,33.866862136984103],[-101.048107678549002,33.869877526106997],[-101.048201471647999,33.873124592377202],[-101.048233071685004,33.876098071841199],[-101.048260563726004,33.8788437321152],[-101.048285960895996,33.881871191863397],[-101.048319573159006,33.8847624456685],[-101.048342958101998,33.887423867763701],[-101.047893771714001,33.889760657693202],[-101.047401503022996,33.8923322260788],[-101.046812757965995,33.895360188457602],[-101.046811416780997,33.898079697003098],[-101.046818122705005,33.901080670263802],[-101.046819462990996,33.9041650424887],[-101.046831532754993,33.907118070687801],[-101.046828851284005,33.910206634998403],[-101.046826168915004,33.9132796921443],[-101.046830276012003,33.917317338642299],[-101.046831532754993,33.918478063854401],[-101.046832958381003,33.922685863675099],[-101.046834216023001,33.926499461652298],[-101.046816865062993,33.930652275517303],[-101.046795323463002,33.934070499484598],[-101.046772525118996,33.937227125053703],[-101.046753749431005,33.940602852114999],[-101.048946455293006,33.942866972353102],[-101.051411405482995,33.9454202665747],[-101.054752180736003,33.948874616680101],[-101.057702526607002,33.951913979262002],[-101.060738870894994,33.955062137967602],[-101.063241371562,33.9576473682786],[-101.065652677957004,33.960157999523801],[-101.068122908443996,33.962700733761999],[-101.070565060291003,33.9652467372321],[-101.073020622187997,33.967790561304398],[-101.075444081889998,33.970286356049002],[-101.077891514033993,33.972805453390897],[-101.080399462982996,33.975390180969399],[-101.080410108020004,33.9785964264873],[-101.080414131574003,33.981154248691404],[-101.080438271101997,33.984610441711403],[-101.080458471518,33.987677381279198],[-101.080483868688006,33.990850936601099],[-101.080490658154005,33.994079980859198],[-101.083483919241004,33.994057769013303],[-101.087302043964996,33.9940288518223],[-101.091081360570001,33.994002197292602],[-101.095211961570001,33.993964394738001],[-101.098844930937005,33.993932041052702],[-101.101171746286994,33.9962626285498],[-101.103666871786004,33.998772673036299],[-101.106224358332,34.001329824708598],[-101.109145367921002,34.004260556308203],[-101.112440461145994,34.0075590877385],[-101.114924102583004,34.010062677397002],[-101.117151761892003,34.012294862666998],[-101.119961375893993,34.015110679372903],[-101.122132539256995,34.017283938728298],[-101.124425828583,34.019595919104098],[-101.126839817347005,34.022005884093403],[-101.129177362175,34.024348961178802],[-101.131689250237002,34.026862023108002],[-101.133935599894997,34.029121616966798],[-101.133977258368006,34.032179167604198],[-101.134026879507005,34.035325483041603],[-101.134067028811003,34.037854890087502],[-101.134350001718005,34.040553191243298],[-101.134641020836,34.0433469641698],[-101.134924665683997,34.046083823457501],[-101.135226413381005,34.048823029049103],[-101.135250553808007,34.052590946121803],[-101.135285421915,34.056445447591102],[-101.139235058200001,34.0564254989293],[-101.143108168802002,34.056402029252702],[-101.146981278504995,34.056384343077703],[-101.150861009690999,34.056354336706399],[-101.154691205077,34.056326592823098],[-101.158560374770005,34.056308739177602],[-101.162397275180993,34.056288790483599],[-101.166313216557,34.056269847257802],[-101.170219853183994,34.056243192919503],[-101.173899843965998,34.056220980964497],[-101.174236713095993,34.057419761045303],[-101.176579036063998,34.0574214370588]]]}},
{"type":"Feature","properties":{"OBJECTID":38131,"name":"Not Available","operator":"Not Available","circuits":null,"cables":"3","TYPE":"AC; OVERHEAD","OWNER":"LIGHTHOUSE ELECTRIC COOP, INC","VOLTAGE":345.0,"VOLT_CLASS":"345","SUB_1":"COTTONWOOD","SUB_2":"WHITE RIVER","Shape__Length":537.06763489361015,"stroke":"#999999"},"geometry":{"type":"MultiLineString","coordinates":[[[-100.876865312418005,33.778474632555501],[-100.876871012227994,33.779026329338002],[-100.876880567607998,33.780463155455699],[-100.874449061695998,33.780418061130199]]]}},
{"type":"Feature","properties":{"OBJECTID":38139,"name":"Not Available","operator":"American Electric Power","circuits":null,"cables":"3","TYPE":"AC; OVERHEAD","OWNER":"SOUTH PLAINS ELECTRIC COOP INC","VOLTAGE":345.0,"VOLT_CLASS":"345","SUB_1":"TESLA","SUB_2":"NOT AVAILABLE","Shape__Length":687.9840948392474,"stroke":"#999999"},"geometry":{"type":"MultiLineString","coordinates":[[[-100.086633311057,34.373168735109303],[-100.085556571493001,34.373136548773701],[-100.083490348422998,34.373186085029403],[-100.083531001682005,34.370680651146202]]]}},
{"type":"Feature","properties":{"OBJECTID":38140,"name":"Not Available","operator":"American Electric Power","circuits":null,"cables":"3","TYPE":"AC; OVERHEAD","OWNER":"SOUTH PLAINS ELECTRIC COOP INC","VOLTAGE":345.0,"VOLT_CLASS":"345","SUB_1":"TESLA","SUB_2":"NOT AVAILABLE","Shape__Length":754.04833662858528,"stroke":"#999999"},"geometry":{"type":"MultiLineString","coordinates":[[[-100.087028937192997,34.373392531749303],[-100.085544418186004,34.373352466131799],[-100.083391107940997,34.373263534583998],[-100.083531001682005,34.370680651146202]]]}},
{"type":"Feature","properties":{"OBJECTID":38142,"name":"Not Available","operator":"LS Power","circuits":null,"cables":"3","TYPE":"AC; OVERHEAD","OWNER":"LIGHTHOUSE ELECTRIC COOP, INC","VOLTAGE":345.0,"VOLT_CLASS":"345","SUB_1":"TESLA","SUB_2":"NOT AVAILABLE","Shape__Length":597.53922318497757,"stroke":"#999999"},"geometry":{"type":"MultiLineString","coordinates":[[[-100.087036061731993,34.373178960440903],[-100.088144903490999,34.3731998322435],[-100.090249264535998,34.373264288637401],[-100.092385644233005,34.373483643014097]]]}},
{"type":"Feature","properties":{"OBJECTID":38143,"name":"Not Available","operator":"LS Power","circuits":null,"cables":"3","TYPE":"AC; OVERHEAD","OWNER":"LIGHTHOUSE ELECTRIC COOP, INC","VOLTAGE":345.0,"VOLT_CLASS":"345","SUB_1":"TESLA","SUB_2":"NOT AVAILABLE","Shape__Length":595.67011014437708,"stroke":"#999999"},"geometry":{"type":"MultiLineString","coordinates":[[[-100.087042766756994,34.373553045377697],[-100.088130151357007,34.373587997888201],[-100.090235853587004,34.373625045709304],[-100.092385644233005,34.373483643014097]]]}},
{"type":"Feature","properties":{"OBJECTID":38144,"name":"Not Available","operator":"LS Power","circuits":null,"cables":"3","TYPE":"AC; OVERHEAD","OWNER":"LIGHTHOUSE ELECTRIC COOP, INC","VOLTAGE":345.0,"VOLT_CLASS":"345","SUB_1":"TESLA","SUB_2":"NOT AVAILABLE","Shape__Length":318.09064043159356,"stroke":"#999999"},"geometry":{"type":"MultiLineString","coordinates":[[[-100.892565706729002,34.3424810786723],[-100.892474511558007,34.344029049113601],[-100.893454942741002,34.344032652328501]]]}},
{"type":"Feature","properties":{"OBJECTID":38145,"name":"Not Available","operator":"LS Power","circuits":null,"cables":"3","TYPE":"AC; OVERHEAD","OWNER":"LIGHTHOUSE ELECTRIC COOP, INC","VOLTAGE":345.0,"VOLT_CLASS":"345","SUB_1":"NOT AVAILABLE","SUB_2":"NOT AVAILABLE","Shape__Length":255.64674316549426,"stroke":"#999999"},"geometry":{"type":"MultiLineString","coordinates":[[[-100.895055466591003,34.342908136909898],[-100.895181530767999,34.343991162686102],[-100.894204033483007,34.344032485444401]]]}},
{"type":"Feature","properties":{"OBJECTID":38146,"name":"Not Available","operator":"LS Power","circuits":null,"cables":"3","TYPE":"AC; OVERHEAD","OWNER":"LIGHTHOUSE ELECTRIC COOP, INC","VOLTAGE":345.0,"VOLT_CLASS":"345","SUB_1":"NOT AVAILABLE","SUB_2":"NOT AVAILABLE","Shape__Length":352.15626626090102,"stroke":"#999999"},"geometry":{"type":"MultiLineString","coordinates":[[[-101.359296646025996,34.431625887725502],[-101.359410220925994,34.430304145308902],[-101.359568471740005,34.429026575513902]]]}},
{"type":"Feature","properties":{"OBJECTID":38147,"name":"Not Available","operator":"LS Power","circuits":null,"cables":"3","TYPE":"AC; OVERHEAD","OWNER":"NOT AVAILABLE","VOLTAGE":345.0,"VOLT_CLASS":"345","SUB_1":"BRISCOE WIND","SUB_2":"NOT AVAILABLE","Shape__Length":351.57683752183846,"stroke":"#999999"},"geometry":{"type":"MultiLineString","coordinates":[[[-101.359859239328998,34.431620272203098],[-101.359732002851004,34.430299787079001],[-101.359568471740005,34.429026575513902]]]}},
{"type":"Feature","properties":{"OBJECTID":38149,"name":"Not Available","operator":"Not Available","circuits":null,"cables":"3","TYPE":"AC; OVERHEAD","OWNER":"SOUTH PLAINS ELECTRIC COOP INC","VOLTAGE":345.0,"VOLT_CLASS":"345","SUB_1":"TESLA","SUB_2":"NOT AVAILABLE","Shape__Length":709.75745034465433,"stroke":"#999999"},"geometry":{"type":"MultiLineString","coordinates":[[[-100.087443674089002,34.3746979291776],[-100.087454570652994,34.374404479370099],[-100.087462532421,34.374189566410003],[-100.087484912150003,34.373589170855603],[-100.087491702514995,34.373404350424401],[-100.087499748724994,34.373190696103698],[-100.087507627849007,34.372976956712598],[-100.087521458311002,34.372605638536101],[-100.087322974649993,34.372600693033498],[-100.087096914507995,34.372594994212598],[-100.086864149338993,34.372589042555298],[-100.086622330949993,34.372582924070201],[-100.086405827085002,34.372577475118398],[-100.086226034671,34.372572865493197],[-100.086212204207996,34.372945021655397],[-100.086204325983005,34.373157838023097],[-100.086196363317001,34.373371577694002],[-100.086189740936007,34.373550195258296],[-100.086167109678996,34.374156793245398],[-100.086159147013007,34.374371621765498],[-100.086148082462998,34.374671358327198]]]}},
{"type":"Feature","properties":{"OBJECTID":38151,"name":"Not Available","operator":"LS Power","circuits":null,"cables":"3","TYPE":"AC; OVERHEAD","OWNER":"GREENBELT ELECTRIC COOP, INC","VOLTAGE":345.0,"VOLT_CLASS":"345","SUB_1":"TESLA","SUB_2":"NOT AVAILABLE","Shape__Length":837.58975059516797,"stroke":"#999999"},"geometry":{"type":"MultiLineString","coordinates":[[[-100.087021226055001,34.374020923347601],[-100.088110118927005,34.374053947914099],[-100.089985066417995,34.374152267489997],[-100.091583411852994,34.374240277967097],[-100.091415354131996,34.376674381771302]]]}},
{"type":"Feature","properties":{"OBJECTID":38152,"name":"Not Available","operator":"LS Power","circuits":null,"cables":"3","TYPE":"AC; OVERHEAD","OWNER":"GREENBELT ELECTRIC COOP, INC","VOLTAGE":345.0,"VOLT_CLASS":"345","SUB_1":"TESLA","SUB_2":"NOT AVAILABLE","Shape__Length":797.26866857126561,"stroke":"#999999"},"geometry":{"type":"MultiLineString","coordinates":[[[-100.087002533911004,34.374393079749098],[-100.088105425229003,34.374416883638901],[-100.089976349165994,34.3744062395455],[-100.091387359932995,34.374382936865402],[-100.091415354131996,34.376674381771302]]]}},
{"type":"Feature","properties":{"OBJECTID":38154,"name":"Not Available","operator":"Invenergy","circuits":null,"cables":"3","TYPE":"AC; OVERHEAD","OWNER":"NOT AVAILABLE","VOLTAGE":345.0,"VOLT_CLASS":"345","SUB_1":"MIAMI WIND","SUB_2":"NOT AVAILABLE","Shape__Length":46084.804486794557,"stroke":"#999999"},"geometry":{"type":"MultiLineString","coordinates":[[[-100.541008067351996,35.620374888149001],[-100.540328128021997,35.620380252453899],[-100.540322763283001,35.618062572682597],[-100.540313375888005,35.615752353440399],[-100.540300635980998,35.613354373950301],[-100.540290576646001,35.611122524430897],[-100.540281105708004,35.608909785518399],[-100.540270460672005,35.606494625112802],[-100.540263755647004,35.604225559688103],[-100.540253027066996,35.601868652960299],[-100.540243638774001,35.599552564550798],[-100.540234250481006,35.597241757438098],[-100.540228802198996,35.595011752848997],[-100.540214804650006,35.592694826830801],[-100.540209439910996,35.590469096145704],[-100.540193346593,35.587982940740801],[-100.540187982752002,35.585670288844703],[-100.541541157286005,35.583516223355197],[-100.542897013290002,35.5813610683268],[-100.544321266121997,35.579096697621203],[-100.545689110143996,35.576927125935697],[-100.546977911403999,35.574876576919202],[-100.548368719958006,35.5726698737205],[-100.549685015055005,35.570568866128802],[-100.551081103906,35.568357635900398],[-100.552352471562003,35.566317647962002],[-100.553690222919997,35.564082948612999],[-100.555107184126001,35.561943551496597],[-100.556508554173007,35.559705332734602],[-100.557814119792994,35.5576297213088],[-100.559119600971002,35.555557295886501],[-100.560380322691998,35.553554692226299],[-100.561813209232,35.5512829453832],[-100.563191948919993,35.549088143194801],[-100.564612848341,35.546840367755401],[-100.567442579214998,35.546863837134197],[-100.570352775782993,35.546885630540302],[-100.573130204045995,35.546899879537797],[-100.576039059428993,35.5469227627134],[-100.578993511498993,35.546947823978599],[-100.581515458894998,35.546964756115699],[-100.584488604008001,35.5469887283204],[-100.587469209629006,35.5470073356813],[-100.590065001236994,35.5470231772969],[-100.593050383201003,35.547047150215],[-100.595421372307001,35.545682073381997],[-100.597624136605006,35.544429398107503],[-100.600311709983998,35.542892995330398],[-100.602990565213005,35.541365727840997],[-100.605383766960998,35.540003249375999],[-100.607586531259003,35.538742360561798],[-100.610073609650001,35.537328081826303],[-100.612606955768996,35.535877090453397],[-100.614459021374003,35.534821221905702],[-100.617219600835995,35.534207834902602],[-100.619419011722997,35.533059765046197],[-100.621739206490005,35.531839695239597],[-100.623949346854999,35.5306805613683],[-100.626268115995003,35.529463677180701],[-100.628515807735994,35.5282892887396],[-100.629802011067994,35.5276210828941],[-100.630638776484005,35.527186984919503],[-100.633011105875994,35.525929531136001],[-100.635254103918996,35.524750281749597],[-100.637556109597995,35.5235414435097],[-100.639971522191999,35.522271417128202],[-100.642154169617996,35.521133070997799],[-100.644119559491998,35.520097654622198],[-100.646298853507005,35.518955368881798],[-100.648738322086004,35.517670675019303],[-100.651150383065001,35.516406096647898],[-100.653535453263999,35.515157779862598],[-100.65608221123,35.513823297345802],[-100.658703483550994,35.512446738055303],[-100.661403714192005,35.511026423845003],[-100.664026914298006,35.509649864132903],[-100.666255159309003,35.508565832115202],[-100.668508214889997,35.507476856010399],[-100.671065031292002,35.506236166539303],[-100.673432079489999,35.5050832356849],[-100.675831316119996,35.503922761042404],[-100.678414283378999,35.502670421043398],[-100.680894655846004,35.501467366331703],[-100.683403862437004,35.500249978545497],[-100.685590533416999,35.499186567025099],[-100.68753580552,35.498239327181103],[-100.689697665929998,35.497188991322801],[-100.691790459369003,35.496175283969698],[-100.693777976546002,35.495211030457],[-100.696491701678994,35.493889873667896],[-100.699305338336998,35.492524462259702],[-100.701565183384005,35.491429282795899],[-100.703819413063002,35.490328571300601],[-100.706006838627999,35.489267254191603],[-100.709011247807993,35.487808887795602],[-100.711810802475,35.486451269849503],[-100.714788055583,35.4850010330995],[-100.717431372560995,35.483719021870201],[-100.719897663037997,35.482518817071302],[-100.722363284270003,35.481320372633],[-100.724761178817005,35.4801529411166],[-100.727121521989005,35.479007386414899],[-100.729696443037994,35.477757979933997],[-100.732219060578004,35.476529863242497],[-100.734701445271,35.475322450608601],[-100.737346103434007,35.474037085132203],[-100.740017583493994,35.472740655899798],[-100.742771541473999,35.471401563431897],[-100.745298853609995,35.470170177410203],[-100.747714182660005,35.468995957011501],[-100.750041082452,35.467864987042198],[-100.752412071558993,35.466709374324402],[-100.755125125651006,35.464121796603003],[-100.757288327245007,35.462050125233198],[-100.759467622157999,35.459966551410702],[-100.761188929887993,35.458321351823699],[-100.762762716281998,35.456819985434599],[-100.764380758179001,35.455273523942097],[-100.766430637300004,35.453311572033698],[-100.768185471953004,35.451635275068902],[-100.769695556116005,35.4501925821789],[-100.771107738284996,35.448836725691798],[-100.772699629325004,35.447317086814898],[-100.774779682857002,35.445328647005198],[-100.776885803702001,35.443320595041101],[-100.778944482719993,35.441348333200999],[-100.780670400603995,35.439702881751899],[-100.782414507575993,35.438027841974701],[-100.784229776390006,35.436293291469198],[-100.785981258530001,35.434617078471703],[-100.787819913185999,35.432906918946003],[-100.789515068263,35.431317038657298],[-100.790659701598003,35.428906991003402],[-100.791798383593999,35.426502222154603],[-100.792895322676003,35.424167444112399],[-100.794896249903005,35.421952274227003],[-100.796887707089994,35.419734757196203],[-100.799017464406006,35.417694267523601],[-100.800502066956994,35.416266829400797],[-100.802265619760007,35.414580474250698],[-100.804659407209996,35.413304999423701],[-100.807302808629998,35.4118184698712],[-100.809873706125003,35.410376781837499],[-100.812502270969006,35.408900058282498],[-100.814658766639994,35.407623326466201],[-100.817276602006999,35.407573035717],[-100.818946948310995,35.407520732191799]]]}},
{"type":"Feature","properties":{"OBJECTID":38155,"name":"Not Available","operator":"LS Power","circuits":null,"cables":"3","TYPE":"AC; OVERHEAD","OWNER":"GREENBELT ELECTRIC COOP, INC","VOLTAGE":345.0,"VOLT_CLASS":"345","SUB_1":"TESLA","SUB_2":"NOT AVAILABLE","Shape__Length":739.20215204127646,"stroke":"#999999"},"geometry":{"type":"MultiLineString","coordinates":[[[-100.819542733464999,35.407245470382698],[-100.819545080763007,35.406680362559499],[-100.818509748143001,35.406682961802296],[-100.816861530937999,35.406792847460302],[-100.816102465303004,35.406886892272901],[-100.815978748424001,35.404859729813403]]]}},
{"type":"Feature","properties":{"OBJECTID":38156,"name":"Not Available","operator":"LS Power","circuits":null,"cables":"3","TYPE":"AC; OVERHEAD","OWNER":"SOUTHWESTERN PUBLIC SERVICE CO.","VOLTAGE":345.0,"VOLT_CLASS":"345","SUB_1":"NOT AVAILABLE","SUB_2":"NOT AVAILABLE","Shape__Length":978.92837069217853,"stroke":"#999999"},"geometry":{"type":"MultiLineString","coordinates":[[[-100.816495409069006,35.402791075863902],[-100.816429024467993,35.405708229627599],[-100.818186541491002,35.405627679910999],[-100.819744234566002,35.405692974449401],[-100.819725458879006,35.406329077420096],[-100.819737026484006,35.407236669627402]]]}},
{"type":"Feature","properties":{"OBJECTID":38157,"name":"Not Available","operator":"LS Power","circuits":null,"cables":"3","TYPE":"AC; OVERHEAD","OWNER":"SOUTHWESTERN PUBLIC SERVICE CO.","VOLTAGE":345.0,"VOLT_CLASS":"345","SUB_1":"NOT AVAILABLE","SUB_2":"NOT AVAILABLE","Shape__Length":981.47870626108909,"stroke":"#999999"},"geometry":{"type":"MultiLineString","coordinates":[[[-100.820113205891005,35.407244380904899],[-100.820007761642998,35.4063228743547],[-100.819946070738993,35.405531455359402],[-100.818186541491002,35.405627679910999],[-100.816636224481996,35.405553331774598],[-100.816495409069006,35.402791075863902]]]}},
{"type":"Feature","properties":{"OBJECTID":38158,"name":"Not Available","operator":"Not Available","circuits":null,"cables":"3","TYPE":"AC; OVERHEAD","OWNER":"SOUTHWESTERN PUBLIC SERVICE CO.","VOLTAGE":345.0,"VOLT_CLASS":"345","SUB_1":"DAVID SWINFORD","SUB_2":"NOT AVAILABLE","Shape__Length":380.15059426634832,"stroke":"#999999"},"geometry":{"type":"MultiLineString","coordinates":[[[-101.154512753847001,35.402089091080299],[-101.154519543313995,35.4015523985505],[-101.154447961060995,35.400792075393198],[-101.156258369091006,35.400632484712098]]]}},
{"type":"Feature","properties":{"OBJECTID":38159,"name":"Not Available","operator":"Not Available","circuits":null,"cables":"3","TYPE":"AC; OVERHEAD","OWNER":"SOUTHWESTERN PUBLIC SERVICE CO.","VOLTAGE":345.0,"VOLT_CLASS":"345","SUB_1":"DAVID SWINFORD","SUB_2":"NOT AVAILABLE","Shape__Length":441.22928665734651,"stroke":"#999999"},"geometry":{"type":"MultiLineString","coordinates":[[[-101.154137914727002,35.402091689738903],[-101.154136322013997,35.401946766615602],[-101.154148141147999,35.401556756769303],[-101.154100112722006,35.4006210845289],[-101.156258369091006,35.400632484712098]]]}},
{"type":"Feature","properties":{"OBJECTID":38160,"name":"Not Available","operator":"Not Available","circuits":null,"cables":"3","TYPE":"AC; OVERHEAD","OWNER":"SOUTHWESTERN PUBLIC SERVICE CO.","VOLTAGE":345.0,"VOLT_CLASS":"345","SUB_1":"NOT AVAILABLE","SUB_2":"NOT AVAILABLE","Shape__Length":1380.5461340933759,"stroke":"#999999"},"geometry":{"type":"MultiLineString","coordinates":[[[-101.153776067940996,35.402365777825203],[-101.153788054162007,35.4028936710327],[-101.153782605879996,35.403291056571703],[-101.149968504710003,35.403319470780303],[-101.147272382064997,35.4010884599682],[-101.143694901632998,35.400693672526899]]]}},
{"type":"Feature","properties":{"OBJECTID":38161,"name":"Not Available","operator":"LS Power","circuits":null,"cables":"3","TYPE":"AC; OVERHEAD","OWNER":"SOUTHWESTERN PUBLIC SERVICE CO.","VOLTAGE":345.0,"VOLT_CLASS":"345","SUB_1":"NOT AVAILABLE","SUB_2":"NOT AVAILABLE","Shape__Length":341.92716580467118,"stroke":"#999999"},"geometry":{"type":"MultiLineString","coordinates":[[[-101.359913218195999,35.254345475585403],[-101.359854712718004,35.253188269914702],[-101.359629408059007,35.251850769449199]]]}},
{"type":"Feature","properties":{"OBJECTID":38162,"name":"Not Available","operator":"Not Available","circuits":null,"cables":"3","TYPE":"AC; OVERHEAD","OWNER":"SOUTHWESTERN PUBLIC SERVICE CO.","VOLTAGE":345.0,"VOLT_CLASS":"345","SUB_1":"DAVID SWINFORD","SUB_2":"NOT AVAILABLE","Shape__Length":17261.607999860134,"stroke":"#999999"},"geometry":{"type":"MultiLineString","coordinates":[[[-101.372371324949,35.442852046229],[-101.371604214002005,35.442808293887602],[-101.369419554350003,35.4428574948696],[-101.367233554411996,35.442868391417903],[-101.365243354867005,35.442876521563697],[-101.363395312815996,35.442774933104701],[-101.361661265178995,35.441712946567101],[-101.361559341428006,35.440169084200299],[-101.361552634606994,35.438543161864203],[-101.361533859817001,35.436980691487399],[-101.361524471524007,35.435383184513498],[-101.361498907268,35.433816271452898],[-101.361488262232001,35.432189176330397],[-101.361469403000996,35.430574151355998],[-101.361454734410003,35.428997263741998],[-101.361603681372998,35.427261957994503],[-101.359342411596998,35.4274356314532],[-101.357231512612998,35.427461866791901],[-101.355148861152998,35.427478295624397],[-101.353050032832002,35.427479971886299],[-101.350977356265005,35.427483743841499],[-101.348861008998995,35.427488186301098],[-101.346763605405002,35.427483743841499],[-101.344655305247997,35.427488186301098],[-101.342576677341995,35.427488186301098],[-101.340516740683,35.427479385560702],[-101.338346834063003,35.427485922249801],[-101.336219841759998,35.427490281262301],[-101.334216231265998,35.427483743841499],[-101.332097202528999,35.427499082001603],[-101.329981023247996,35.427518779901803],[-101.327904909726001,35.427527497190901],[-101.325796777554004,35.427544931766299],[-101.323728711141001,35.427560270646801],[-101.321588306991998,35.427579967067999],[-101.319496268137001,35.427586421766001],[-101.317385370051994,35.4276039397757],[-101.315295929125,35.4276236376501],[-101.313187713408993,35.427638976515603],[-101.311141103256006,35.427647693791798],[-101.308931047333004,35.427671749194197],[-101.306755775075999,35.427708881592103],[-101.304628700129001,35.427739475840802],[-101.302461559421999,35.427774427610899],[-101.300299782555001,35.427798483707498],[-101.298119062015999,35.427833436916103],[-101.295731812504002,35.4278705677754],[-101.293307179603005,35.427909963389098],[-101.290946835531997,35.427944832370699],[-101.288747424644995,35.427975426529798],[-101.286647254241004,35.4280060199453],[-101.284530907873005,35.428034517670199],[-101.282450938783001,35.4280672916518],[-101.280323946479996,35.428097885764402],[-101.278202318916996,35.428128479133399],[-101.276107514149999,35.428161253076702],[-101.274026120331996,35.428187488179098],[-101.271955455093007,35.428213723272897],[-101.269833827528998,35.428242138210102],[-101.267709517596998,35.428277174672303],[-101.264866375774005,35.428285891879497],[-101.263273144446998,35.428163432198701],[-101.263232911599999,35.428786375393301],[-101.261685276061996,35.428865081527803],[-101.259917700604007,35.428880336711202],[-101.258077704764005,35.428788554498297],[-101.256817066585995,35.427881548334803],[-101.256843805838997,35.4246139471338],[-101.256884122228996,35.422686278011298],[-101.256896108448998,35.420144129885699],[-101.256865347439003,35.418272031844303],[-101.256833159904005,35.416626077369102],[-101.255875611506994,35.4157232631554],[-101.254440630095999,35.4144641332121],[-101.254501649958002,35.413953843349802],[-101.252316068634997,35.413893660545597]]]}},
{"type":"Feature","properties":{"OBJECTID":38163,"name":"Not Available","operator":"Not Available","circuits":null,"cables":"3","TYPE":"AC; OVERHEAD","OWNER":"SOUTHWESTERN PUBLIC SERVICE CO.","VOLTAGE":345.0,"VOLT_CLASS":"345","SUB_1":"JACK RAMEY WIND","SUB_2":"NOT AVAILABLE","Shape__Length":541.44098854052277,"stroke":"#999999"},"geometry":{"type":"MultiLineString","coordinates":[[[-101.252316068634997,35.413893660545597],[-101.254492849163,35.413873879513197],[-101.256543481072995,35.413847728335099],[-101.256561168003003,35.414365897851198]]]}},
{"type":"Feature","properties":{"OBJECTID":38168,"name":"Not Available","operator":"LS Power","circuits":null,"cables":"6","TYPE":"AC; OVERHEAD","OWNER":"SOUTHWESTERN PUBLIC SERVICE CO.","VOLTAGE":345.0,"VOLT_CLASS":"345","SUB_1":"NOT AVAILABLE","SUB_2":"NOT AVAILABLE","Shape__Length":40559.305059810089,"stroke":"#999999"},"geometry":{"type":"MultiLineString","coordinates":[[[-101.359629408059007,35.251850769449199],[-101.355590001330995,35.251868371081997],[-101.351810851812999,35.251880861093802],[-101.347798267881998,35.2518918406534],[-101.343858773576997,35.251910448754899],[-101.341334143810997,35.251915979980403],[-101.338786045557995,35.251924782257298],[-101.335336724173999,35.251938947032897],[-101.330504724888996,35.251958643762102],[-101.326340511626,35.251971719893497],[-101.322125504023006,35.251987142756803],[-101.317922482640995,35.252001392617103],[-101.313816020271005,35.252016647484197],[-101.309800753971004,35.2520232695407],[-101.306582102883993,35.252042966249398],[-101.303902575715,35.253141498770397],[-101.300811329989997,35.254407416825998],[-101.297273413159999,35.254443543998498],[-101.293589482366997,35.254472042119502],[-101.289428035016996,35.254505989120403],[-101.285938480786996,35.254531134114103],[-101.283576125387995,35.256024370228303],[-101.280824178735998,35.257751964472597],[-101.277862601229998,35.259610232836501],[-101.275652879480006,35.260990899505998],[-101.275664949244003,35.263384687202603],[-101.275658915259996,35.266635189537503],[-101.275660926588003,35.268806437337702],[-101.275660926588003,35.271293096784902],[-101.275635445874997,35.274308318459703],[-101.275634104689999,35.277290767223199],[-101.275651539193007,35.2802938358627],[-101.274782503596995,35.2829897905766],[-101.274771774119998,35.285173192673497],[-101.274764481595994,35.288651598490901],[-101.274762303182001,35.291716693038801],[-101.274750902662007,35.294571988891001],[-101.274749645919002,35.297425524117003],[-101.271070911880003,35.297470367115501],[-101.267821499782997,35.297499955724],[-101.264239410095996,35.297532728484398],[-101.260957726921006,35.297561226844799],[-101.258182982823001,35.297584277003502],[-101.255149403550007,35.297608249484199],[-101.251717516669004,35.297638926800097],[-101.248191754044996,35.297670694328197],[-101.244509079994998,35.297700282863403],[-101.240831772480007,35.297730875829899],[-101.237192014545002,35.297767086326701],[-101.233505318737002,35.2977998597121],[-101.229917863412993,35.297823329175202],[-101.226652944597006,35.298464293412401],[-101.222640359767993,35.298490528172103],[-101.218696171765004,35.298516764389603],[-101.215080553358007,35.2985397299624],[-101.211459572009005,35.298568228701498],[-101.207830542652999,35.298587926558298],[-101.204381222167001,35.298614161277897],[-101.200514817488994,35.298634948601098],[-101.196600133754004,35.298665626260998],[-101.192621746889003,35.298687586628297],[-101.188931027527005,35.2987023392878],[-101.187001178599004,35.299992733494499],[-101.186962201596998,35.304116880758698],[-101.186939403253007,35.307036884760997],[-101.186908642242997,35.311257927091702],[-101.186884501817005,35.314256469332598],[-101.186856338734003,35.317633454236599],[-101.186838905128994,35.320629649910202],[-101.186817447072002,35.323552251226999],[-101.186791210875995,35.3262155173297],[-101.185441473297004,35.327868260817503],[-101.183596114514003,35.330133134432103],[-101.181630054497006,35.332555421098597],[-101.180121311519997,35.335086085417203],[-101.178689012478003,35.337515830933398],[-101.177515545917004,35.339480716649902],[-101.175757357853001,35.342445396892799],[-101.173848966083995,35.345648457116397],[-101.172088012106997,35.348622691228002],[-101.170395622043998,35.351462899197102],[-101.168526121937006,35.354034969575601],[-101.166841025295994,35.3563335386837],[-101.163838207032995,35.356367485464702],[-101.159753203617996,35.356407970288302],[-101.155842626980998,35.356441833517302],[-101.152806366236007,35.356470248844303],[-101.150568732932001,35.356483323481299],[-101.150562027907,35.358261880043102],[-101.150553980797994,35.360999493375502],[-101.150543251320997,35.3640289648649],[-101.150551382871001,35.366828687648997],[-101.150547275772993,35.369603097878397],[-101.150533864823998,35.372317325626298],[-101.150442668755005,35.376044087526402],[-101.150343427373997,35.379393327919999],[-101.150505701742006,35.382266896948202],[-101.150673339950004,35.3851337583217],[-101.150458007487998,35.387905989587402],[-101.150243514951001,35.390491638439102],[-101.150189871156002,35.3954889294086],[-101.150137567646993,35.399999566707699]]]}},
{"type":"Feature","properties":{"OBJECTID":38169,"name":"Not Available","operator":"Not Available","circuits":null,"cables":"3","TYPE":"AC; OVERHEAD","OWNER":"SOUTHWESTERN PUBLIC SERVICE CO","VOLTAGE":345.0,"VOLT_CLASS":"345","SUB_1":"NOT AVAILABLE","SUB_2":"NOT AVAILABLE","Shape__Length":18454.816325125128,"stroke":"#999999"},"geometry":{"type":"MultiLineString","coordinates":[[[-101.358853242991998,35.255549535748003],[-101.358837737171996,35.2573823224675],[-101.358851819161998,35.258396365611397],[-101.358849135894005,35.259069851548503],[-101.360600618933006,35.259068761538501],[-101.362934140207003,35.2590725332958],[-101.363787083383002,35.261362385205501],[-101.363803176700998,35.264011234053797],[-101.363820611204005,35.266356742443001],[-101.366723430806999,35.266343331977097],[-101.370340473941994,35.266326735385697],[-101.372862336897001,35.266315168818103],[-101.375474808422993,35.266308881650801],[-101.379134683231001,35.266300164549698],[-101.382030127665004,35.266293291351403],[-101.383390678265002,35.2671672727746],[-101.384556768758998,35.268029853739101],[-101.385215250930003,35.2673482379574],[-101.386123179085999,35.2662746836181],[-101.388657111805003,35.266270241085302],[-101.391305206921999,35.266264792986298],[-101.393898231719007,35.266258171359802],[-101.396415401875004,35.266256075880499],[-101.399542940436007,35.266251633346599],[-101.402377365906005,35.266248364339901],[-101.404937533923004,35.266241239562198],[-101.407590238295995,35.266241742712097],[-101.410247469279,35.266237635366203],[-101.412795232459999,35.266231098084901],[-101.415130012274005,35.266258422934698],[-101.417388515238997,35.2662978182301],[-101.417381139171994,35.265198782638301],[-101.417383821542003,35.262425126986599],[-101.417380469028998,35.260472646325098],[-101.417382481255004,35.258468617117799],[-101.417377116515993,35.2565221720822],[-101.417376445475,35.254064178175398],[-101.417373764003997,35.252846874712802],[-101.419262373972003,35.252834721561101],[-101.421039337723997,35.252823238162598],[-101.423761780109004,35.252803540176302],[-101.426399732348003,35.252788284723799],[-101.429099375491006,35.252766324378896],[-101.431900942384004,35.252748219707399],[-101.434623301225997,35.252723074160599],[-101.434620032257001,35.250725498976301],[-101.434618020030001,35.248681822727903],[-101.434620032257001,35.246580647888301],[-101.434616008703003,35.2446184439777],[-101.434624055811,35.242573595460101],[-101.434624055811,35.240518771523902],[-101.434699157663999,35.238302847638401],[-101.435995334989997,35.236567291123599],[-101.435963819394999,35.234345751068602],[-101.435936326456002,35.232232672959498],[-101.435915538542005,35.230102580650701],[-101.435891482556997,35.228051277077803],[-101.435868600670005,35.226030065441897],[-101.435841777874003,35.224097533807203],[-101.434918428339998,35.2234982276266],[-101.433478752333002,35.222190734212802],[-101.433459305602995,35.221065547546097],[-101.434552976614,35.219915131584102],[-101.435648910481007,35.218770750189798],[-101.435639607528003,35.216771247407401],[-101.435621501982993,35.2147629433708],[-101.435606079706005,35.212753968736202],[-101.435593002931,35.210845241699602],[-101.435570875628997,35.2088547910325],[-101.434838631890997,35.207550231816398],[-101.434841315159005,35.206247349376497]]]}},
{"type":"Feature","properties":{"OBJECTID":38177,"name":"Not Available","operator":"American Electric Power","circuits":3,"cables":"9","TYPE":"AC; OVERHEAD","OWNER":"TRI-COUNTY ELECTRIC COOP, INC","VOLTAGE":345.0,"VOLT_CLASS":"345","SUB_1":"UNKNOWN306367","SUB_2":"NOT AVAILABLE","Shape__Length":1086.1376698456327,"stroke":"#999999"},"geometry":{"type":"MultiLineString","coordinates":[[[-99.5645310171479,33.066079583064798],[-99.563686121080494,33.067656470281101],[-99.562814402217001,33.069115173619302],[-99.561925335088702,33.070622239677803],[-99.561156882058697,33.071925960682499],[-99.560262364851596,33.0734307639703]]]}},
{"type":"Feature","properties":{"OBJECTID":38178,"name":"Not Available","operator":"American Electric Power","circuits":null,"cables":"6","TYPE":"AC; OVERHEAD","OWNER":"ONCOR ELECTRIC DELIVERY COMPANY LLC","VOLTAGE":345.0,"VOLT_CLASS":"345","SUB_1":"UNKNOWN302829","SUB_2":"TONKAWA","Shape__Length":9828.3851877558136,"stroke":"#999999"},"geometry":{"type":"MultiLineString","coordinates":[[[-99.602175568610903,33.001828271715702],[-99.600220825569494,33.001806646084297],[-99.598038931830402,33.001788625348603],[-99.5971041817767,33.003945875628503],[-99.596797069340596,33.004817426146097],[-99.594674016151004,33.006575866358503],[-99.593958201701597,33.0083657369088],[-99.593157647374994,33.010194668352099],[-99.592357677851496,33.012046398541401],[-99.591503310845994,33.013998040686403],[-99.590795207535095,33.015608456180203],[-99.589947629996601,33.017543754009402],[-99.588959319690701,33.019810722652998],[-99.587999004482299,33.0220012500032],[-99.5869422138056,33.0244030834074],[-99.586287839630103,33.025903025344],[-99.585153264731304,33.028486831237501],[-99.584254724868401,33.030543330769802],[-99.583231462013103,33.032877439241197],[-99.582255137928001,33.035137368266497],[-99.581297505089097,33.037293780855002],[-99.580458058202197,33.039220779836498],[-99.579385174207204,33.041672654513199],[-99.578711939902306,33.043385328327602],[-99.577252817166098,33.045692195664699],[-99.575931159126299,33.047908958120203],[-99.574629281989004,33.050085570280899],[-99.573259679065799,33.052377099351503],[-99.572224346446305,33.054109722402103],[-99.571227235345603,33.055779565039501],[-99.570193243910794,33.0575094227435],[-99.568641502173904,33.060100268626499],[-99.567283046444999,33.062378553266299],[-99.566070604679098,33.064570170151498],[-99.5645310171479,33.066079583064798]]]}},
{"type":"Feature","properties":{"OBJECTID":38179,"name":"Not Available","operator":"Not Available","circuits":null,"cables":"3","TYPE":"AC; OVERHEAD","OWNER":"BIG COUNTRY ELECTRIC COOP, INC","VOLTAGE":345.0,"VOLT_CLASS":"345","SUB_1":"NOT AVAILABLE","SUB_2":"NOT AVAILABLE","Shape__Length":836.31274940022195,"stroke":"#999999"},"geometry":{"type":"MultiLineString","coordinates":[[[-101.005588462315998,32.8642957415315],[-101.008521458125998,32.864285683415702],[-101.008597901163,32.8614750631452],[-101.008583065485993,32.860439647229398]]]}},
{"type":"Feature","properties":{"OBJECTID":38180,"name":"Not Available","operator":"Not Available","circuits":null,"cables":"3","TYPE":"AC; OVERHEAD","OWNER":"BIG COUNTRY ELECTRIC COOP, INC","VOLTAGE":345.0,"VOLT_CLASS":"345","SUB_1":"NOT AVAILABLE","SUB_2":"NOT AVAILABLE","Shape__Length":867.3115098305675,"stroke":"#999999"},"geometry":{"type":"MultiLineString","coordinates":[[[-101.005588462315998,32.8642957415315],[-101.008656909698004,32.864403029034499],[-101.008748104868999,32.861479589818202],[-101.008837623782995,32.860441993973502]]]}},
{"type":"Feature","properties":{"OBJECTID":38181,"name":"Not Available","operator":"Not Available","circuits":null,"cables":"3","TYPE":"AC; OVERHEAD","OWNER":"BIG COUNTRY ELECTRIC COOP, INC","VOLTAGE":345.0,"VOLT_CLASS":"345","SUB_1":"NOT AVAILABLE","SUB_2":"NOT AVAILABLE","Shape__Length":1007.2421312711749,"stroke":"#999999"},"geometry":{"type":"MultiLineString","coordinates":[[[-99.605293637131794,33.000455483752901],[-99.606754770297599,33.000470068564802],[-99.6096423356081,33.000667462407201],[-99.611837472311095,33.000626558118498],[-99.611875777373101,32.998535022142498]]]}},
{"type":"Feature","properties":{"OBJECTID":38182,"name":"Not Available","operator":"Not Available","circuits":null,"cables":"3","TYPE":"AC; OVERHEAD","OWNER":"BIG COUNTRY ELECTRIC COOP, INC","VOLTAGE":345.0,"VOLT_CLASS":"345","SUB_1":"NOT AVAILABLE","SUB_2":"NOT AVAILABLE","Shape__Length":993.64928467809182,"stroke":"#999999"},"geometry":{"type":"MultiLineString","coordinates":[[[-99.611875777373101,32.998535022142498],[-99.611977030980398,33.000742396296701],[-99.6096423356081,33.000667462407201],[-99.606757369123699,33.0006769339615],[-99.605686664441606,33.000666121382103]]]}},
{"type":"Feature","properties":{"OBJECTID":38184,"name":"Not Available","operator":"Not Available","circuits":null,"cables":"3","TYPE":"AC; OVERHEAD","OWNER":"BIG COUNTRY ELECTRIC COOP, INC","VOLTAGE":345.0,"VOLT_CLASS":"345","SUB_1":"NOT AVAILABLE","SUB_2":"NOT AVAILABLE","Shape__Length":635.0427754244356,"stroke":"#999999"},"geometry":{"type":"MultiLineString","coordinates":[[[-100.219838349046,32.925243493440803],[-100.217805235182993,32.9256939367394],[-100.216730926460002,32.925690332502398],[-100.216482738115999,32.925689577723901],[-100.216398247971,32.925689242936997],[-100.216276710404003,32.925688823699403],[-100.216196411797995,32.925688571855197],[-100.216075712359,32.925688153371603],[-100.215991977697001,32.925687985978101],[-100.215747979994006,32.925687063052102],[-100.214207051277995,32.925596873378701]]]}},
{"type":"Feature","properties":{"OBJECTID":38185,"name":"Not Available","operator":"Not Available","circuits":null,"cables":"3","TYPE":"AC; OVERHEAD","OWNER":"BIG COUNTRY ELECTRIC COOP, INC","VOLTAGE":345.0,"VOLT_CLASS":"345","SUB_1":"NOT AVAILABLE","SUB_2":"NOT AVAILABLE","Shape__Length":630.16219584323017,"stroke":"#999999"},"geometry":{"type":"MultiLineString","coordinates":[[[-100.219838349046,32.925243493440803],[-100.217797104531002,32.925519090357199],[-100.217467862996003,32.925517917092797],[-100.217377002896995,32.925517665248101],[-100.217266278352,32.925517329706601],[-100.217178938749996,32.925517078615897],[-100.217057065212998,32.9255166593775],[-100.216980035576,32.9255163238359],[-100.216731010003002,32.925515569810003],[-100.215750662364002,32.925512216656301],[-100.214207051277995,32.925596873378701]]]}},
{"type":"Feature","properties":{"OBJECTID":38186,"name":"Not Available","operator":"American Electric Power","circuits":null,"cables":"6","TYPE":"AC; OVERHEAD","OWNER":"ONCOR ELECTRIC DELIVERY COMPANY LLC","VOLTAGE":345.0,"VOLT_CLASS":"345","SUB_1":"UNKNOWN302829","SUB_2":"TONKAWA","Shape__Length":74670.606712213383,"stroke":"#999999"},"geometry":{"type":"MultiLineString","coordinates":[[[-99.611875777373101,32.998535022142498],[-99.611847530747298,32.996511546567703],[-99.611814002925996,32.994243990317401],[-99.611775111264095,32.991781638806899],[-99.613650058755397,32.991772669609603],[-99.616220956250203,32.9917614385216],[-99.618746256159497,32.991752470075703],[-99.6220279393346,32.9917366278031],[-99.621990304415803,32.988976300081099],[-99.621947472743003,32.986451922182802],[-99.6239148730468,32.986442953197397],[-99.626377139969193,32.986427279510799],[-99.629208128484805,32.986412694638403],[-99.631972228444397,32.986401965457397],[-99.634437849676004,32.9863878839233],[-99.636488314499204,32.986378832045602],[-99.638854022410001,32.9864182268836],[-99.641884919313995,32.985313575609098],[-99.644449110885205,32.984422662803901],[-99.647025456662206,32.9835271406996],[-99.649876644695198,32.982541680630199],[-99.652723725630906,32.981552866821602],[-99.655444826831001,32.980612920614803],[-99.658025111720505,32.979720750903397],[-99.660652419821901,32.978810643960003],[-99.663389529898694,32.977866758236402],[-99.666078528005599,32.9769329295993],[-99.668857213012103,32.975969932966102],[-99.6713329753251,32.975110368461699],[-99.673608830147899,32.974321128513303],[-99.6764190307495,32.973347989091302],[-99.679303830147305,32.972345597483702],[-99.681741957541405,32.971498355792697],[-99.684784924209495,32.970444079012999],[-99.688061242645801,32.9693133610267],[-99.691117619364505,32.968248943275199],[-99.693272774749204,32.967497337480097],[-99.695965629323595,32.966563425578101],[-99.698851769007703,32.965569918283599],[-99.700986723976598,32.964828455476699],[-99.704540735023301,32.963590615964598],[-99.707096879486201,32.962645556855698],[-99.7102457090173,32.962711941294003],[-99.7131827283809,32.962720994090397],[-99.716019247823695,32.962727699083302],[-99.718512361096302,32.962735578353701],[-99.720572214212496,32.962740020712303],[-99.723064069843701,32.962745635841202],[-99.726037214956406,32.962751252477197],[-99.726069402491405,32.960571789276401],[-99.726125728656299,32.957972394270101],[-99.726171326241797,32.9552333551242],[-99.728818750317302,32.954190227901698],[-99.731704722914898,32.953054731655598],[-99.734388357181203,32.951995761731098],[-99.7372650259273,32.950860265183699],[-99.739598547201496,32.949941944288199],[-99.741862331361901,32.9490461698187],[-99.744643783179498,32.947893742689701],[-99.746844535251299,32.947645051346598],[-99.748440449845702,32.946359854873997],[-99.750001410992496,32.945102736048497],[-99.751688521656206,32.943739755219603],[-99.753270437803494,32.942471992028402],[-99.7552136150357,32.9409063367725],[-99.756939616463001,32.939740329757001],[-99.759353604328794,32.938186576490203],[-99.760462781159504,32.9365652655246],[-99.761578580370596,32.935049146179999],[-99.763166447856705,32.932894745492597],[-99.764738222024405,32.930745374920001],[-99.766265069648298,32.928668590165202],[-99.767936001653695,32.9263958364809],[-99.769711037620894,32.925648339360102],[-99.771853452199807,32.924763041888703],[-99.7741078489655,32.923830387870602],[-99.776716632009098,32.922746020685601],[-99.779064236172005,32.921772882671],[-99.781909304881395,32.920591956055397],[-99.784543318906302,32.919501051303001],[-99.787161154272994,32.918416935717701],[-99.789795083856305,32.917322678592299],[-99.792384757038803,32.916249795110701],[-99.795107114083805,32.915119494687303],[-99.797719670051507,32.914036469437903],[-99.800411266984497,32.912916144330502],[-99.803086769700897,32.911810571914899],[-99.805068923036501,32.910979673884398],[-99.807088626849406,32.910135279957899],[-99.809137834031105,32.909282924561403],[-99.811455933028498,32.908315234478202],[-99.814246017656004,32.907161716300699],[-99.816454816836199,32.907185437595402],[-99.819185304532695,32.907219132185197],[-99.822090220803005,32.907259784087202],[-99.824996311171304,32.907302448125797],[-99.827795280136897,32.907336227893602],[-99.830489558541004,32.907370090608303],[-99.833315265861103,32.907411748517397],[-99.836152371903793,32.907448880573199],[-99.838945809942203,32.907481569741499],[-99.842055243856507,32.907523730635603],[-99.843938154912905,32.9076329462861],[-99.846838964085606,32.907668989216099],[-99.849597615763003,32.907705031377297],[-99.852533209500194,32.907738726523696],[-99.855438125770405,32.907780468727097],[-99.858367014482397,32.9078176843419],[-99.861210239848802,32.907850288906197],[-99.864010466455795,32.907889684814997],[-99.866869617155501,32.907923463604597],[-99.869554508164896,32.907954979100403],[-99.872360183054198,32.907987668835901],[-99.8751939356859,32.908016838070097],[-99.878023667458393,32.908046174721598],[-99.880963368293095,32.908077690927797],[-99.883770216382104,32.908094537677499],[-99.886274141777506,32.9081080328734],[-99.888228717732204,32.908113732922601],[-99.890709844784098,32.908128317143102],[-99.893379229973306,32.908125550832402],[-99.895804617460101,32.908119348503902],[-99.897899423125594,32.9081204382856],[-99.900300083585805,32.908112559427501],[-99.903227631112998,32.908157653757598],[-99.906108322514996,32.908202665105698],[-99.909037379211895,32.9082510279761],[-99.911903319378595,32.908293859717602],[-99.914731625524695,32.908338954709599],[-99.917648528015803,32.908382875432899],[-99.920580265285494,32.908443645080098],[-99.923489121566604,32.908497624130398],[-99.926474419986704,32.908556297105001],[-99.929402051057295,32.908615893144699],[-99.932274613604207,32.908674481573897],[-99.935136530216695,32.908727372217498],[-99.938056114178906,32.908746482104398],[-99.940993217984101,32.908764587434398],[-99.943903330110004,32.908783698067403],[-99.9467264395022,32.908800546191102],[-99.949462208394394,32.908818567043198],[-99.952195463800294,32.908836587891599],[-99.955109683023693,32.908882772379499],[-99.957999763616996,32.908926694341403],[-99.960913899296997,32.908975056816303],[-99.963813451726594,32.909023420773103],[-99.9667397416124,32.909067341910998],[-99.969505015670094,32.9091112630271],[-99.9721604024123,32.909167589386897],[-99.974856022899402,32.909222742984603],[-99.977578548827594,32.909274542779002],[-99.980381456905803,32.909339836797201],[-99.983197775932794,32.909393816809398],[-99.986094561551397,32.909456932717497],[-99.989130823194301,32.909508732374903],[-99.992049066870095,32.909567238763799],[-99.994972674386403,32.909616859584297],[-99.997870716748096,32.909671929190303],[-100.000795749890997,32.909724817729703],[-100.003986237895006,32.909789023917199],[-100.003954050359994,32.9112403499172],[-100.003880206149006,32.9137329604835],[-100.003809127850005,32.916385497698897],[-100.003727320074006,32.919096372565399],[-100.003664371528998,32.921361330495799],[-100.003591952044999,32.923780599326399],[-100.005696145106,32.923796357269097],[-100.008079203975996,32.923828962734298],[-100.010184822663007,32.923855952850801],[-100.012569222718,32.923886379118798],[-100.015197871105997,32.923920157836498],[-100.018039671744006,32.923953937295302],[-100.020964620445,32.9239910691985],[-100.023853359854002,32.923985453116003],[-100.026799765714003,32.923980926619599],[-100.029736700635993,32.9239786645024],[-100.032689813318001,32.923971958078504],[-100.035866973916001,32.923968521922099],[-100.038958219641003,32.923960642966499],[-100.041753081509,32.923957373452303],[-100.044652549497002,32.923952847708499],[-100.047597530629005,32.923948321210403],[-100.050523821412995,32.923942622180903],[-100.053468970530005,32.9239336528819],[-100.056545464121001,32.923930216724003],[-100.059946421107995,32.924119479681302],[-100.062994835159998,32.924284854361403],[-100.065137920780998,32.9244582765484],[-100.068131265410997,32.924236490448699],[-100.071152774919994,32.924067680279599],[-100.074274865199001,32.923894844724103],[-100.077385557653002,32.923904987312802],[-100.080318553462007,32.923906076146103],[-100.083218021449994,32.923912866273398],[-100.086031658107999,32.923915045447998],[-100.088711100834999,32.9238621555847],[-100.091184181676994,32.924474536557597],[-100.094097060614004,32.9244081528118],[-100.096997869785994,32.924396837001503],[-100.099824918291006,32.924387868502599],[-100.102693540827005,32.924377726723201],[-100.105354208764993,32.924368757468301],[-100.108139765882996,32.924358699384698],[-100.111083406728994,32.9242820893096],[-100.114059317753998,32.9241987720075],[-100.117032629953997,32.9241120199842],[-100.119979036711996,32.924027698142403],[-100.122960228034998,32.9239421184826],[-100.125918704556994,32.9238554499061],[-100.128823620827006,32.923839691973903],[-100.131657374357005,32.923822760752103],[-100.134452236225997,32.923810438976901],[-100.136722726309998,32.923794681036703],[-100.138652576135996,32.923786718367097],[-100.140825165124994,32.923775570628401],[-100.143312243515993,32.923768781244597],[-100.146021274952005,32.923759728983498],[-100.148943541283998,32.9237507596659],[-100.152119277154,32.923741791101499],[-100.155178336242003,32.923736175757199],[-100.158033547830001,32.923728296780901],[-100.160955730617999,32.923721422940901],[-100.163805661010002,32.923715891293902],[-100.166502622680994,32.923707928617198],[-100.169195560798997,32.923757465352502],[-100.172060159780997,32.923203673310603],[-100.174915371368002,32.922713918526597],[-100.177755830821994,32.922155600150397],[-100.180321363578003,32.922155600150397],[-100.182911035862006,32.922092567948297],[-100.185787621963001,32.9220249254046],[-100.188673761646996,32.921956362106499],[-100.191632239067999,32.921877571480898],[-100.194766316466001,32.921803225200897],[-100.19758732919,32.923523945342602],[-100.199012336606998,32.9243833420268],[-100.203032968545003,32.924405973649499],[-100.206322613487998,32.924425083921598],[-100.209223422660997,32.924434053170899],[-100.212376442833005,32.924448636964499],[-100.212364373068993,32.925594694999504],[-100.214207051277995,32.925596873378701]]]}},
{"type":"Feature","properties":{"OBJECTID":38187,"name":"Not Available","operator":"Not Available","circuits":null,"cables":"3","TYPE":"AC; OVERHEAD","OWNER":"TRI-COUNTY ELECTRIC COOP, INC","VOLTAGE":345.0,"VOLT_CLASS":"345","SUB_1":"UNKNOWN306367","SUB_2":"NOT AVAILABLE","Shape__Length":389.46105156175952,"stroke":"#999999"},"geometry":{"type":"MultiLineString","coordinates":[[[-99.604829530625096,33.002522293082301],[-99.604837577733406,33.001966321545197],[-99.604840427189501,33.001760881544897],[-99.604843444630504,33.001549489385098],[-99.604856100994496,33.0006578220937],[-99.604859119333895,33.000451041031397],[-99.604861465733407,33.0002918691047],[-99.604864231646204,33.000090870958502],[-99.604871439728001,32.999588375849903]]]}},
{"type":"Feature","properties":{"OBJECTID":38188,"name":"Not Available","operator":"Not Available","circuits":null,"cables":"3","TYPE":"AC; OVERHEAD","OWNER":"BIG COUNTRY ELECTRIC COOP, INC","VOLTAGE":345.0,"VOLT_CLASS":"345","SUB_1":"NOT AVAILABLE","SUB_2":"NOT AVAILABLE","Shape__Length":383.23008893999707,"stroke":"#999999"},"geometry":{"type":"MultiLineString","coordinates":[[[-99.606111878388106,33.002496225755998],[-99.606119253556599,33.001979229851003],[-99.606122103911005,33.001773789127199],[-99.606125122250305,33.001562397751798],[-99.606137862157695,33.000670731344201],[-99.606140879598698,33.000463949558799],[-99.606145909266004,33.000103695158998],[-99.606153032906207,32.999609247124297]]]}},
{"type":"Feature","properties":{"OBJECTID":38189,"name":"Not Available","operator":"Not Available","circuits":null,"cables":"3","TYPE":"AC; OVERHEAD","OWNER":"TRI-COUNTY ELECTRIC COOP, INC","VOLTAGE":345.0,"VOLT_CLASS":"345","SUB_1":"UNKNOWN306367","SUB_2":"NOT AVAILABLE","Shape__Length":345.29802249849615,"stroke":"#999999"},"geometry":{"type":"MultiLineString","coordinates":[[[-99.605275448043898,33.001765239822298],[-99.604206672044697,33.001754426622803],[-99.602175568610903,33.001828271715702]]]}},
{"type":"Feature","properties":{"OBJECTID":38190,"name":"Not Available","operator":"Not Available","circuits":null,"cables":"3","TYPE":"AC; OVERHEAD","OWNER":"TRI-COUNTY ELECTRIC COOP, INC","VOLTAGE":345.0,"VOLT_CLASS":"345","SUB_1":"UNKNOWN306367","SUB_2":"NOT AVAILABLE","Shape__Length":389.6547583688984,"stroke":"#999999"},"geometry":{"type":"MultiLineString","coordinates":[[[-99.605669732995096,33.001974787959597],[-99.604209940115695,33.001960035394099],[-99.602175568610903,33.001828271715702]]]}},
{"type":"Feature","properties":{"OBJECTID":38191,"name":"Not Available","operator":"American Electric Power","circuits":2,"cables":"6","TYPE":"AC; OVERHEAD","OWNER":"TRI-COUNTY ELECTRIC COOP, INC","VOLTAGE":345.0,"VOLT_CLASS":"345","SUB_1":"UNKNOWN306367","SUB_2":"NOT AVAILABLE","Shape__Length":14183.662031514901,"stroke":"#999999"},"geometry":{"type":"MultiLineString","coordinates":[[[-99.560262364851596,33.0734307639703],[-99.559312862664299,33.075045621362101],[-99.561016317276298,33.077150149484403],[-99.562603514619198,33.079108245515599],[-99.564251815367697,33.081145550958901],[-99.5659251782144,33.083229291674897],[-99.567476837306302,33.0851473228768],[-99.568857419438899,33.086856979516298],[-99.570633126447603,33.089059240743403],[-99.5723597144748,33.091174917655302],[-99.573043760902394,33.091933982108202],[-99.574306327762898,33.094066422192498],[-99.575600576406799,33.096143876828698],[-99.576800865763502,33.098052771042497],[-99.578089667023605,33.100124443060999],[-99.579479051747597,33.102349921921402],[-99.580090511605306,33.1033296824884],[-99.580110627579501,33.106017926031598],[-99.580125463256394,33.108428645506699],[-99.580139545246794,33.110795527732201],[-99.580158320934601,33.113170288768899],[-99.580173743211404,33.115463493621299],[-99.580191177714397,33.117851497557503],[-99.580200566007406,33.120353495355602],[-99.580224034494194,33.122777877428902],[-99.580234763972001,33.1251241393717],[-99.580256808629102,33.127532176928199],[-99.580269632978101,33.130008693827797],[-99.580289748952197,33.132593924724397],[-99.580305842270505,33.134972457064102],[-99.580316570850002,33.137380745028103],[-99.5803413814198,33.139812586572702],[-99.580350015128005,33.142130350692398],[-99.580364851703195,33.144540650562298],[-99.580379519395194,33.1465646290889],[-99.580390919016097,33.148504452894997],[-99.580409778247201,33.150650722782899],[-99.580426541708704,33.153238718709403],[-99.580446658581195,33.1557212712449],[-99.580462751899503,33.1579723996159],[-99.580460069530105,33.160364845238298],[-99.580489573797294,33.162814541334299],[-99.580509606228105,33.165279826638802],[-99.580520418350901,33.167724994750202],[-99.580531147828594,33.170167648620499],[-99.580549923516401,33.172491363630797],[-99.580574063044693,33.174967630396701]]]}},
{"type":"Feature","properties":{"OBJECTID":38282,"name":"Not Available","operator":"Oncor","circuits":null,"cables":"6","TYPE":"AC; OVERHEAD","OWNER":"ONCOR ELECTRIC DELIVERY COMPANY LLC","VOLTAGE":345.0,"VOLT_CLASS":"345","SUB_1":"UNKNOWN302829","SUB_2":"TONKAWA","Shape__Length":20839.958109284493,"stroke":"#999999"},"geometry":{"type":"MultiLineString","coordinates":[[[-99.601179631608204,33.000952698739098],[-99.599503250422202,33.000940292789402],[-99.597703571870198,33.000924535038401],[-99.595973463345402,33.000908777284501],[-99.595327721081503,33.002357924376497],[-99.594679380889801,33.003849317069303],[-99.594108070335494,33.005169717259399],[-99.5933489220551,33.0068960540044],[-99.592608632107599,33.008603280714901],[-99.591836156421707,33.0103543429423],[-99.591067033248507,33.012132900032903],[-99.590342835721003,33.013778183948503],[-99.589593159277001,33.015500999444299],[-99.588847504590603,33.017213674258102],[-99.588088439853607,33.018937579588901],[-99.587342869608804,33.020656876189697],[-99.586593107824896,33.022372819157297],[-99.585860864985705,33.024057247098703],[-99.585160807884805,33.025655088432799],[-99.5843856498295,33.027422664662801],[-99.583650724620796,33.029100134978997],[-99.582902472006595,33.030822783608798],[-99.582142065186602,33.032550880471099],[-99.581452654020097,33.034140676096399],[-99.5807365044992,33.035782020331403],[-99.579984815828993,33.037496622816498],[-99.579251901948297,33.039177948288298],[-99.578518317025996,33.040858185155102],[-99.577786158628399,33.042537666314502],[-99.576801703891704,33.044180184685402],[-99.575821357150801,33.045822534627902],[-99.574835057274498,33.0474671482906],[-99.573842557226101,33.049130871761001],[-99.572834716647606,33.050802977336097],[-99.571838946731503,33.052467791291399],[-99.570843847857006,33.054136964093203],[-99.569839359791104,33.055807393486603],[-99.568846942387793,33.057472038282199],[-99.567847819959098,33.059142216928798],[-99.566846015161005,33.060810299515602],[-99.565846976275594,33.062479387928398],[-99.564916165334395,33.064038254099103],[-99.563990803573702,33.065583626036499],[-99.563076253935805,33.067118854485003],[-99.562059612562507,33.068810323025502],[-99.560815151246501,33.070886017339902],[-99.559443117482203,33.0732101514606],[-99.558297814902303,33.075109322733098],[-99.557234319200305,33.076895087683603],[-99.556224466395605,33.078579599087398],[-99.555222661597497,33.080250531057203],[-99.554210128219907,33.081941747898597],[-99.553252663365896,33.083550822044899],[-99.552246750571996,33.085243044205299],[-99.548886613929895,33.085728440515602],[-99.545511724255803,33.086249375192402],[-99.541972549784305,33.086781374483003],[-99.538579554565601,33.087301053532997],[-99.535215477912701,33.087802794103702],[-99.531566248140706,33.088354490246402],[-99.528068061100697,33.088879198109701],[-99.524624020912697,33.089411783590798],[-99.521094233835797,33.089936490413102],[-99.517720016101606,33.0904533194702],[-99.514103056509597,33.090415182087703],[-99.510466065385103,33.090402776691199],[-99.506969721687994,33.090408391971501],[-99.503472875832699,33.090421215822602],[-99.499971838438199,33.090429766309903],[-99.496694848960402,33.090422473446402],[-99.493389027155303,33.0904179472046],[-99.489737282998902,33.090413421715098],[-99.485971461784501,33.090408979013297],[-99.482223660774807,33.090398836737499],[-99.480754564942302,33.0908078737341]]]}},
{"type":"Feature","properties":{"OBJECTID":38367,"name":"Not Available","operator":"Not Available","circuits":null,"cables":"3","TYPE":"AC; OVERHEAD","OWNER":"AEP TEXAS NORTH CO.","VOLTAGE":345.0,"VOLT_CLASS":"345","SUB_1":"SAN ANGELO RED CREEK","SUB_2":"NOT AVAILABLE","Shape__Length":728.95512356630115,"stroke":"#999999"},"geometry":{"type":"MultiLineString","coordinates":[[[-100.500032883513995,31.5496973261973],[-100.499743623296993,31.5496355515494],[-100.499272979750003,31.549307567636198],[-100.498661352805996,31.548875480804199],[-100.498036481100996,31.548462922491399],[-100.497725261566998,31.547897145128601],[-100.497384621310005,31.547328096960999],[-100.497080273888002,31.5467588822601],[-100.496663106151999,31.546079947640301],[-100.496223223615004,31.5453709235696]]]}},
{"type":"Feature","properties":{"OBJECTID":38409,"name":"Not Available","operator":"Not Available","circuits":null,"cables":"3","TYPE":"AC; OVERHEAD","OWNER":"ONCOR ELECTRIC DELIVERY CO.","VOLTAGE":345.0,"VOLT_CLASS":"345","SUB_1":"NOT AVAILABLE","SUB_2":"NOT AVAILABLE","Shape__Length":22539.28119431133,"stroke":"#999999"},"geometry":{"type":"MultiLineString","coordinates":[[[-101.349962642676005,32.320652123193398],[-101.350082419543995,32.321048084442602],[-101.350621543461997,32.322709460955402],[-101.351200901124997,32.324513665570102],[-101.351774977592001,32.326281577003201],[-101.352351568444007,32.328058540821303],[-101.352920281069999,32.329841036720197],[-101.353495530737007,32.331504676294699],[-101.355697624892002,32.331006036839398],[-101.357921176206005,32.330511923164998],[-101.360150175802005,32.330026946635002],[-101.362397783101002,32.329519254790398],[-101.364648156312001,32.329016089459998],[-101.366866342886993,32.328535638097399],[-101.369103305150006,32.328046051735399],[-101.371334903572006,32.327542885808001],[-101.373555772515999,32.327051035799897],[-101.375765912880993,32.326561532500399],[-101.377997510404995,32.326065156761302],[-101.380229108826995,32.325575569185602],[-101.382455341612001,32.325088245639201],[-101.384681574395998,32.324596478702901],[-101.386894481572,32.324111334604297],[-101.389123313183006,32.323617221255802],[-101.391357677518002,32.323111876339198],[-101.393575779651002,32.322629079082702],[-101.395772509965994,32.322143934311903],[-101.397926323267001,32.321674799272003],[-101.400098912256993,32.321201054617902],[-101.402225904559003,32.320727393268101],[-101.402759663737996,32.322445431347802],[-101.403288058178006,32.324211163528602],[-101.403816454414994,32.325940433871402],[-101.404355578332002,32.3276811871851],[-101.404870562721996,32.329405931745598],[-101.405401639530993,32.331139728525102],[-101.405912600365994,32.332868998604098],[-101.406455747837995,32.334575554560402],[-101.407047845408002,32.3364746421354],[-101.407635920323003,32.338394181829997],[-101.408221982111996,32.340256975591402],[-101.408801339774996,32.342144664310403],[-101.409406178151002,32.344051546768497],[-101.409996263495003,32.345951640665902],[-101.410563550494999,32.347773447161003],[-101.411124133368006,32.349579496440803],[-101.411694101839998,32.351445474887498],[-101.412273459502003,32.353307933929003],[-101.412856839821004,32.355196544773698],[-101.413438878955006,32.357045341181397],[-101.414012871878001,32.358912325836798],[-101.414581500062994,32.360762296026799],[-101.415159516540996,32.362629197870099],[-101.415728144726003,32.3644415320855],[-101.416294174984003,32.366297034289197],[-101.416860037256001,32.368118589548203],[-101.417424640988003,32.369967133885901],[-101.418006681020003,32.371860941427101],[-101.418586038683003,32.373725328134],[-101.419165478991005,32.375580662530702],[-101.419701836995998,32.3773203265077],[-101.421729670562002,32.376867368571801],[-101.423910223115996,32.376384822477],[-101.426117681112004,32.375900096408103],[-101.428301083121994,32.375419897812101],[-101.430513821415005,32.374925951601],[-101.432711975559002,32.374438963646703],[-101.434911303801002,32.373951891888197],[-101.437008874480995,32.373482923771398],[-101.439277939836998,32.372989146026498],[-101.441474668354999,32.372497547615602],[-101.443672738955001,32.372010474498502],[-101.445869468371001,32.371523486767103],[-101.448027305227001,32.371047729958804],[-101.450248174170994,32.370560656615801],[-101.452454375423997,32.370064532105303],[-101.454638950634006,32.369580895813598],[-101.456578271398996,32.369147048720002],[-101.458660922858002,32.3687041493477],[-101.460903249859996,32.368222776684703],[-101.463165776379,32.367718688466702],[-101.465248428736999,32.367275788924601],[-101.466281078088997,32.367035647306899],[-101.467379443694995,32.366807994858803],[-101.469428650877006,32.366386552240797],[-101.471528820383,32.365928984677403],[-101.473591440310003,32.365482648277798],[-101.475662104650993,32.365040838750403],[-101.477531604757999,32.3646398481186],[-101.479516438667005,32.364232068483801],[-101.481541507217997,32.363808363325901],[-101.483558527762995,32.363389268806699],[-101.485562138258004,32.362979141925301],[-101.486602835615997,32.362763977975298],[-101.486713728146995,32.363143259066902]]]}},
{"type":"Feature","properties":{"OBJECTID":38536,"name":"Not Available","operator":"Not Available","circuits":null,"cables":"3","TYPE":"AC; OVERHEAD","OWNER":"ONCOR ELECTRIC DELIVERY CO.","VOLTAGE":345.0,"VOLT_CLASS":"345","SUB_1":"NOT AVAILABLE","SUB_2":"NOT AVAILABLE","Shape__Length":514.83256833468511,"stroke":"#999999"},"geometry":{"type":"MultiLineString","coordinates":[[[-101.278042141217,32.083924127139603],[-101.277945917276995,32.085576032561498],[-101.276947464992006,32.085599418200601],[-101.275967871936999,32.085624228617398],[-101.275993772164,32.0862117162808]]]}},
{"type":"Feature","properties":{"OBJECTID":39093,"name":"Not Available","operator":"Not Available","circuits":null,"cables":"3","TYPE":"AC; OVERHEAD","OWNER":"NOT AVAILABLE","VOLTAGE":345.0,"VOLT_CLASS":"345","SUB_1":"UNKNOWN209699","SUB_2":"HITCHLAND","Shape__Length":125186.89716602553,"stroke":"#999999"},"geometry":{"type":"MultiLineString","coordinates":[[[-101.391906020845994,36.496893218530701],[-101.392810260518999,36.496881567428296],[-101.393415183336998,36.496874023890904],[-101.394466524833007,36.496873437508299],[-101.394474068883994,36.496660788310002],[-101.394527042537007,36.495168390725198],[-101.394535005202997,36.494917436148498],[-101.394584541900997,36.493546994494103],[-101.394753521295002,36.488507543885703],[-101.394817978111007,36.487113381777398],[-101.395876026428994,36.486767040884999],[-101.397395580630999,36.486223893334198],[-101.400946742222004,36.4850032370598],[-101.402805512851998,36.484341150867699],[-101.405426031486002,36.483431043695902],[-101.407807832714994,36.482622357697203],[-101.410157448205993,36.481794225804101],[-101.412587528491997,36.480948827278503],[-101.415092712426997,36.4800753494074],[-101.417463701532995,36.479240763173998],[-101.419829577428999,36.478406176619501],[-101.422216659854001,36.477588773156],[-101.424603825822004,36.4767432911867],[-101.426974982014997,36.475919350329903],[-101.429343372294994,36.475091133796901],[-101.431454271278994,36.474363249493997],[-101.433927099694003,36.473484323002097],[-101.436193650665999,36.472703548930603],[-101.438562040945996,36.4718720646636],[-101.441163700348994,36.4709607830818],[-101.444047158562,36.469952441140897],[-101.446329718410993,36.469155489366003],[-101.448749071015001,36.468316377375402],[-101.451216702677002,36.467450358429801],[-101.453703110923996,36.4665724379146],[-101.456425553309003,36.466570259070203],[-101.459051435784005,36.466574532957303],[-101.461567347400006,36.466570259070203],[-101.464330023529996,36.466562631669198],[-101.466888850361997,36.466579982235402],[-101.46947449999,36.466567073160199],[-101.471995776346006,36.466575623102003],[-101.474511772403005,36.466575623102003],[-101.477269083793999,36.466584256844399],[-101.477295822149003,36.464336565965098],[-101.477279728830993,36.462119048910601],[-101.477279728830993,36.459866999119498],[-101.477269083793999,36.457808990860201],[-101.477252906033996,36.455763722533199],[-101.477242177454997,36.4536236546206],[-101.477226000593006,36.451410162291801],[-101.477255672845999,36.449436056269803],[-101.477269083793999,36.447452143374903],[-101.477287775041006,36.445468231051102],[-101.477333372626006,36.442213454102699],[-101.477354829785,36.440287627858602],[-101.477373605473005,36.4383499833448],[-101.477397745898998,36.436424073505201],[-101.477420544243003,36.434487351571804],[-101.477429932535998,36.432560770575698],[-101.477454072064006,36.430660676563903],[-101.480270475533004,36.430657492069997],[-101.482882862617004,36.430653133085897],[-101.485602623530994,36.430669226850199],[-101.488107806567996,36.430673668951101],[-101.490596980728,36.430682217790398],[-101.493075257426,36.430690851914697],[-101.495601982062993,36.430682217790398],[-101.495628720417002,36.428692438503802],[-101.495639448996997,36.426719925054002],[-101.495719915587998,36.424778676130103],[-101.495797783354007,36.4228276211078],[-101.495844637681998,36.420248425132201],[-101.495886044626999,36.417662273201699],[-101.495922421903998,36.415584733800898],[-101.495935833752,36.413494288152698],[-101.4959492447,36.411388585658003],[-101.495957375352006,36.409444739043103],[-101.495984112808003,36.407408019787503],[-101.495992159916995,36.405405834651802],[-101.496000206126993,36.403379844649102],[-101.496027028024002,36.401351676096098],[-101.496040438972997,36.3992693592525],[-101.496059215559001,36.397221660924302],[-101.496072625609997,36.395208327878599],[-101.496086036559007,36.393259870131502],[-101.496110176984999,36.391045623220599],[-101.496120905564993,36.388853085183001],[-101.496134316514002,36.386664654400398],[-101.496158456041996,36.3844653264212],[-101.496174549360006,36.382261723516102],[-101.496182680011998,36.380073125296299],[-101.496198773329994,36.377878072640598],[-101.496214782207005,36.375680756385698],[-101.496228277596998,36.373736071614999],[-101.496241605002993,36.371778393856303],[-101.496271109269998,36.369634722571099],[-101.496289801415003,36.3675646437569],[-101.496365070354003,36.3653778881786],[-101.496378481302997,36.363445860513004],[-101.496386443969001,36.3617060284217],[-101.496397173446994,36.359967286692999],[-101.496407902027002,36.358266179083301],[-101.496432041554996,36.356042375864703],[-101.496448134873006,36.353950253590803],[-101.496453583155997,36.351868943445602],[-101.496469676474007,36.349778831802602],[-101.496485602706002,36.347911259934797],[-101.496499180740997,36.345596429425598],[-101.496512508147006,36.343329040793598],[-101.496528600567004,36.341115632261399],[-101.496547377152993,36.338904317922498],[-101.496555423363006,36.336988969265697],[-101.496579563788998,36.334436092822102],[-101.496595656208996,36.332545471565403],[-101.496601020948006,36.3305672577807],[-101.496622478107,36.328617040506103],[-101.496634548770004,36.3264399252309],[-101.496654665641998,36.324247135614499],[-101.496673440430996,36.322050490277803],[-101.496678805170006,36.319858036035903],[-101.496697580857997,36.317652589911297],[-101.496711075350007,36.315460051770302],[-101.496735131335001,36.313258796107803],[-101.496745859914995,36.311061731780001],[-101.496767317972001,36.308860391743202],[-101.496783411289996,36.306668692200603],[-101.496799504609001,36.304473639318701],[-101.496818279397999,36.302269953005499],[-101.496834373615002,36.300074732150499],[-101.496850466932997,36.297866017186102],[-101.496858513142996,36.2955865588387],[-101.496885335041,36.293311123261198],[-101.496906876641006,36.291033677213903],[-101.496920204047001,36.288794953754],[-101.496933614995996,36.286659999389599],[-101.496952474227001,36.284676253960797],[-101.496963119263,36.282606092254902],[-101.496981978494006,36.280604996519102],[-101.496991282344993,36.278531397061201],[-101.497013159017001,36.275897970924902],[-101.497045345654001,36.2737020797369],[-101.497047944480002,36.271502836554099],[-101.496656341898003,36.269350028339801],[-101.496669751949,36.267061098476198],[-101.496704621852999,36.264345864520003],[-101.496720714272996,36.260990421040198],[-101.496726163453999,36.258298823566697],[-101.496750219438994,36.256180381969401],[-101.496790452284998,36.254125558723203],[-101.496801264408006,36.252035027532301],[-101.496821381280995,36.249942317792303],[-101.496837474599005,36.247740895753303],[-101.496860273840994,36.245541986510801],[-101.496879048630007,36.243139229764502],[-101.497230333923994,36.240713088204998],[-101.497233016292995,36.239002928598701],[-101.497249109612,36.2369877523806],[-101.497266544115007,36.234886072983798],[-101.497282637433003,36.232152985992698],[-101.497300155478996,36.229879562447401],[-101.497318846724994,36.227606641656202],[-101.497337623310997,36.225351071524102],[-101.497356481644005,36.223086616128498],[-101.497372574962995,36.220882762960102],[-101.497393949476006,36.217332859185902],[-101.497412724265999,36.215548687365903],[-101.497431499954004,36.213948331076097],[-101.497439547062001,36.211983360748299],[-101.499649770969995,36.212002890314899],[-101.502095944573995,36.212009344601803],[-101.504547400272003,36.212015882964202],[-101.508130832042994,36.2120353291714],[-101.510901553484004,36.212048320365803],[-101.513645453028005,36.212063492460402],[-101.516392035839999,36.2120764836502],[-101.519050104052994,36.212084027294701],[-101.521820826392997,36.2121056529366],[-101.524605043224994,36.212109927763599],[-101.527378447036,36.212120823570501],[-101.530151851745003,36.212125183197401],[-101.532954759822999,36.212142449926901],[-101.535698660264998,36.2121575372026],[-101.538235946395005,36.212170528376802],[-101.540953024041002,36.212183520998302],[-101.543675549070997,36.212190059346099],[-101.546395225542994,36.2122095888611],[-101.549117751471996,36.212218137778898],[-101.551820076984001,36.212233393191497],[-101.554545118194994,36.212244121554399],[-101.557259512572998,36.212261472333402],[-101.559804930252994,36.212289635541097],[-101.562677659887001,36.212270189397103],[-101.565397335461,36.212289635541097],[-101.568111730737002,36.212306986310097],[-101.570823444542995,36.212315535941897],[-101.573548652840003,36.212319978184198],[-101.576257683378003,36.212339340240099],[-101.578993453169005,36.212335066150402],[-101.581681025649004,36.212356690998099],[-101.584384776787999,36.212374041752199],[-101.587125911317003,36.212404383637796],[-101.589834941855003,36.212412933259003],[-101.592544056834001,36.212425925115497],[-101.595269181589003,36.212447551387598],[-101.597978127684996,36.212451992897599],[-101.600703252439004,36.212460542513597],[-101.603262163712998,36.212469260279804],[-101.605772627945001,36.212486526933503],[-101.606110669377003,36.210755244547201],[-101.606121314413002,36.208630096334097],[-101.606137407730998,36.206422554551402],[-101.606158949331999,36.204240997098701],[-101.606158949331999,36.202046279430803],[-101.606191052425004,36.199847287797603],[-101.606185772128001,36.197652486088302],[-101.606196417164,36.195457684469297],[-101.606217958764006,36.193262799576097],[-101.606239331481007,36.191072021110799],[-101.606244779763998,36.188868419043402],[-101.606266154278003,36.186673366131402],[-101.606276966400003,36.184469596795701],[-101.606282247595999,36.182270017260002],[-101.606309153037003,36.180079071231098],[-101.606309153037003,36.177892316694397],[-101.606325247254006,36.175688379358299],[-101.606341255231996,36.173505899583901],[-101.606352068253003,36.171448980160797],[-101.606362713289002,36.169439587049801],[-101.606362713289002,36.167473443021798],[-101.606400348207998,36.165468324711],[-101.605837000319994,36.163723044765298],[-101.605853177181999,36.161492620558803],[-101.605853177181999,36.1593487808139],[-101.605890645014,36.156975277243703],[-101.605869270499994,36.154727251116697],[-101.605885363818004,36.152531276530397],[-101.605901457136994,36.150304875239499],[-101.605912103071006,36.148212668561499],[-101.605933643773,36.146137727977802],[-101.605955017388993,36.1440324461134],[-101.605955017388993,36.141974688032498],[-101.605150355066002,36.139886672137401],[-101.602124823799997,36.139851971878002],[-101.599083282758002,36.139838978864297],[-101.596116759127,36.139843254734103],[-101.596127404162999,36.137711820117403],[-101.596154226959001,36.135649620154297],[-101.596175767662004,36.1335960533617],[-101.596207953399997,36.1315033437252],[-101.596224047616005,36.129505936847998],[-101.596234776195999,36.127499895579703],[-101.596261514549994,36.125463428941998],[-101.596266962832999,36.123452861022898],[-101.596272244028,36.121463919849297],[-101.596277607868998,36.119479335883803],[-101.596304429765993,36.117165260845802],[-101.596299149469004,36.114881527020103],[-101.596315241889002,36.112623777703398],[-101.596320523084998,36.110361418207503],[-101.598777427065002,36.110348426843203],[-101.601481177305004,36.110352868335497],[-101.604179479264005,36.110361418207503],[-101.606915249053998,36.110374494480403],[-101.609576000535,36.110378852511801],[-101.612306572673006,36.110387485840299],[-101.614994146051998,36.110400477923797],[-101.617788923478997,36.1104178280344],[-101.620583868889995,36.110435178866901],[-101.623190976575998,36.1104048366795],[-101.625819457877,36.110430820838602],[-101.628549947370004,36.110439454161401],[-101.631237519850998,36.110461163015998],[-101.633962644605006,36.110465437583301],[-101.636650217983998,36.110465437583301],[-101.639337874906005,36.110456888448503],[-101.642046821899996,36.110500138497798],[-101.644745124756994,36.1105131312884],[-101.647261036372996,36.110521848061303],[-101.649755575271996,36.1105131312884],[-101.649755575271996,36.1084979537547],[-101.649760855568999,36.1064350000619],[-101.649766220307995,36.104436921272502],[-101.649776947988997,36.102503887099999],[-101.649776947988997,36.100263069012399],[-101.649803854328994,36.098195421321698],[-101.650560153152995,36.096344697521097],[-101.650560153152995,36.093899863638299],[-101.650565517892005,36.091246990773399],[-101.650570966174001,36.089023187631199],[-101.650592340687993,36.086747250500302],[-101.650592340687993,36.0844539613271],[-101.650597704527996,36.082195290357703],[-101.650608434006003,36.0801922667168],[-101.650624527323998,36.078145824747899],[-101.650624527323998,36.076077758559897],[-101.650629974707996,36.074135335793997],[-101.650651349222002,36.0721885550035],[-101.650656713960998,36.069699631991597],[-101.650662162242995,36.067297463271302],[-101.653124345622004,36.067306180481197],[-101.655651070260006,36.067323447161698],[-101.658199168512994,36.067332164368601],[-101.660913564686993,36.067336522608699],[-101.663627959964003,36.067345156309102],[-101.666347636436001,36.067353872787599],[-101.669104946928996,36.067366865450701],[-101.671867622159994,36.067379857385497],[-101.674582017437004,36.067384299854098],[-101.677339328827998,36.0674015657913],[-101.680048442908998,36.0674058412487],[-101.682805754300006,36.067418833177101],[-101.685579159008995,36.067431824377103],[-101.688368656137996,36.067431824377103],[-101.691136611667005,36.067440541572097],[-101.693904651636998,36.067462251413403],[-101.696694148766994,36.067462251413403],[-101.699505103953001,36.067483959796498],[-101.702165855434004,36.067475242606399],[-101.704086316968002,36.0659445398637],[-101.704102410285998,36.063854428214498],[-101.704118503603993,36.061785942672202],[-101.704140045204994,36.059695747415098],[-101.704161418821002,36.057631452498597],[-101.704177512138997,36.055528181319403],[-101.704199052841005,36.053524570771003],[-101.704209782318998,36.051507717841098],[-101.704225875636993,36.0497599235864],[-101.704247250150999,36.047318023091002],[-101.704274155592003,36.045001935745603],[-101.704284799730004,36.042885254104903],[-101.704306257786996,36.040803189131701],[-101.704494012867997,36.038621379999597],[-101.707192315724996,36.038616937360104],[-101.709874523465999,36.038629928956603],[-101.712202765341004,36.038100779532598],[-101.715013636085999,36.038113771940601],[-101.717872955668994,36.038118130346099],[-101.720726741630003,36.038118130346099],[-101.723591340612003,36.038135480429403],[-101.726139438865005,36.038135480429403],[-101.728784181468995,36.038139839560003],[-101.730838753390003,36.038144197964002],[-101.734030582578995,36.038139839560003],[-101.736589325867996,36.038148472105298],[-101.739271534508006,36.038157189638497],[-101.742141582670001,36.038152831235301],[-101.744678952344003,36.038170182037298],[-101.747205508996004,36.038170182037298],[-101.750037921341004,36.038183173707502],[-101.752623654513002,36.038183173707502],[-101.755177033961999,36.0382048829035],[-101.757682216998006,36.038209241304003],[-101.757676853158003,36.036270171682602],[-101.757687665280002,36.034387596429497],[-101.757692946475998,36.032496135974597],[-101.757692946475998,36.0290472340699],[-101.757692946475998,36.026921415700699],[-101.757698310316997,36.024682777588502],[-101.757714404533004,36.022474481789203],[-101.757703758599007,36.020226957848699],[-101.757703758599007,36.017970717611],[-101.757709039793994,36.014798920538198],[-101.757714404533004,36.012529521009299],[-101.757725133112999,36.010294821621201],[-101.757703758599007,36.008060039261998],[-101.757725133112999,36.005825255321703],[-101.757725133112999,36.003668424941502],[-101.757725133112999,36.000235699642097],[-101.757735945234998,35.998252289940297],[-101.757741226430994,35.996273239044299],[-101.757741226430994,35.994142140177601],[-101.757751955009994,35.991989499480901],[-101.757741226430994,35.989741054014402],[-101.757746674713005,35.987410297900603],[-101.757751955009994,35.985074932049599],[-101.757757319749004,35.982796060209303],[-101.757778861350005,35.980447534793797],[-101.760471715026,35.980438817419099],[-101.763368500644006,35.980438817419099],[-101.766238547908998,35.980434543055502],[-101.769264080073995,35.980438817419099],[-101.772166145989999,35.980434543055502],[-101.77454266782,35.980443260430697],[-101.777122951810995,35.980443260430697],[-101.779585136986995,35.980438817419099],[-101.782339848652995,35.980438817419099],[-101.785102440341007,35.980443260430697],[-101.787889255101007,35.980441081087001],[-101.790684116969004,35.980443260430697],[-101.793507058377003,35.980447534793797],[-101.795903779724,35.980434543055502],[-101.798339141206,35.980421551315096],[-101.800822951525006,35.980425825679298],[-101.803328051018994,35.980421551315096],[-101.805736757689004,35.980408558845603],[-101.808558358810004,35.980408558845603],[-101.811240650993,35.980122065371702],[-101.813654555316006,35.980100273296998],[-101.816068544079997,35.980108989982199],[-101.818482531946003,35.980108989982199],[-101.821486606053,35.980087280774598],[-101.823820128226004,35.980082922794402],[-101.826266301830003,35.980087280774598],[-101.828674925854997,35.980108989982199],[-101.831260659026995,35.980113348687901],[-101.833803308998,35.980104631276198],[-101.836356856430996,35.980095997461198],[-101.838819039810005,35.980100273296998],[-101.841318942550004,35.9800916394815],[-101.843818761745993,35.980100273296998],[-101.846511615422003,35.979974460985403],[-101.846506251581005,35.977895078027601],[-101.846511615422003,35.975819970874902],[-101.846511615422003,35.9737274281864],[-101.846517063703999,35.971621893543201],[-101.846517063703999,35.969533542875901],[-101.846527708739998,35.967436557749799],[-101.846511615422003,35.9653959834706],[-101.849022246741001,35.965400342261702],[-101.851618542303996,35.965413334293302],[-101.854316843364003,35.965422051146298],[-101.857012547394007,35.965424146564501],[-101.859713448178994,35.965432864143303],[-101.862403033784005,35.965440491842301],[-101.862404038997994,35.965769732756002],[-101.862405045111998,35.966202825412402],[-101.862384258096,35.966558219149398]]]}},
{"type":"Feature","properties":{"OBJECTID":39121,"name":"Not Available","operator":"Not Available","circuits":null,"cables":"6","TYPE":"AC; OVERHEAD","OWNER":"SOUTHWESTERN PUBLIC SERVICE CO","VOLTAGE":345.0,"VOLT_CLASS":"345","SUB_1":"UNKNOWN300767","SUB_2":"NOT AVAILABLE","Shape__Length":17045.039623650733,"stroke":"#999999"},"geometry":{"type":"MultiLineString","coordinates":[[[-101.695253299559994,33.876169399958499],[-101.698399499722001,33.876184899610102],[-101.754838500253001,33.876238399564798],[-101.81204154129,33.876107041092098],[-101.813795706698002,33.876104861801402],[-101.815544507366994,33.876102681764799],[-101.817194064858995,33.8760992457645],[-101.818536008653993,33.876075860523201],[-101.819528928216002,33.8760914504361],[-101.820493266080007,33.8760925400817],[-101.822150870680005,33.876088181499398],[-101.823819121214996,33.876097066473598],[-101.825466081677007,33.876083655107102],[-101.827273806438996,33.876083655107102],[-101.82910843754,33.876101592865297],[-101.830894873128003,33.876079297270302],[-101.832702681433005,33.8760658851551],[-101.834848364981994,33.875950048485898],[-101.836146554535006,33.875876538651198],[-101.837286576818002,33.875827588742297],[-101.837275764694994,33.874409034556102],[-101.837267717586002,33.872965922091197],[-101.837251624268006,33.871603024984999],[-101.837242236872996,33.8708592991768],[-101.838655760226999,33.870845888479003],[-101.840179255338995,33.8708347399958],[-101.841554558072005,33.870825352504802],[-101.842332063425005,33.870804816525698]]]}},
{"type":"Feature","properties":{"OBJECTID":39126,"name":"Not Available","operator":"Not Available","circuits":null,"cables":"3","TYPE":"OVERHEAD","OWNER":"XCEL ENERGY","VOLTAGE":345.0,"VOLT_CLASS":"345","SUB_1":"TUCO","SUB_2":"UNKNOWN301687","Shape__Length":375.47184826091569,"stroke":"#999999"},"geometry":{"type":"MultiLineString","coordinates":[[[-101.841101013957001,33.868061084584703],[-101.841102270700006,33.868389571016003],[-101.841103360356001,33.868670449240099],[-101.841265550282003,33.868669946512497],[-101.841435869961998,33.8686695273243],[-101.841561934138994,33.8686692752147],[-101.841713562573005,33.868668856026403],[-101.841863766277996,33.868668436838099],[-101.842055963527997,33.868667934110498],[-101.842054873872002,33.868387056624101],[-101.842053532687004,33.868058570183003],[-101.841861000365,33.8680590729142],[-101.841710881100994,33.868059492105402],[-101.841561934138994,33.868059827010903],[-101.841101013957001,33.868061084584703]]]}},
{"type":"Feature","properties":{"OBJECTID":39236,"name":"Not Available","operator":"Not Available","circuits":null,"cables":"3","TYPE":"AC; OVERHEAD","OWNER":"ONCOR ELECTRIC DELIVERY CO.","VOLTAGE":345.0,"VOLT_CLASS":"345","SUB_1":"NOT AVAILABLE","SUB_2":"NOT AVAILABLE","Shape__Length":14398.570810684312,"stroke":"#999999"},"geometry":{"type":"MultiLineString","coordinates":[[[-100.900797070289002,32.841214494249897],[-100.901149278152005,32.841490594120202],[-100.902549307913006,32.842716447700397],[-100.903968279549005,32.843949090419102],[-100.905446177073998,32.845204281086197],[-100.906685358093,32.846265596524702],[-100.906653171456,32.847827145196902],[-100.906607573871,32.849249051577601],[-100.906561976285005,32.850943537206],[-100.906508332490006,32.852737181149202],[-100.906465416375994,32.854519424854701],[-100.906417137318996,32.856283648010603],[-100.906363409082005,32.857935134173502],[-100.906320577409005,32.859721820594302],[-100.906269615084994,32.861549075992201],[-100.906221336027997,32.863365098412402],[-100.906162326594995,32.865176343629599],[-100.906122010204996,32.8669741786644],[-100.906071132323007,32.868789950412697],[-100.906020169998001,32.870607985430198],[-100.905977254782002,32.872353852017497],[-100.905915563877997,32.874150428695998],[-100.905864601554001,32.875921021983302],[-100.905809616574004,32.877708463367298],[-100.905762677804006,32.879490288279101],[-100.905719762586997,32.881265239464398],[-100.905655305771006,32.883078580590499],[-100.905623203575999,32.8844435730282],[-100.905572241252003,32.885819798799702],[-100.905537373144,32.887518056011203],[-100.905475682239995,32.889241040214799],[-100.905419355177003,32.8909595811568],[-100.905389850909003,32.892632944310499],[-100.905333524745004,32.894308654893599],[-100.905287927158994,32.896024765309399],[-100.905231600994,32.897808434186601],[-100.905196731987999,32.899562766913903],[-100.905140405823005,32.901269825058002],[-100.905089443498994,32.902947546661501],[-100.905046528282995,32.904710847639599],[-100.905014341645995,32.906485381076898],[-100.904966062588997,32.908259746216501],[-100.904904371686001,32.910070236906698],[-100.904858773201994,32.911853654571999],[-100.904810410601996,32.913621229802203],[-100.904772942769995,32.9153910682721],[-100.904727345184,32.917095445105097],[-100.904695158547,32.918709883501101],[-100.904579823847996,32.920221727526602],[-100.904472535359005,32.921743881600101],[-100.904360553171998,32.923259580502403],[-100.904253432668,32.924762958191103],[-100.904174140174007,32.925877248945703],[-100.904095601367004,32.926978378688403],[-100.901947236347993,32.928817620226802],[-100.900509571669005,32.930054789336701],[-100.899018264093002,32.931325569256003],[-100.897789811652999,32.932399458963303],[-100.896475529680004,32.933534033768296],[-100.895153200598998,32.934677660244198],[-100.893881833842002,32.935816761121401],[-100.892381137973004,32.9371178837496],[-100.890857642862002,32.938430237923903],[-100.889385110074997,32.9397178664086],[-100.888077532229005,32.9408365992144],[-100.886843045806003,32.9418962395821]]]}},
{"type":"Feature","properties":{"OBJECTID":39269,"name":"Not Available","operator":"Not Available","circuits":null,"cables":"3","TYPE":"AC; OVERHEAD","OWNER":"ONCOR ELECTRIC DELIVERY CO.","VOLTAGE":345.0,"VOLT_CLASS":"345","SUB_1":"NOT AVAILABLE","SUB_2":"NOT AVAILABLE","Shape__Length":608.06508234113505,"stroke":"#999999"},"geometry":{"type":"MultiLineString","coordinates":[[[-101.009630970925997,32.856040069887797],[-101.009117243280002,32.857093339885097],[-101.008537970956993,32.858071256613201],[-101.007881751642003,32.859257798677902],[-101.007882756857001,32.860307379806699]]]}},
{"type":"Feature","properties":{"OBJECTID":39270,"name":"Not Available","operator":"Not Available","circuits":null,"cables":"3","TYPE":"AC; OVERHEAD","OWNER":"ONCOR ELECTRIC DELIVERY CO.","VOLTAGE":345.0,"VOLT_CLASS":"345","SUB_1":"NOT AVAILABLE","SUB_2":"NOT AVAILABLE","Shape__Length":595.63680886957309,"stroke":"#999999"},"geometry":{"type":"MultiLineString","coordinates":[[[-101.007723668813,32.860158684927903],[-101.007739510603002,32.859235167007697],[-101.008379635701999,32.858019372550103],[-101.008969722841996,32.857032570483398],[-101.009630970925997,32.856040069887797]]]}},
{"type":"Feature","properties":{"OBJECTID":39284,"name":"Not Available","operator":"Not Available","circuits":null,"cables":"3","TYPE":"AC; OVERHEAD","OWNER":"ONCOR ELECTRIC DELIVERY CO.","VOLTAGE":345.0,"VOLT_CLASS":"345","SUB_1":"UNKNOWN300957","SUB_2":"UNKNOWN305300","Shape__Length":9168.0441087123763,"stroke":"#999999"},"geometry":{"type":"MultiLineString","coordinates":[[[-101.393865207852997,32.131807090936],[-101.393931927525998,32.130935959557398],[-101.393990936060007,32.130050076112703],[-101.394049944594002,32.129189170550703],[-101.394106270758996,32.128294234755501],[-101.394189419720007,32.1272539571046],[-101.394253708552,32.1264702493757],[-101.394312717985002,32.1255093479595],[-101.394173326401997,32.124650789152902],[-101.394090177441001,32.1239306993564],[-101.393956067054006,32.123053869010299],[-101.393827321405993,32.122140660295798],[-101.393821956666997,32.121204737716702],[-101.393829919333996,32.120266551248598],[-101.393819275195995,32.119319227560098],[-101.393821956666997,32.118376599008101],[-101.393800415065996,32.117433719535398],[-101.393803181877004,32.116493269592098],[-101.393803181877004,32.115555083387903],[-101.393800415065996,32.114619075776503],[-101.393795134768993,32.113676279989399],[-101.393803181877004,32.112931128651503],[-101.394511200747004,32.1122836264542],[-101.395230117078995,32.111620281829097],[-101.395932855650997,32.110956854773299],[-101.395981135605993,32.109939039852001],[-101.396029414661996,32.108928098281602],[-101.396077611074006,32.108028385369799],[-101.396125973674003,32.1071581759929],[-101.396171572157996,32.106188054984401],[-101.396219851213999,32.105208881429597],[-101.396262767329006,32.104225096687799],[-101.396324458232996,32.103250282145098],[-101.396361924268007,32.102268760716903],[-101.396399559187003,32.101309955161597],[-101.396463932459994,32.100326086565303],[-101.396514811241005,32.099353618385898],[-101.396563174739995,32.098390118844698],[-101.396600725216999,32.097406335230303],[-101.396648921628,32.096442918646602],[-101.396697200684997,32.095472629782499],[-101.396748247451001,32.094509129639903],[-101.396799124435006,32.093525262372196],[-101.396836759354002,32.0926436536392],[-101.396871628360003,32.091857347357099],[-101.396911862105,32.091034747105198],[-101.396965421459001,32.090137297133403],[-101.397005739646005,32.089437240475696],[-101.397032560645002,32.088707846565903],[-101.397445621284007,32.087817018764902],[-101.397882821451006,32.086873970628297],[-101.398336114038997,32.085933185403597],[-101.398751857047003,32.085003632813198],[-101.399186374845002,32.084065194641902],[-101.399620808201007,32.083137988622198],[-101.400063456650997,32.082208435763498],[-101.400492527064998,32.081263040246597],[-101.400905671247003,32.080338097611701],[-101.401345552885999,32.079397145396797],[-101.401753248785994,32.078513189945603],[-101.402187766584007,32.077558574983698],[-101.402616919642995,32.076644947060302],[-101.403043306789002,32.075729056899597],[-101.403475227556996,32.074810819180499],[-101.403904380615998,32.073897191961699],[-101.404320122726006,32.072967555028598],[-101.404754640524004,32.072060716938999],[-101.405181112112004,32.071126554132299],[-101.405607582802006,32.070206052724998],[-101.406034053490998,32.0692832895473],[-101.406455161238995,32.068371841353603],[-101.406884314297997,32.067446730992302],[-101.407320173279999,32.066523883637799],[-101.407739938944005,32.065614698600697],[-101.408045711094005,32.064947582514002],[-101.408116705848997,32.064795282578302],[-101.408364223150997,32.064725378407097]]]}},
{"type":"Feature","properties":{"OBJECTID":39285,"name":"Not Available","operator":"Not Available","circuits":null,"cables":"3","TYPE":"AC; OVERHEAD","OWNER":"ONCOR ELECTRIC DELIVERY CO.","VOLTAGE":345.0,"VOLT_CLASS":"345","SUB_1":"NOT AVAILABLE","SUB_2":"NOT AVAILABLE","Shape__Length":11590.757695062706,"stroke":"#999999"},"geometry":{"type":"MultiLineString","coordinates":[[[-101.308452608205997,32.3038538667792],[-101.309123161040006,32.303709698500803],[-101.309974762132995,32.303520938124201],[-101.310849161568996,32.303338464223103],[-101.311657847446,32.303149116904997],[-101.312559069678002,32.3029564169398],[-101.313440175935995,32.302764890424903],[-101.314283730819,32.302576632248801],[-101.315158130255,32.302385022168401],[-101.316023143194997,32.3021923228563],[-101.316865356893004,32.302003059703097],[-101.317735732775006,32.3018194954333],[-101.318585910037996,32.301616569452101],[-101.319448324152006,32.301432922395101],[-101.320291879034997,32.301241395697701],[-101.321140714215005,32.301042996145199],[-101.322003127429994,32.300854738188697],[-101.322852047051995,32.300676873980997],[-101.323733152412004,32.3004841748334],[-101.324596824167003,32.300291390233497],[-101.325429649572001,32.300095254384999],[-101.326313438198994,32.299894675374603],[-101.327181132611003,32.299698538667499],[-101.328024603052,32.299523944081699],[-101.328904452567002,32.2993187547509],[-101.329749347735998,32.299137453889003],[-101.330610337121996,32.298941233536702],[-101.331461938214005,32.298751970428],[-101.332322927600003,32.298566060097301],[-101.333177210163996,32.2983880281433],[-101.334060915248003,32.298179570376],[-101.334911258700004,32.297985697312299],[-101.335766884245004,32.297796350200699],[-101.336470964002004,32.297648996003304],[-101.337330611303997,32.297448333368003],[-101.338195623345996,32.297254460258898],[-101.339061977469996,32.297054970684101],[-101.339922966855994,32.296859923556603],[-101.340761156102005,32.2966854958729],[-101.341561125625006,32.296503441793],[-101.342487828570995,32.296285260105002],[-101.343346136484996,32.296091386786301],[-101.34421240527,32.295894160540399],[-101.345062749619998,32.295700286385198],[-101.345938406697002,32.295505240139498],[-101.346796713713999,32.295309188093498],[-101.347648314805994,32.295126630076901],[-101.348494636500007,32.294941893105999],[-101.349366353567007,32.294734440394002],[-101.350216614372997,32.294542830440299],[-101.351078944045,32.294356919829497],[-101.351954601122998,32.294156256740798],[-101.352795558078,32.293968082437999],[-101.353659229832999,32.293771946574999],[-101.354502700273997,32.293581425794898],[-101.355369137942006,32.2933853733851],[-101.356232725256007,32.293191583469998],[-101.357080302794003,32.292997626079099],[-101.357956127856994,32.292802662864801],[-101.358827846720004,32.292620188647199],[-101.359682129283996,32.292421789208298],[-101.360541778384004,32.292233532330201],[-101.361438977061994,32.292057847326802],[-101.362269120096997,32.291859447416599],[-101.363116614093002,32.291671273662097],[-101.363992440054005,32.291468347742303],[-101.364842615520004,32.291268774811499],[-101.365675525366996,32.291072638424303],[-101.366555206897004,32.290878764589202],[-101.367498002261996,32.290666786488302],[-101.368334935663,32.290467297604202],[-101.369202630971998,32.290276776713903],[-101.370054232065002,32.290081730190302],[-101.370896445762995,32.289894729810399],[-101.371769420470997,32.2897008564941],[-101.372642563164007,32.289483177863403],[-101.373506234920001,32.289285952428799],[-101.374347023889996,32.289109093752103],[-101.374730663804996,32.289019574540298],[-101.375216143927005,32.288902731107903],[-101.376066319393004,32.288715647039901],[-101.376923368768004,32.288529736630203],[-101.377792320821001,32.288339299759997],[-101.378648029011003,32.288139726776301],[-101.379492925077997,32.287953732409797],[-101.380349807366997,32.287759943035297],[-101.381218926505994,32.287563722356701],[-101.382066421399003,32.287372195971997],[-101.382939564091998,32.287169270302698],[-101.383795105196,32.286982185695798],[-101.384645448647007,32.286792839143502],[-101.385511719229001,32.2865955288771],[-101.386368768604001,32.286401738878197],[-101.387236463015,32.2862044285202],[-101.388084040552997,32.286023044472998],[-101.388945029938995,32.2858336974368],[-101.389800655483995,32.285642087657699],[-101.390688465869005,32.285434634930198],[-101.391393803266993,32.285278145142698],[-101.392415724938004,32.285055941042899],[-101.393244611230003,32.284863156288097],[-101.394121609492998,32.284670456940198],[-101.394979916509001,32.284470884235702],[-101.395824812577004,32.284280447195201],[-101.396700302567993,32.2840748390825],[-101.397563973424994,32.2838843184308],[-101.398414234230998,32.2836893553661],[-101.399272540349003,32.283498834663902],[-101.400128165894003,32.283308481400297],[-101.400986472011994,32.283111171147098],[-101.401847461398006,32.282907071698602],[-101.402705768413995,32.282730129951197],[-101.403569439270996,32.282526031163997],[-101.404433110127997,32.282346994083902],[-101.405364172597004,32.282138870809099],[-101.406584241958001,32.281866290652196],[-101.407737508102997,32.281587341555202],[-101.409086743524,32.281281150232097]]]}},
{"type":"Feature","properties":{"OBJECTID":40048,"name":"Not Available","operator":"Not Available","circuits":null,"cables":"3","TYPE":"AC; OVERHEAD","OWNER":"NOT AVAILABLE","VOLTAGE":345.0,"VOLT_CLASS":"345","SUB_1":"WHITE RIVER","SUB_2":"NOT AVAILABLE","Shape__Length":392.69725069280287,"stroke":"#999999"},"geometry":{"type":"MultiLineString","coordinates":[[[-101.178729831924002,34.058440257319297],[-101.178917502562996,34.057467956093603],[-101.176579036063998,34.0574214370588]]]}},
{"type":"Feature","properties":{"OBJECTID":40049,"name":"Not Available","operator":"Not Available","circuits":null,"cables":"3","TYPE":"AC; OVERHEAD","OWNER":"LIGHTHOUSE ELECTRIC COOP, INC","VOLTAGE":345.0,"VOLT_CLASS":"345","SUB_1":"COTTONWOOD","SUB_2":"WHITE RIVER","Shape__Length":427.85419972694172,"stroke":"#999999"},"geometry":{"type":"MultiLineString","coordinates":[[[-101.179291420012007,34.058429779383701],[-101.179083129443995,34.0573354386229],[-101.176579036063998,34.0574214370588]]]}},
{"type":"Feature","properties":{"OBJECTID":40186,"name":"Not Available","operator":"American Electric Power","circuits":null,"cables":"6","TYPE":"AC; OVERHEAD","OWNER":"AEP TEXAS NORTH COMPANY","VOLTAGE":345.0,"VOLT_CLASS":"345","SUB_1":"ABILENE MULBERRY CREEK","SUB_2":"NOT AVAILABLE","Shape__Length":1307.89750166474,"stroke":"#999999"},"geometry":{"type":"MultiLineString","coordinates":[[[-99.603018201822195,32.987691186387899],[-99.602995402580206,32.989504443058699],[-99.602978052518793,32.9908014585221],[-99.602983417257704,32.993070272582699],[-99.602971347493593,32.995292986173602],[-99.602978052518793,32.997545370390597]]]}},
{"type":"Feature","properties":{"OBJECTID":40187,"name":"Not Available","operator":"American Electric Power","circuits":3,"cables":"9","TYPE":"AC; OVERHEAD","OWNER":"BIG COUNTRY ELECTRIC COOP, INC","VOLTAGE":345.0,"VOLT_CLASS":"345","SUB_1":"NOT AVAILABLE","SUB_2":"NOT AVAILABLE","Shape__Length":15164.326966314529,"stroke":"#999999"},"geometry":{"type":"MultiLineString","coordinates":[[[-99.649787963908693,32.8803092836649],[-99.649113304875797,32.881851050968002],[-99.648424060796003,32.883432883219697],[-99.647748815163197,32.884991582360897],[-99.647036603856506,32.8866267240657],[-99.646340654751398,32.8882338698239],[-99.645636574994597,32.889847638112499],[-99.644932578781194,32.891453443111601],[-99.644228414582798,32.893077352434901],[-99.6435162050727,32.894730431247702],[-99.642809526489899,32.8963430267262],[-99.642108129102596,32.897965678821699],[-99.641421483848802,32.899539884562998],[-99.640643642525802,32.901322379211699],[-99.639885918973505,32.903059780300303],[-99.639122830682396,32.904801539778099],[-99.638377176894295,32.9065119511204],[-99.637651639080303,32.908188498709599],[-99.636908666763304,32.909899748862102],[-99.6361737415546,32.911577386141502],[-99.635445521371295,32.913259382930796],[-99.634699867583194,32.9149537846423],[-99.633968965928702,32.916650365699297],[-99.633199171713898,32.91839874715],[-99.632515208829602,32.919975969381902],[-99.631741307517402,32.921745641571803],[-99.6309997599285,32.9234601593176],[-99.630224601873195,32.925245420737099],[-99.629465536237902,32.926982485799897],[-99.628706471500905,32.928737824598898],[-99.627929972260901,32.930516465112298],[-99.627322452414006,32.931954966216601],[-99.626574115358196,32.933665880505401],[-99.625833825410595,32.935374447852901],[-99.625079454371004,32.937094917619397],[-99.624347211531799,32.9387742309898],[-99.623606921584198,32.940464777978598],[-99.622893454432798,32.942110144777303],[-99.622142435007405,32.943825418252899],[-99.621369960219894,32.945603639270701],[-99.620675267857905,32.947180358403401],[-99.619953753598097,32.948857242127403],[-99.619210781281097,32.9505362213024],[-99.618489267021303,32.952215368343801],[-99.617726178730194,32.953958468422499],[-99.616975160203197,32.955674579353797],[-99.616241576179206,32.957360264078901],[-99.615494581206406,32.9590881931694],[-99.614734174386399,32.960824420901702],[-99.613981814674702,32.962532568960299],[-99.613258959230194,32.964185479530101],[-99.612504504647205,32.965932855042198],[-99.611755580991499,32.967644859580297],[-99.611022080510907,32.969330878924097],[-99.6102937776825,32.970997117754798],[-99.609537477959904,32.972724292554702],[-99.6088051515774,32.974408468076803],[-99.608066202814598,32.976109575649701],[-99.607331277605894,32.977783525337799],[-99.606617810454395,32.979429479209898],[-99.6059043424046,32.9810674712636],[-99.605178804590693,32.982722393566704],[-99.6044975231775,32.984292743940401],[-99.603653969193104,32.986220916453199],[-99.603018201822195,32.987691186387899]]]}},
{"type":"Feature","properties":{"OBJECTID":40188,"name":"Not Available","operator":"Not Available","circuits":null,"cables":"3","TYPE":"AC; OVERHEAD","OWNER":"ONCOR ELECTRIC DELIVERY COMPANY LLC","VOLTAGE":345.0,"VOLT_CLASS":"345","SUB_1":"UNKNOWN302829","SUB_2":"TONKAWA","Shape__Length":14636.383497154069,"stroke":"#999999"},"geometry":{"type":"MultiLineString","coordinates":[[[-99.993549510312704,32.826872135910499],[-99.9934652716953,32.826978168031502],[-99.992977781143395,32.826643980535401],[-99.992513759078307,32.826334018585598],[-99.991872626968501,32.825912576635503],[-99.991110964303701,32.8253896288129],[-99.990335720908405,32.824859976818502],[-99.989563245222598,32.824341555895103],[-99.988806861956704,32.823832187622997],[-99.988074619117498,32.823340841072202],[-99.987291413953898,32.822795346605801],[-99.986529751289098,32.822290420383702],[-99.985754507893802,32.821767556922701],[-99.985039029414494,32.821272773155798],[-99.984241155660598,32.820737421142397],[-99.983468679974706,32.820216737059603],[-99.982721600560197,32.819709548764699],[-99.981937054211897,32.8191832487664],[-99.981196765162693,32.818679496320499],[-99.9804028305213,32.818146323289],[-99.979641166958203,32.817623460349999],[-99.978865925359599,32.817098166419299],[-99.978121611857901,32.816591061484303],[-99.977342430248399,32.816072556820501],[-99.976565931008395,32.815547346580701],[-99.975796136793704,32.815024399644898],[-99.975034473230593,32.814504722429],[-99.9742793476061,32.813982948627903],[-99.973524305525004,32.813471232619001],[-99.972766665516005,32.812958344948299],[-99.971995866086502,32.812440091636702],[-99.971244847559504,32.811929466012003],[-99.970465665950101,32.811403165982597],[-99.969709282684207,32.810883572533797],[-99.968928758991694,32.810366157258699],[-99.968175058993594,32.809846563031897],[-99.967377018153101,32.809322358667899],[-99.966654246251906,32.808818523134903],[-99.965891157960797,32.808306891395702],[-99.965120022561294,32.8077916552296],[-99.964343523321304,32.807261919460601],[-99.963588481240095,32.8067501209581],[-99.962815922011004,32.806228263119202],[-99.962042104242101,32.805700789964],[-99.961295108370905,32.805199132605701],[-99.960532020978107,32.8046873343066],[-99.9597783191834,32.804173355472201],[-99.959019337989702,32.803655941150801],[-99.958258932068006,32.803146489020797],[-99.957473044535007,32.802613231851304],[-99.956713980696307,32.802102522584697],[-99.955948125594105,32.801586280930898],[-99.955118066101903,32.801017066314003],[-99.954286580983293,32.800453383617402],[-99.953471104741396,32.799910068290899],[-99.952645068803406,32.7993463853714],[-99.951814924869595,32.798784965700797],[-99.950992828043994,32.798226982006],[-99.950247174255907,32.7977219728105],[-99.949611405986602,32.797289047250999],[-99.948974466314198,32.796862994955703],[-99.948388319184602,32.796299227777197],[-99.947737967665006,32.7956871815474],[-99.947092812899299,32.795080583939203],[-99.946441119296594,32.794459484244399],[-99.945786660679502,32.793845090440001],[-99.945124154055804,32.793220471417001],[-99.944485705213694,32.792622925656701],[-99.943838036063497,32.792006269536799],[-99.943192963942806,32.791394054808798],[-99.942539846510499,32.790785276430398],[-99.9418826210823,32.790167446860998],[-99.941217517429095,32.789534948108098],[-99.940567081467805,32.788925080861503],[-99.939916645506599,32.788312866824199],[-99.939267551628404,32.787695037449701],[-99.938607728272402,32.787073769872997],[-99.937962657049994,32.786471782213397],[-99.937292020672999,32.785839283612503],[-99.936636220871193,32.785222458868603],[-99.935988550822699,32.784604629175],[-99.935328727466697,32.7839879733489],[-99.934471761635095,32.783179454645698],[-99.933813279463905,32.782559361652801],[-99.9331628435026,32.781944883376703],[-99.932513749624405,32.7813472543111],[-99.931874042242598,32.780731686889801],[-99.931199466753,32.780104721316398],[-99.930551628719599,32.779484543450501],[-99.929843526306996,32.778823882380799],[-99.929142128919693,32.778151820751901],[-99.928435450336806,32.777487639222301],[-99.927794318227001,32.776881041359502],[-99.927143966707305,32.776268742924401],[-99.926494871930799,32.775650829148603],[-99.925836305317901,32.775030651962403],[-99.925200622388601,32.7744352854412],[-99.924534177550598,32.773806055627901],[-99.923890446614706,32.773192668010601],[-99.923264151080105,32.772601744108798],[-99.922621762227095,32.771992882446902],[-99.921939140527599,32.771346721858599],[-99.921303455801606,32.7707377768321],[-99.920654361923397,32.770119862420401],[-99.920005267146806,32.769507480454301],[-99.919352149714499,32.768888392739598],[-99.918712443231001,32.768287327460101],[-99.918067371110297,32.767675029573503],[-99.917618017635505,32.767247635904297],[-99.917194228417102,32.7668450535094],[-99.916698019715398,32.766847232011798],[-99.916200553372306,32.766840526545202],[-99.9156734156753,32.766831474126803],[-99.914580415706197,32.766816890092599],[-99.913765023905995,32.766811190028697],[-99.912983244368704,32.766797694487501],[-99.911985462226397,32.766790822079201],[-99.910986338899505,32.766786379714297],[-99.9100153795533,32.766772884169299],[-99.9090444193087,32.766758132432102],[-99.908105647497493,32.766752516211199],[-99.907106523272205,32.766740195271097],[-99.9062508159803,32.7667344959576],[-99.905296032597406,32.766718738052603],[-99.904595976394802,32.766714127235197],[-99.9038301212926,32.766704069397797],[-99.902876679992801,32.766692753857299],[-99.901876216379407,32.7666837852707],[-99.900936018941806,32.7666713797189],[-99.899962460769501,32.766661154182998],[-99.898983454314902,32.766653358693603],[-99.898025821475997,32.766649921728501],[-99.897130047525806,32.766537771597697],[-99.896439378717901,32.766452528671699],[-99.895921712857302,32.766448086289898],[-99.895436232735094,32.766450348648902],[-99.894972127126707,32.766441296190798],[-99.894269472098003,32.7664435600608],[-99.893534545991002,32.766439033831503],[-99.892732566037907,32.766425538234003],[-99.891801839538402,32.766382623640297],[-99.890814703330506,32.766327386517901]]]}},
{"type":"Feature","properties":{"OBJECTID":40351,"name":"Not Available","operator":"Golden Spread Electric Cooperative","circuits":null,"cables":"3","TYPE":"AC; OVERHEAD","OWNER":"AEP TEXAS NORTH COMPANY","VOLTAGE":345.0,"VOLT_CLASS":"345","SUB_1":"BROWN","SUB_2":"CENTRAL BLUFF","Shape__Length":26464.174729454407,"stroke":"#999999"},"geometry":{"type":"MultiLineString","coordinates":[[[-99.882304137092305,32.092788241963298],[-99.882474039055296,32.093367096017602],[-99.882647627704102,32.093359971181201],[-99.882631450842496,32.094316346505103],[-99.882616279195702,32.0952999632485],[-99.882596916908,32.096314089082803],[-99.882582667831002,32.097254119808703],[-99.883425300143898,32.097501972858304],[-99.884533053145006,32.097822328084902],[-99.885667628043706,32.098151737303297],[-99.886716371612096,32.098450552559598],[-99.887783806426498,32.098766466349304],[-99.888855516323403,32.0990833865974],[-99.889926975590299,32.099393516975603],[-99.890995836031195,32.099705993178603],[-99.892067377943107,32.100014951051797],[-99.893130873645006,32.100329691326799],[-99.894199734085802,32.100640995466101],[-99.895173375801505,32.100922794791899],[-99.896062529168006,32.101179449190397],[-99.896781360160105,32.101391930035398],[-99.897481500804304,32.101591838412901],[-99.898434103976001,32.101869949441998],[-99.898839956533095,32.1019883862675],[-99.899612431320705,32.102212183050803],[-99.900029348427196,32.102334055942002],[-99.900964265567595,32.102607473387401],[-99.901991551078694,32.102908550854004],[-99.903032248437,32.1032095451449],[-99.904072945795406,32.103510623670402],[-99.905097549835403,32.103815053952601],[-99.906131540371803,32.104112779265698],[-99.907158827679595,32.104409247286597],[-99.908186029647396,32.1047114982753],[-99.909218764339101,32.105010145969899],[-99.910246049850201,32.105312398013503],[-99.910950129607002,32.105327149562299],[-99.911919748666804,32.105328239225798],[-99.912904118961904,32.105336285385697],[-99.913884466601104,32.105340727742202],[-99.914868836896204,32.105349864325198],[-99.915853123647906,32.105361263936501],[-99.916856354072394,32.105372579082399],[-99.918004339021707,32.105379368169203],[-99.919163053448898,32.105395294594899],[-99.9202922636088,32.1053975568624],[-99.921442930927597,32.105406693439697],[-99.922593514702996,32.105422536157498],[-99.923535054223706,32.105424882127402],[-99.9244523697744,32.105438461053701],[-99.925444702736101,32.105440724841998],[-99.926563267859905,32.105452039977997],[-99.927692478019793,32.105463439576603],[-99.928818922266998,32.105465786306397],[-99.929956262180198,32.105486153544703],[-99.931074743760703,32.105492943384],[-99.932195823268998,32.105502079951698],[-99.933338527921094,32.105513478783102],[-99.934470420450396,32.105524878374098],[-99.935596948240899,32.105536194260601],[-99.936710065082494,32.105542984096203],[-99.937849919380199,32.105558825268503],[-99.938968400960704,32.105563435020201],[-99.940093672008103,32.105575924265402],[-99.941226821280495,32.105586150485202],[-99.942354773798996,32.1055963767039],[-99.943319028119902,32.105606518457499],[-99.944185382244598,32.105614565353797],[-99.945038323623706,32.105617918036799],[-99.945889925614694,32.105627054592098],[-99.946862226145598,32.105636190385397],[-99.9478318452054,32.105642979452597],[-99.948946217891802,32.105652032302402],[-99.950080876333899,32.105663347412303],[-99.951203381468503,32.105670220941299],[-99.952335273997903,32.105688325873601],[-99.953467165628894,32.105691762256797],[-99.954592353132995,32.105705424846299],[-99.955730949789299,32.105708861228898],[-99.956858818764502,32.1057167399496],[-99.957989370109104,32.105731575896797],[-99.959138612699903,32.105737276059301],[-99.960250472798407,32.105752028300401],[-99.961374318219399,32.105759991481101],[-99.962506126307105,32.105773570357599],[-99.963636762093401,32.105779268995597],[-99.964627837413801,32.105782622433502],[-99.965589325821895,32.105804247425297],[-99.966702526206802,32.105808857925503],[-99.967815643048397,32.105815646219],[-99.968950217048899,32.105817826295201],[-99.969980102284495,32.105833751883502],[-99.971079807278898,32.105836098603802],[-99.972179513171596,32.105858729537303],[-99.973131781271704,32.105858729537303],[-99.974089329668999,32.105870129085197],[-99.975036149486897,32.105874655879397],[-99.975982969304795,32.105890580696801],[-99.976825183002802,32.105883791647997],[-99.977667312259101,32.105883791647997],[-99.978801970701298,32.1058815278707],[-99.979923133752806,32.105879265615201],[-99.981041615333297,32.105874655879397],[-99.982173424319399,32.105870129085197],[-99.983294670914304,32.105865686754399],[-99.984429245813104,32.105865686754399],[-99.985534315546303,32.105867866068401],[-99.986596470961899,32.105867866068401],[-99.987674717899097,32.105865686754399],[-99.988677863881904,32.105858729537303],[-99.989737337826298,32.105863340034801],[-99.990767221265301,32.105856550223002],[-99.991850918281301,32.105851940486097],[-99.992939811152993,32.105847498154503],[-99.994023423727398,32.105840625399701],[-99.995096306823996,32.105849761171697],[-99.996179919398401,32.105838361621302],[-99.997266214342304,32.105836098603802],[-99.998320322649505,32.105833751883502],[-99.999398654926694,32.105851940486097],[-100.000474220393002,32.105867866068401],[-100.001552468227999,32.105897454208801],[-100.002606575637003,32.1059178221116],[-100.00367401135,32.105936094400199],[-100.004797941212999,32.105956462294401],[-100.005962019479995,32.105974650872596],[-100.007091229639997,32.105992840208202],[-100.008282130704004,32.1060110287792],[-100.009414023233006,32.106040533931498],[-100.010540550125,32.106060985505003],[-100.011664312003006,32.106081437073797],[-100.012804335184001,32.106101889399],[-100.013930862075995,32.106126866979601],[-100.015061413420995,32.1061530179093],[-100.016194646236997,32.106174559871903],[-100.017318409013001,32.106190569100399],[-100.018455748926002,32.1062086746905],[-100.019595604122003,32.106235999712801],[-100.020757000917996,32.106256367540098],[-100.021872883672998,32.106272292291003],[-100.022985916970995,32.106283692548097],[-100.024083024038006,32.106310933845698],[-100.025185327857997,32.106320070331599],[-100.026324009855003,32.106342616681999],[-100.027470653619005,32.106365499357601],[-100.028640013081997,32.106388130920898],[-100.029656654456005,32.106408666879702],[-100.030694668546005,32.106429034668501],[-100.031751459223003,32.106435823676797],[-100.032762651415993,32.106881153972701],[-100.033776526875997,32.107317432456703],[-100.034766261909994,32.107751363706903],[-100.035785417667995,32.108189821096303],[-100.036810021708007,32.108626098653801],[-100.037807802952003,32.109057767595303],[-100.038741212719003,32.109468982929599],[-100.039781909178998,32.109911967034897],[-100.040664439267005,32.110291331191299],[-100.041485112263004,32.110638929499501],[-100.042356913771997,32.111011588709403],[-100.043301051219998,32.111411489217403],[-100.044298833362006,32.111854473028501],[-100.045181279906998,32.112227048145101],[-100.046195155367997,32.112663243258503],[-100.047182124488998,32.113092564078897],[-100.048182671646003,32.1135265789691],[-100.049183135259,32.113953636717397],[-100.050172871190995,32.114385220361797],[-100.051192026948996,32.1148191514988],[-100.052197937946005,32.1152576936394],[-100.053211813407003,32.115696067046798],[-100.054201548441,32.116118681944002],[-100.055226152480998,32.116557055781499],[-100.056240027043003,32.116993249987097],[-100.057243173923993,32.117433969850801],[-100.058257048486993,32.117865554539499],[-100.059249465890005,32.118301749339402],[-100.060268621648007,32.1187470795794],[-100.061282579752998,32.119169527425001],[-100.062283044265001,32.119596669091798],[-100.063286106704993,32.120032779536899],[-100.064297383338996,32.120466626764902],[-100.065292482214005,32.120893769208401],[-100.066311722413005,32.121334489257997],[-100.067317550764997,32.121763726690098],[-100.068339472435994,32.1222021837307],[-100.069342618419,32.122631588260198],[-100.070351130039001,32.123074487950298],[-100.071364920158999,32.123519735560599],[-100.072357422004004,32.123939920047398],[-100.073384623972004,32.124376030278597],[-100.074398582078004,32.124812225154002],[-100.075437016579997,32.125262333226402],[-100.076442425419003,32.125698192169999],[-100.077464347987998,32.1261251655812],[-100.078459446861999,32.126565886992502],[-100.079446415983995,32.126997470338097],[-100.080444281669003,32.127419918790601],[-100.081444745282994,32.127846976195698],[-100.082120662855004,32.128444354308002],[-100.082801944267999,32.129048521921398],[-100.083472411762003,32.129641374158403],[-100.084148411979996,32.130243362720101],[-100.084826927479995,32.130838477958399],[-100.085494880588996,32.131424456863698],[-100.086178844372,32.132037760714503],[-100.087656741898002,32.133339134106897],[-100.08845335801,32.134041035130103],[-100.089246705153002,32.134743354458301],[-100.089990264069996,32.135401585789801],[-100.090797525219003,32.136087476849397],[-100.091591542505,32.136800693076303],[-100.092385476247998,32.137518351362601],[-100.093163316672999,32.138208769190001],[-100.093925063778997,32.138881081164001],[-100.094721680790002,32.139569235621899],[-100.095427101732,32.140196034124102],[-100.096215670736001,32.140904640681001],[-100.097006923007996,32.141599668187197],[-100.097792726099001,32.142297964908302],[-100.098437964408006,32.142873716609898],[-100.099076246164003,32.143433544890897],[-100.099282860475995,32.143329021885599]]]}},
{"type":"Feature","properties":{"OBJECTID":40353,"name":"Not Available","operator":"Not Available","circuits":null,"cables":"3","TYPE":"AC; OVERHEAD","OWNER":"AEP TEXAS NORTH COMPANY","VOLTAGE":345.0,"VOLT_CLASS":"345","SUB_1":"BROWN","SUB_2":"CENTRAL BLUFF","Shape__Length":18818.948604867619,"stroke":"#999999"},"geometry":{"type":"MultiLineString","coordinates":[[[-99.882321152082099,32.0925534638098],[-99.882493233357906,32.091807559426101],[-99.883382302282897,32.091609829838198],[-99.884624247417605,32.091339429780597],[-99.886268441967005,32.089663552137502],[-99.887622957684997,32.0882626841464],[-99.888988118439102,32.086887717469402],[-99.890334671490507,32.085485675924197],[-99.891707961997895,32.084083551218903],[-99.893065160085399,32.082690478394902],[-99.894010437397029,32.081720497259667]]]}},
{"type":"Feature","properties":{"OBJECTID":40649,"name":"Not Available","operator":"Not Available","circuits":null,"cables":"3","TYPE":"AC; OVERHEAD","OWNER":"ONCOR ELECTRIC DELIVERY COMPANY LLC","VOLTAGE":345.0,"VOLT_CLASS":"345","SUB_1":"UNKNOWN302829","SUB_2":"TONKAWA","Shape__Length":465.1014086529625,"stroke":"#999999"},"geometry":{"type":"MultiLineString","coordinates":[[[-99.605444762508597,33.003916120286299],[-99.606033926180999,33.003910672007301],[-99.606037949735097,33.004108568926398],[-99.605687922083007,33.004271680789202],[-99.605725472560195,33.004956565913098],[-99.605738883509105,33.005431148427498],[-99.605825971582604,33.006252156452298],[-99.605847429639795,33.006594054109797],[-99.605669732995096,33.006593970489703]]]}},
{"type":"Feature","properties":{"OBJECTID":40650,"name":"Not Available","operator":"Not Available","circuits":null,"cables":"3","TYPE":"AC; OVERHEAD","OWNER":"AEP TEXAS NORTH CO.","VOLTAGE":345.0,"VOLT_CLASS":"345","SUB_1":"NOT AVAILABLE","SUB_2":"NOT AVAILABLE","Shape__Length":7752.4550152996671,"stroke":"#999999"},"geometry":{"type":"MultiLineString","coordinates":[[[-102.293678069165324,31.086112144797706],[-102.293941211488999,31.0868610381991],[-102.294249748653002,31.0877465862863],[-102.294761380530005,31.088467764893199],[-102.295285081271999,31.0892211303054],[-102.295728902921994,31.0898619272376],[-102.296136683263001,31.0904488275239],[-102.296560472482,31.091051821935899],[-102.296965401571001,31.0916421596432],[-102.297432106005004,31.0923059218966],[-102.297483152770994,31.093229273400699],[-102.297538136853007,31.094100823409299],[-102.297597146285995,31.095037919906801],[-102.297649448897005,31.0959038540908],[-102.297709715072997,31.096861654909301],[-102.297759419756005,31.097770085501001],[-102.297823708587003,31.098656554960701],[-102.297877436823995,31.099591388910401],[-102.297931081518001,31.100489341590201],[-102.297995453892995,31.101382769117102],[-102.298050439771998,31.102333528237001],[-102.298104082668999,31.1032223456914],[-102.298175161865998,31.104227084001099]]]}},
{"type":"Feature","properties":{"OBJECTID":40659,"name":"Not Available","operator":"Not Available","circuits":null,"cables":"3","TYPE":"AC; OVERHEAD","OWNER":"AEP TEXAS NORTH COMPANY","VOLTAGE":345.0,"VOLT_CLASS":"345","SUB_1":"NOT AVAILABLE","SUB_2":"NOT AVAILABLE","Shape__Length":10096.64013317422,"stroke":"#999999"},"geometry":{"type":"MultiLineString","coordinates":[[[-102.271265481640995,30.979051071620201],[-102.271083426371007,30.978864658136001],[-102.270339112868996,30.9783667735379],[-102.268819725754,30.977374440065301],[-102.267360519473996,30.976401719355501],[-102.265843814728001,30.975386420272201],[-102.264337754120007,30.974377993015299],[-102.262776624989002,30.973328159544],[-102.261259919343999,30.972311686286702],[-102.259755115478995,30.9713101325016],[-102.258231621266006,30.970282175721],[-102.256764537660004,30.969293195073099],[-102.255222266860997,30.9682651549541],[-102.253706818858006,30.967253123858899],[-102.252194053224997,30.966225167301701],[-102.250670558113995,30.965213136151899],[-102.249176568167996,30.964208061597599],[-102.247663718092994,30.963196198564201],[-102.246153718372,30.9621818212959],[-102.244638270370004,30.961169789661401],[-102.243133550945998,30.960157758857299],[-102.241623466784006,30.959143464866202],[-102.240108019678999,30.958129086150301],[-102.238595253148006,30.957114792185099],[-102.237085169883997,30.956095721227101],[-102.235580449561994,30.955083689814],[-102.234064918914001,30.9540693958666],[-102.232552236824006,30.953064153962199],[-102.231109123863007,30.952095793299002],[-102.229719823579998,30.951194067864101],[-102.228341168333998,30.9502393691523],[-102.227072483048005,30.949402016713801],[-102.226289278783,30.947876929217401],[-102.225586539312999,30.946556528291399],[-102.224787240831006,30.945049797575901],[-102.223931617082002,30.943425636178802],[-102.223100131964003,30.9418498384562],[-102.222271329213996,30.9403061433411],[-102.220474248589994,30.939613798718302],[-102.218733411485999,30.938953471794999],[-102.216976649047993,30.938283925077901],[-102.215230530748997,30.937609936305002],[-102.213470917956997,30.9369473471757],[-102.211719518460995,30.936280147282101],[-102.209973316618004,30.935610685090801],[-102.208227282760006,30.9349434858851],[-102.206470435881002,30.9342808959967],[-102.204794055592998,30.9336090858333],[-102.203021114497005,30.9329809463419],[-102.201679927083006,30.932194136646199],[-102.201456046253,30.932092381151701]]]}},
{"type":"Feature","properties":{"OBJECTID":40662,"name":"Not Available","operator":"Not Available","circuits":null,"cables":"3","TYPE":"AC; OVERHEAD","OWNER":"AEP TEXAS NORTH CO.","VOLTAGE":345.0,"VOLT_CLASS":"345","SUB_1":"WAYMARK","SUB_2":"NOT AVAILABLE","Shape__Length":2610.1130150383542,"stroke":"#999999"},"geometry":{"type":"MultiLineString","coordinates":[[[-102.289066380530002,30.975781878217798],[-102.291247015729994,30.976003830915701],[-102.291255062838005,30.978584031372801],[-102.291287248575998,30.981136656628099],[-102.291303341895002,30.983675368059],[-102.291324716408994,30.986246180530699],[-102.291346258009,30.988789250301],[-102.291373079907004,30.991359980420999],[-102.291383724943003,30.993902965463299],[-102.291498305057004,30.994206474740501]]]}},
{"type":"Feature","properties":{"OBJECTID":40787,"name":"Not Available","operator":"Not Available","circuits":null,"cables":"3","TYPE":"AC; OVERHEAD","OWNER":"DEAF SMITH ELECTRIC COOP, INC","VOLTAGE":345.0,"VOLT_CLASS":"345","SUB_1":"OGALLALA","SUB_2":"NOT AVAILABLE","Shape__Length":9506.3268259461438,"stroke":"#999999"},"geometry":{"type":"MultiLineString","coordinates":[[[-102.298296615889001,34.772578742493899],[-102.298188573713006,34.772080019843699],[-102.298212713241,34.770744865673201],[-102.298231404486998,34.769559580680003],[-102.298250264616996,34.768369769888601],[-102.298277002072993,34.7668229738346],[-102.298295861303998,34.765337868176502],[-102.298325365571003,34.763656626306201],[-102.298360234577004,34.761907071241801],[-102.298392421214004,34.759950399180397],[-102.298413878372997,34.758130186024601],[-102.298443382640002,34.756468641055399],[-102.298467522167996,34.755133235837398],[-102.298486215211,34.7541591754675],[-102.298510438283003,34.7525901672294],[-102.298531811898002,34.751322990742104],[-102.298550671128993,34.749875016820802],[-102.298580175395998,34.748070057630997],[-102.296517556368002,34.7471334637859],[-102.294462900903994,34.7461967855075],[-102.292384272099994,34.745262287408103],[-102.290247809758,34.744327789809098],[-102.288393146225999,34.743007639450802],[-102.286475366163003,34.741656561455301],[-102.284680968806995,34.740392485904799],[-102.282855725100006,34.739121873488799],[-102.281029141106998,34.737841286078698],[-102.279131477917005,34.736509988323199],[-102.277283435867005,34.735220432280201],[-102.275448721222006,34.733934229139003],[-102.273608726280003,34.7326436680044],[-102.271766131614001,34.731358555042199],[-102.269935524066,34.730066818956303],[-102.268091422026998,34.728775084092597],[-102.266255533283996,34.727493156541399],[-102.264418220712002,34.7262046898271],[-102.262572861031003,34.724915049770601],[-102.260744934955,34.7236254944386],[-102.258903514387001,34.7223445716577],[-102.255725180588001,34.720116829802201],[-102.255725433015002,34.719564545735103]]]}},
{"type":"Feature","properties":{"OBJECTID":40791,"name":"Not Available","operator":"Not Available","circuits":null,"cables":"3","TYPE":"AC; OVERHEAD","OWNER":"SOUTHWESTERN PUBLIC SERVICE CO.","VOLTAGE":345.0,"VOLT_CLASS":"345","SUB_1":"SALT FORK WIND","SUB_2":"NOT AVAILABLE","Shape__Length":354.53322598174793,"stroke":"#999999"},"geometry":{"type":"MultiLineString","coordinates":[[[-100.940135353898,35.164098362055299],[-100.940490579202006,35.165543318124897],[-100.940285557603005,35.1666605418228]]]}},
{"type":"Feature","properties":{"OBJECTID":40828,"name":"Not Available","operator":"Not Available","circuits":null,"cables":"3","TYPE":"AC; OVERHEAD","OWNER":"SOUTHWESTERN PUBLIC SERVICE CO.","VOLTAGE":345.0,"VOLT_CLASS":"345","SUB_1":"SALT FORK WIND","SUB_2":"NOT AVAILABLE","Shape__Length":43296.826798624905,"stroke":"#999999"},"geometry":{"type":"MultiLineString","coordinates":[[[-100.937725221600999,35.255566550470199],[-100.937728575012002,35.255439648944602],[-100.935913306198003,35.255456076848098],[-100.933987563469003,35.255458256965298],[-100.932061737197003,35.255464878740703],[-100.930141275663004,35.2554714168906],[-100.928202038441995,35.255475774923397],[-100.926297670227001,35.255480133689503],[-100.925506418853004,35.255482396697403],[-100.924347620882997,35.255469236773799],[-100.922853713582001,35.255797723671499],[-100.922073107244998,35.255981790010203],[-100.920957308034005,35.2559664515314],[-100.919503634478005,35.255979527016201],[-100.918430751380996,35.2559686309013],[-100.916443234205005,35.255977348380199],[-100.914670210463996,35.255986148749102],[-100.913004642299001,35.255990591845702],[-100.911325579641996,35.255992686856899],[-100.909654563195005,35.255999224230699],[-100.907978182009003,35.256003666593102],[-100.905963843833007,35.2560102883239],[-100.904306238334996,35.2560145641704],[-100.902688866581997,35.256008026064301],[-100.901505929083001,35.256277419366498],[-100.899722342950994,35.256671620973101],[-100.898110335937005,35.257028689711703],[-100.896500926849995,35.257392296339297],[-100.894880956270995,35.257742661092799],[-100.893271630727,35.258104088139198],[-100.891579156223003,35.2584895717224],[-100.889728432702,35.258894753650601],[-100.887850802841001,35.259308651407302],[-100.886244243210001,35.2596700788052],[-100.884967428170995,35.2599503694533],[-100.883709555007997,35.259954728712302],[-100.882030408808006,35.259952549449601],[-100.880099218694994,35.259972246432],[-100.878092925830998,35.259959171591298],[-100.875990157497995,35.2599613501203],[-100.874329870528996,35.259970067169803],[-100.8722457099,35.259970067169803],[-100.870491628932996,35.259963529382802],[-100.868665044940002,35.259959171591298],[-100.866811638151006,35.259963529382802],[-100.865137940232998,35.259965625024897],[-100.863469521713,35.259974426427704],[-100.861715440747005,35.259967888641],[-100.859706467310005,35.259974426427704],[-100.857684082025997,35.259972246432],[-100.855672425321998,35.259978868572198],[-100.854087239307006,35.259972246432],[-100.852158730664996,35.259981047834202],[-100.850243632971996,35.259978868572198],[-100.847926120574002,35.259981047834202],[-100.846059303735004,35.259981047834202],[-100.844053011769006,35.2599832270961],[-100.842044120078995,35.259991944143202],[-100.840032463374001,35.259989765615103],[-100.837881332441995,35.260002924071102],[-100.835688626579994,35.259995297022698],[-100.833520060246997,35.259989765615103],[-100.831773942845004,35.260000744809702],[-100.830009048858003,35.259994123404901],[-100.828005438362993,35.260000744809702],[-100.826004426694993,35.259994123404901],[-100.823995535902995,35.259994123404901],[-100.822147410309,35.260005187686197],[-100.819980269601999,35.259998566281801],[-100.817799633503995,35.259994123404901],[-100.815951507910995,35.259996387020301],[-100.814283257376999,35.259965625024897],[-100.812665801182007,35.260294279276998],[-100.811024373443004,35.260594268265102],[-100.809066360534004,35.260957875033199],[-100.807100217872005,35.261314859606401],[-100.805147653245001,35.2616783824568],[-100.803176230285004,35.262039726670402],[-100.801046556512006,35.262431748192803],[-100.799592714971993,35.262701142881198],[-100.797786163409,35.263048237552397],[-100.796618228674006,35.263272788814099],[-100.795483653774994,35.263250828375902],[-100.793640976464005,35.263248648468398],[-100.791634600955007,35.263239847421097],[-100.789604252106002,35.263233394248303],[-100.788021748459997,35.263228951548797],[-100.786412423814994,35.2632201504994],[-100.785006945773006,35.263226772374097],[-100.783421760655997,35.263217970591],[-100.781072145165993,35.263219060545197],[-100.778722530573006,35.2632201504994],[-100.776378278923005,35.2631938309625],[-100.774546331088999,35.263176396822601],[-100.772888725591002,35.263182935083897],[-100.771209662036,35.263178575998701],[-100.769525235537998,35.263176396822601],[-100.767844160653993,35.263173044074797],[-100.767813902700993,35.262580694749701],[-100.767199759575007,35.261546955288402],[-100.766389733411998,35.260237281984502],[-100.765606528248995,35.258931969568302],[-100.764823323084997,35.2576419940983],[-100.763911371375002,35.256143896500902],[-100.763026242460995,35.254689468610898],[-100.762382512423002,35.253640390073201],[-100.761604671998001,35.252350246756798],[-100.760724823382006,35.250902440436199],[-100.759737854259996,35.249290265558301],[-100.758876864875006,35.2478949296436],[-100.758013110473996,35.246453661866902],[-100.757238035962004,35.245191849806503],[-100.755491917662994,35.244462456571497],[-100.753702800602994,35.243728621811002],[-100.751905720878,35.243003586589701],[-100.750320619304006,35.242346361778402],[-100.748633425096997,35.2416562797886],[-100.746806924647004,35.240913642574903],[-100.745323664180006,35.240298075860302],[-100.743826906525001,35.239673791845597],[-100.742177432576,35.238990247136996],[-100.740262334882999,35.238221375991699],[-100.738682514505001,35.237575047699401],[-100.736952405081993,35.2368564662981],[-100.735439722991998,35.236243078773001],[-100.733669465163999,35.235509160098204],[-100.731767778419993,35.234737941005399],[-100.729989474381995,35.234006284059703],[-100.7283264215,35.233313938654497],[-100.726534705614,35.232584378422601],[-100.724743073271995,35.231841658143701],[-100.723173981474005,35.231199771167098],[-100.721382265589,35.230470127349797],[-100.719555681596006,35.229723047376503],[-100.717769330449002,35.228991224125402],[-100.716208200419004,35.228342799942503],[-100.714175170098997,35.227514584148899],[-100.712530976447994,35.226841936071999],[-100.710897426935006,35.226167025931097],[-100.709368651527001,35.225525055900398],[-100.707831746365002,35.224900687543197],[-100.706404726721999,35.2243287901209],[-100.704701524536006,35.223610042217899],[-100.702968817186004,35.222908979525997],[-100.701155727685006,35.222161733065199],[-100.699369376538002,35.221432087962803],[-100.697588306586994,35.220698084471401],[-100.695764404065002,35.219950838202102],[-100.693991547411002,35.219214571972103],[-100.692183738207007,35.2184717682049],[-100.690641468307007,35.2178384309899],[-100.689289634958001,35.217301653636397],[-100.687524740971,35.216631017667297],[-100.685851043053006,35.215783020866802],[-100.684526031602005,35.215114648227903],[-100.683378046651995,35.214542750834298],[-100.681527322232995,35.213626776881],[-100.679716830659999,35.212712981198202],[-100.678147738861,35.211921896963503],[-100.676256780697003,35.211919634208002],[-100.674277227984007,35.2119283512843],[-100.672249561504003,35.211939331848598],[-100.670618777903996,35.211945953507701],[-100.669441204245004,35.211956849665903],[-100.667797010594001,35.211943773688702],[-100.665881912901,35.211959028750499],[-100.663843517841997,35.211974451149104],[-100.661823814030001,35.211978893721202],[-100.660150117010005,35.211989789874998],[-100.658519332511005,35.211994149510403],[-100.656805317304006,35.211994149510403],[-100.654866164525004,35.212005045662103],[-100.652918880195003,35.212013847133001],[-100.651003784298993,35.212027090438298],[-100.648949127937001,35.212022647868899],[-100.647015338098996,35.212033544016798],[-100.645070737037003,35.212033544016798],[-100.643233423566997,35.2120401656681],[-100.641229813072002,35.2120423447506],[-100.639143055413001,35.212062042361403],[-100.637303059573,35.212064221443299],[-100.635473709666996,35.212064221443299],[-100.633625751159997,35.212083919782799],[-100.631758934320004,35.212086182533803],[-100.629680221075006,35.212092720511102],[-100.627679210305004,35.212101521238502],[-100.625670318614993,35.212114680859898],[-100.62365866191,35.212121218835001],[-100.621646921662006,35.212125661399099],[-100.619635349399005,35.212156339524697],[-100.617626374165994,35.212151979898003],[-100.615958040088003,35.212140916426698],[-100.613951748123,35.212136557533199],[-100.611953418824001,35.212125661399099],[-100.609939163293006,35.212125661399099],[-100.607914012096003,35.212123481584896],[-100.606049960270994,35.2120993421576],[-100.604177778692005,35.2120993421576],[-100.602297550005005,35.212077464740403],[-100.600419920145001,35.212079645289798],[-100.598542457370996,35.212066484928698],[-100.596541529245002,35.212044524566899],[-100.594543283489998,35.212018288968899],[-100.592711334757993,35.212000771165002],[-100.591382216209993,35.2119546705811],[-100.589704578280006,35.211961292238897],[-100.587848405578995,35.211956849665903],[-100.585844879525993,35.211959028750499],[-100.583827858980996,35.211959028750499],[-100.581818800204005,35.211956849665903],[-100.579807227043005,35.2119546705811],[-100.577798252706998,35.211950395347401],[-100.575863039040001,35.2119470426832],[-100.574134355243999,35.211943773688702],[-100.573943667162993,35.2119470426832]]]}},
{"type":"Feature","properties":{"OBJECTID":40866,"name":"Not Available","operator":"Not Available","circuits":null,"cables":"3","TYPE":"AC; OVERHEAD","OWNER":"ONCOR ELECTRIC DELIVERY CO.","VOLTAGE":345.0,"VOLT_CLASS":"345","SUB_1":"UNKNOWN305300","SUB_2":"NOT AVAILABLE","Shape__Length":590.86552248533974,"stroke":"#999999"},"geometry":{"type":"MultiLineString","coordinates":[[[-102.217295831249004,31.8632277787211],[-102.217628425295999,31.862904153604401],[-102.217254927360003,31.8617631244535],[-102.216598456517005,31.8597353749417],[-102.216378180625995,31.858966586297498]]]}},
{"type":"Feature","properties":{"OBJECTID":40867,"name":"Not Available","operator":"Not Available","circuits":null,"cables":"3","TYPE":"AC; OVERHEAD","OWNER":"ONCOR ELECTRIC DELIVERY CO.","VOLTAGE":345.0,"VOLT_CLASS":"345","SUB_1":"UNKNOWN305300","SUB_2":"NOT AVAILABLE","Shape__Length":838.09904698883827,"stroke":"#999999"},"geometry":{"type":"MultiLineString","coordinates":[[[-102.220558152135993,31.862395288012099],[-102.217845600201997,31.8628335775186],[-102.217486268699005,31.861715096054201],[-102.216850500429999,31.859698829830801],[-102.216619747487997,31.8589205699571]]]}},
{"type":"Feature","properties":{"OBJECTID":40868,"name":"Not Available","operator":"Not Available","circuits":null,"cables":"6","TYPE":"AC; OVERHEAD","OWNER":"ONCOR ELECTRIC DELIVERY CO.","VOLTAGE":345.0,"VOLT_CLASS":"345","SUB_1":"UNKNOWN305300","SUB_2":"NOT AVAILABLE","Shape__Length":8087.548582507553,"stroke":"#999999"},"geometry":{"type":"MultiLineString","coordinates":[[[-102.206451660192997,31.906859776037098],[-102.208321159402004,31.906406650062198],[-102.210209435197001,31.905956961159099],[-102.212103074832996,31.905509534976499],[-102.213996714469005,31.905058672620399],[-102.215893035576002,31.904626082382698],[-102.217555921371002,31.903753944588999],[-102.219221657521004,31.9029114797106],[-102.220889907157002,31.902066668143402],[-102.222614651840999,31.901201320997099],[-102.224207800523004,31.9003816547912],[-102.225866829851,31.899544721038001],[-102.227531140373998,31.898694293646901],[-102.229167204272002,31.897847134032901],[-102.228595977260994,31.896105123384402],[-102.228043443293004,31.894372164947299],[-102.227496272267004,31.892634596897299],[-102.226941055031006,31.890890154461299],[-102.226391118989994,31.8891456293996],[-102.225835900855998,31.8874057972792],[-102.225283449532,31.885681723770301],[-102.224733513491998,31.883925798733699],[-102.224186426008998,31.882203988121798],[-102.22363112523,31.880470694844298],[-102.223086721014994,31.8787351377037],[-102.222542232357995,31.8770405685325],[-102.221995061331995,31.875307274223498],[-102.221472030732997,31.873901880975499],[-102.220864426443995,31.872277719344499],[-102.220278447298995,31.8707152489356],[-102.219699006992002,31.869138948126398],[-102.219111603119003,31.867568347542601],[-102.218545740847006,31.8660728485204],[-102.218069649016996,31.864782369819999],[-102.217328017884995,31.862735593065501],[-102.216965919570995,31.861587440338099],[-102.216542130351996,31.860252454128801],[-102.216200148910005,31.8591760503503]]]}},
{"type":"Feature","properties":{"OBJECTID":41069,"name":"Not Available","operator":"Not Available","circuits":null,"cables":"3","TYPE":"AC; OVERHEAD","OWNER":"AEP TEXAS NORTH COMPANY","VOLTAGE":345.0,"VOLT_CLASS":"345","SUB_1":"NOT AVAILABLE","SUB_2":"NOT AVAILABLE","Shape__Length":22621.918621336597,"stroke":"#999999"},"geometry":{"type":"MultiLineString","coordinates":[[[-101.081254836102005,31.161631135062699],[-101.081621879642,31.161594253682399],[-101.081607211052003,31.1606315930002],[-101.081361537991,31.159252434594499],[-101.081148217755995,31.158002021934202],[-101.080910507362006,31.156638119315499],[-101.080639017619006,31.155095764686301],[-101.080348082043997,31.153397172029301],[-101.080065276222996,31.151760689302002],[-101.079848604372998,31.150591749289799],[-101.079753218560995,31.149294146545898],[-101.079709548759993,31.147566217373701],[-101.079659424563999,31.1459892456229],[-101.079622377144005,31.144320828157301],[-101.079578622900996,31.142733965739598],[-101.079533444828996,31.1410738462483],[-101.079489775027994,31.1393970468601],[-101.079444428971001,31.1377769928033],[-101.079407380652,31.136198261227399],[-101.079355580199007,31.134518695184699],[-101.079315180265993,31.132920517702701],[-101.079273103177997,31.131225696964901],[-101.079229516919995,31.1296898810524],[-101.079184254406002,31.128041830611998],[-101.079140669047007,31.126439546835101],[-101.079098507517998,31.124733493688499],[-101.079058107584004,31.123183680516501],[-101.079019382110999,31.1218884250688],[-101.078978982178,31.120450760365099],[-101.078940174058999,31.118979736597201],[-101.078894910646994,31.117351049572701],[-101.078854510713001,31.1158799408466],[-101.078807656384996,31.1142497455279],[-101.078763902142001,31.112673528090099],[-101.078720316783006,31.1110045238675],[-101.078675053371001,31.1093936897623],[-101.078631468012006,31.107748154187199],[-101.078587714666995,31.1060458730752],[-101.078534405943003,31.104329678829],[-101.078487550716005,31.102545673697101],[-101.078447149884994,31.100864096708101],[-101.078403564525999,31.099358120692798],[-101.078358218467997,31.0977926319846],[-101.078356625755006,31.096243824344899],[-101.078358218467997,31.0944873969888],[-101.078361570981002,31.0929315475477],[-101.078358218467997,31.091244270852901],[-101.078359811181002,31.089638548862499],[-101.078356625755006,31.088324853561801],[-101.078359811181002,31.0870319451268],[-101.078356625755006,31.085604757683502],[-101.078356625755006,31.084055782899899],[-101.078353441228003,31.082389041550599],[-101.078351864756087,31.081036556711719]]]}},
{"type":"Feature","properties":{"OBJECTID":41895,"name":"Not Available","operator":"American Electric Power","circuits":null,"cables":"3","TYPE":"AC; OVERHEAD","OWNER":"AEP TEXAS NORTH COMPANY","VOLTAGE":345.0,"VOLT_CLASS":"345","SUB_1":"ABILENE MULBERRY CREEK","SUB_2":"NOT AVAILABLE","Shape__Length":8129.6523220228592,"stroke":"#999999"},"geometry":{"type":"MultiLineString","coordinates":[[[-99.821395109826,32.630127495143199],[-99.821073328799699,32.6295198909513],[-99.820734028828696,32.628874986542698],[-99.820409481889499,32.628263862702802],[-99.820078229026805,32.627633627154999],[-99.819741527881902,32.626998865968297],[-99.819413041830302,32.626369720044799],[-99.819085728080097,32.625757589503699],[-99.818754558760702,32.625145376092199],[-99.818431353006304,32.624510697126603],[-99.818077217358393,32.623845342410803],[-99.817728614434301,32.623183422973],[-99.817382525894701,32.622527120160001],[-99.817044651550006,32.621876517321901],[-99.816703926851005,32.621236139858297],[-99.816357921854703,32.620580925911298],[-99.816016023955797,32.619932669581097],[-99.815688710205706,32.619585826233099],[-99.815330719886902,32.618909239841997],[-99.814973901869493,32.6182393581661],[-99.814656143498993,32.617638459563402],[-99.814339643668205,32.617043176521697],[-99.814078127919302,32.6165336405004],[-99.813812505072903,32.616036677142503],[-99.813556438504605,32.6155576513517],[-99.813276147067896,32.615036968073198],[-99.813041454115094,32.614546123881297],[-99.812754457653199,32.613998785578097],[-99.8124741671149,32.613508528170698],[-99.812205946340697,32.612994549251198],[-99.811945770878197,32.612508734880201],[-99.811674868632906,32.611989140904697],[-99.811425422648199,32.611513551536603],[-99.811149155664097,32.610982640709402],[-99.810895603480205,32.610512668270097],[-99.810608606119899,32.609977148481498],[-99.810284143622496,32.609351355465797],[-99.810029332898907,32.608859924681298],[-99.809754322657795,32.608340246727501],[-99.809440504298095,32.607753931839],[-99.809118723271794,32.6071574759927],[-99.808951000621704,32.606641150320002],[-99.808771377989103,32.606097752458901],[-99.808583622908202,32.605553263864302],[-99.8083998078381,32.604987233465401],[-99.808173244638596,32.604320620479001],[-99.807954645004102,32.603674459941203],[-99.8077333621018,32.6030123732193],[-99.807512080097894,32.602345844673003],[-99.807325666201706,32.601792220215501],[-99.807194238184096,32.601338088076801],[-99.807002460447293,32.600648844361302],[-99.806742202339805,32.599903190386897],[-99.8065518493311,32.599351828782403],[-99.806329225244198,32.598704494179302],[-99.806106519410505,32.5980513766984],[-99.805875932656903,32.597375795364897],[-99.805651968283499,32.596731729550498],[-99.805422639171198,32.5960684691536],[-99.805195908885096,32.595409735724999],[-99.804976051609202,32.594766844005001],[-99.804745381312202,32.594087826082102],[-99.804518734569399,32.593450550493799],[-99.804293429011295,32.5927850270512],[-99.803687920492393,32.592339276811899],[-99.803075035906602,32.591886737624499],[-99.802457456725193,32.591431348843798],[-99.801859324273096,32.5909895389171],[-99.801243758216202,32.590534234130999],[-99.800630872732199,32.590085635184998],[-99.800005918382197,32.5896234564051],[-99.799409126216503,32.589178293673598],[-99.798797582815496,32.588728520070298],[-99.798191319711705,32.588283357435301],[-99.797578518669297,32.587821263972899],[-99.797405516620302,32.587174851987299],[-99.7972217015502,32.5865070657335],[-99.797038054465105,32.585833579532803],[-99.796855663224804,32.585158919598001],[-99.796677212893599,32.584511417373101],[-99.796481411602699,32.583804068785902],[-99.796299021260594,32.583121530584201],[-99.796127443939696,32.582498839622701],[-99.795936922945998,32.581775648261498],[-99.795763920897002,32.581114567701697],[-99.795585637652493,32.580434292751498],[-99.795401822582406,32.579760723079602],[-99.795216833414301,32.579074831777803],[-99.795039724267795,32.578425066174297],[-99.794858759552099,32.577745880544697],[-99.794683074235394,32.577074573732702],[-99.794503366262802,32.576415672698197],[-99.794259200575297,32.575539699693202],[-99.795463600622796,32.575206099960802],[-99.795403600348394,32.575023699778399]]]}},
{"type":"Feature","properties":{"OBJECTID":41975,"name":"Not Available","operator":"American Electric Power","circuits":null,"cables":"3","TYPE":"AC; OVERHEAD","OWNER":"TRI-COUNTY ELECTRIC COOP, INC","VOLTAGE":345.0,"VOLT_CLASS":"345","SUB_1":"UNKNOWN306367","SUB_2":"NOT AVAILABLE","Shape__Length":318.33632489850123,"stroke":"#999999"},"geometry":{"type":"MultiLineString","coordinates":[[[-99.592584500664103,33.369767300173301],[-99.592207139074503,33.3689913378306],[-99.592054252999702,33.368673244475602],[-99.592492709910104,33.368557993049102],[-99.592935106831305,33.369294595143899]]]}},
{"type":"Feature","properties":{"OBJECTID":41976,"name":"Not Available","operator":"American Electric Power","circuits":2,"cables":"6","TYPE":"AC; OVERHEAD","OWNER":"TRI-COUNTY ELECTRIC COOP, INC","VOLTAGE":345.0,"VOLT_CLASS":"345","SUB_1":"UNKNOWN306367","SUB_2":"NOT AVAILABLE","Shape__Length":15717.91853018154,"stroke":"#999999"},"geometry":{"type":"MultiLineString","coordinates":[[[-99.579906025493798,33.251460039327],[-99.579868475016596,33.253346387798899],[-99.579810723225293,33.2557542561891],[-99.579767808009194,33.258039750508601],[-99.579719528054298,33.260428425141399],[-99.579671331642601,33.262848364438199],[-99.579624310227402,33.265257071333203],[-99.579576030272506,33.267658990236399],[-99.579527834759105,33.270029475882197],[-99.579482237173707,33.272320165788599],[-99.579435213961801,33.274642288830599],[-99.579389616376304,33.277010259755599],[-99.579338738493504,33.279340178063499],[-99.579289704852002,33.281767492828003],[-99.579242179481994,33.284146444690599],[-99.579190127501107,33.286541071296398],[-99.579144529915595,33.288900324224699],[-99.579096921002204,33.291232170318999],[-99.579040677482297,33.293900633299998],[-99.578992313984003,33.296352256575602],[-99.578942777286002,33.298814942742197],[-99.578891814961594,33.3011721857347],[-99.578844876191397,33.303694719196699],[-99.578798524919307,33.3060406461382],[-99.578747646138297,33.3084761760649],[-99.578699367081597,33.310851691085098],[-99.578652428311401,33.313246149224099],[-99.578601465987006,33.315795253654102],[-99.578549833519403,33.3181867782978],[-99.578513624227,33.320725573835901],[-99.578453273609497,33.323183147551497],[-99.578400216413897,33.325591854841903],[-99.578353362085295,33.328070550667398],[-99.578234673975004,33.330454448325803],[-99.578604818499699,33.3330965922584],[-99.578907238136694,33.335575539900098],[-99.579144529915595,33.337631034090698],[-99.5793437672625,33.339323926713],[-99.5795898607346,33.341409595575499],[-99.579837964636297,33.344032879624599],[-99.581083850680201,33.346322899760601],[-99.582174839321397,33.348431283738798],[-99.583379821477195,33.350773774172403],[-99.584482126196093,33.352908393355399],[-99.585619466109307,33.355110654737302],[-99.586636609640905,33.3570905433779],[-99.587484942662599,33.358724344979599],[-99.588469983999204,33.360637597922199],[-99.589668931272897,33.362945554789597],[-99.590781377971297,33.365103391542597],[-99.591907821320206,33.367287464654503]]]}},
{"type":"Feature","properties":{"OBJECTID":41979,"name":"Not Available","operator":"Not Available","circuits":null,"cables":"3","TYPE":"AC; OVERHEAD","OWNER":"ONCOR ELECTRIC DELIVERY COMPANY LLC","VOLTAGE":345.0,"VOLT_CLASS":"345","SUB_1":"UNKNOWN302829","SUB_2":"TONKAWA","Shape__Length":16630.106787363762,"stroke":"#999999"},"geometry":{"type":"MultiLineString","coordinates":[[[-99.869602535693303,32.855092831206001],[-99.869598429494104,32.855871341780599],[-99.869602535693303,32.856761332632203],[-99.869602535693303,32.857580328192697],[-99.869606559247401,32.858419524309099],[-99.869607816888802,32.859246482843503],[-99.869619971094593,32.860068831465597],[-99.869622653464106,32.860895790470103],[-99.869619971094593,32.861729369899997],[-99.869626677018204,32.862559598031602],[-99.869625335833504,32.863424693916102],[-99.869438921937302,32.864225668962],[-99.8692618118925,32.865034438728202],[-99.869272624913606,32.865922082342998],[-99.869260554251099,32.866813078485997],[-99.869260554251099,32.867696279047898],[-99.869256531595298,32.868602949677999],[-99.868248021771905,32.868589455254401],[-99.867259627024396,32.868592891296203],[-99.866229658245501,32.868587276227302],[-99.865386019819397,32.868586018457897],[-99.864439200001499,32.868580486384701],[-99.863733863501693,32.868577050342402],[-99.862741445200001,32.868575960074203],[-99.861762439643798,32.868566991957699],[-99.860804806804794,32.868565818693199],[-99.860263756000805,32.868564644674201],[-99.859483232308307,32.868560789123102],[-99.858737578520206,32.868556849821204],[-99.857906008960001,32.868553999278497],[-99.85696933202,32.868551149490301],[-99.855993678078093,32.868550646985902],[-99.855022047690397,32.868544444150103],[-99.854004820615501,32.868541594361602],[-99.853051965017201,32.868535475275998],[-99.852123921785406,32.868544946654602],[-99.852059548512102,32.8689335326115],[-99.852040772824395,32.869561587973401],[-99.852026020690801,32.870182268203997],[-99.852008502644395,32.870810743272301],[-99.851997857608296,32.871485486530403],[-99.851980423105303,32.872288556388],[-99.851954942392197,32.873101768888603],[-99.851937423447595,32.873961165309197],[-99.8519106024481,32.874757530505697],[-99.851897274144306,32.875580885081398],[-99.851881180825998,32.876403065639202],[-99.851859724565401,32.877224156708401],[-99.851838266508196,32.878084642547499],[-99.851818149635704,32.878862986759898],[-99.851800715132697,32.879691873058803],[-99.851776575604404,32.880515142573699],[-99.851752435177701,32.881333970819597],[-99.851734917131395,32.882160677948796],[-99.8517175661717,32.882990654428802],[-99.851696025469494,32.8838308563151],[-99.851673226227604,32.884648427314701],[-99.851667945930302,32.8855257607661],[-99.851653110253395,32.886329837229702],[-99.851653110253395,32.887124943929798],[-99.851639782847798,32.887977468082397],[-99.851637016935101,32.888774838855902],[-99.851628383226895,32.889586290359901],[-99.851624359672698,32.8904037765762],[-99.851620923616807,32.891225371563699],[-99.851606255026496,32.891949483783499],[-99.851600806744301,32.892668986556799],[-99.851592844077601,32.893475241482001],[-99.851587479338704,32.894230870778202],[-99.851587479338704,32.894878372691899],[-99.851576750759307,32.895736427291403],[-99.851570045733993,32.896406477028599],[-99.851567362466298,32.897139558889798],[-99.851690744273895,32.897907592433398],[-99.851124714915102,32.898547131946899],[-99.850546781980398,32.899193460374597],[-99.850041102340697,32.8997620877944],[-99.849526118849496,32.9003273642439],[-99.849005853264501,32.900909486710603],[-99.848417024663803,32.901554641663999],[-99.847814952200807,32.902220165030698],[-99.847232829523605,32.902881162608502],[-99.846641402995104,32.903533022484503],[-99.846060704147703,32.904178261651801],[-99.845466678793002,32.904826769355303],[-99.844872568996706,32.9054922930194],[-99.844324057684204,32.906106936964797],[-99.843723242862595,32.906778077232197],[-99.8431264506969,32.907440666045197],[-99.842549022615401,32.908075176509797],[-99.841958349773407,32.908729299873599],[-99.841360216422899,32.909394655439101],[-99.8407727290069,32.910050539062503],[-99.8401773624675,32.910709189336103],[-99.839630107898103,32.911322157550501],[-99.839070950651205,32.911943675749598],[-99.838546579765307,32.912719337179503],[-99.838014161771099,32.9135097508588],[-99.837638652507707,32.9142550692955],[-99.837267165900002,32.915030730833202],[-99.837009673705296,32.915816534368297],[-99.836751426925701,32.916627734355501],[-99.836618071123496,32.917309351456197],[-99.836465101505297,32.918116529024303],[-99.836309616604396,32.918915826612803],[-99.836152624330396,32.919727530571201],[-99.835989009676098,32.920555075338697],[-99.835842829524907,32.921331742630102],[-99.835695307290607,32.922084856225801],[-99.834645222537503,32.922541921848101],[-99.833782976408699,32.9229224598188],[-99.832907234889404,32.922934865416998],[-99.832023447159997,32.922946096960899],[-99.831142928399998,32.922960178049998],[-99.830267270424002,32.922968560798601],[-99.829380213725301,32.922984318885803],[-99.828403722553603,32.9229978977732],[-99.827446257699606,32.923011392205197],[-99.826495414327496,32.923021534895099],[-99.825529819720202,32.923037292219],[-99.824576209537099,32.923048524503898],[-99.823626708248099,32.923064281822903],[-99.822665219839905,32.923075597049603],[-99.821704905529899,32.923087918927202],[-99.820751463331703,32.923101497798697],[-99.820758169255299,32.9237656798744],[-99.820763533994196,32.924447799231501],[-99.820755403342503,32.925062444273102],[-99.820752721871401,32.925869537553098],[-99.820754145701102,32.926728431147502],[-99.820755403342503,32.9275535458723],[-99.820754145701102,32.928375223702901],[-99.820751463331703,32.929204864378697],[-99.820758169255299,32.930027799603202],[-99.8207568280706,32.930843862179501],[-99.8207568280706,32.9316734186324],[-99.820750122147004,32.932501886117898],[-99.820751463331703,32.933126588840402],[-99.820752721871401,32.933767050857398],[-99.820233713927806,32.934424359022202],[-99.819721411009397,32.935078399230697],[-99.8191997215947,32.935728834544399],[-99.818867128445603,32.936568534572899],[-99.818202023894102,32.937063820374902],[-99.817542116994801,32.937559023487402],[-99.8168756712586,32.938062188982101],[-99.816213165533199,32.938565270945197],[-99.815931533810101,32.938770124425702],[-99.815539931228301,32.939098778621499],[-99.814877426401196,32.939583839350099],[-99.814408039597296,32.939569255789799],[-99.813758944820705,32.939565817977503],[-99.813080345776996,32.9395579389031],[-99.8123963828927,32.939550145019503],[-99.811641340811605,32.939550145019503],[-99.810730730286195,32.939544444733301],[-99.809821461843796,32.939544444733301],[-99.809817438289599,32.940106200477999],[-99.809809308536302,32.940655382177503],[-99.809802602612706,32.941299195756599],[-99.809794639946006,32.941931694096603],[-99.809790616391894,32.942519769252399],[-99.809781815597006,32.943080267477001],[-99.8097731818889,32.943923151401897],[-99.809626918194297,32.943909489031498]]]}},
{"type":"Feature","properties":{"OBJECTID":41999,"name":"Not Available","operator":"Not Available","circuits":null,"cables":"3","TYPE":"AC; OVERHEAD","OWNER":"BIG COUNTRY ELECTRIC COOP, INC","VOLTAGE":345.0,"VOLT_CLASS":"345","SUB_1":"NOT AVAILABLE","SUB_2":"NOT AVAILABLE","Shape__Length":23879.273988067616,"stroke":"#999999"},"geometry":{"type":"MultiLineString","coordinates":[[[-100.453663523906002,32.8393007389841],[-100.453650867541,32.839583962924699],[-100.453489935256997,32.840533883495603],[-100.453188102219002,32.842158631947399],[-100.452891718363006,32.843795869228302],[-100.452599441603994,32.845410475828402],[-100.452303057747002,32.847054249904197],[-100.452010613002997,32.848664245749497],[-100.451710205591993,32.850300226492202],[-100.451416504104998,32.851938385186102],[-100.451125567632005,32.853556176881902],[-100.450849216205995,32.855043293797102],[-100.450524752811006,32.8568153952382],[-100.450233733692997,32.858440982034402],[-100.449934666567998,32.860067742601899],[-100.449632917973005,32.861738338708001],[-100.450151925916998,32.863296282952099],[-100.450687027178006,32.864881217729703],[-100.451207374510005,32.866462798973998],[-100.451749180796995,32.868102885032101],[-100.452248071868993,32.869581872769999],[-100.452822064792002,32.871298486199102],[-100.453371918187997,32.872948547494602],[-100.453935180735996,32.874655019185603],[-100.454498445080006,32.876341122726899],[-100.454954420934996,32.8777073732115],[-100.455470746508993,32.879259366671903],[-100.455988328827004,32.880832733211001],[-100.45652342919,32.882428647787002],[-100.457061211923005,32.884014420414601],[-100.457585668148994,32.885595665628102],[-100.458119428225999,32.887182443713101],[-100.458642458826006,32.888779364889402],[-100.459172110907005,32.890359352853103],[-100.459720622220004,32.891919057853102],[-100.460270560056998,32.893494436878797],[-100.460819741511997,32.895076520640501],[-100.461371522692005,32.896654245872],[-100.461899917132001,32.898165335170397],[-100.462449854070996,32.899753036095099],[-100.463226353311001,32.901979185465898],[-100.463636731581005,32.903151394273898],[-100.464236120775993,32.904885359537602],[-100.464800139705005,32.906478591121001],[-100.465349322058998,32.908066123397703],[-100.465898420870005,32.909637897669597],[-100.466419522787007,32.911131972050903],[-100.467057805440007,32.912946821715401],[-100.467605060010001,32.914521865922197],[-100.468082409480004,32.915902197296802],[-100.468624215768003,32.917466931722501],[-100.469211619640006,32.919115148418499],[-100.469820565112997,32.920866882013897],[-100.470386427386003,32.922539658940103],[-100.470981961012001,32.924237245239603],[-100.472760265947997,32.925401240545803],[-100.474589532311001,32.926606893543301],[-100.475434428377994,32.9271573330603],[-100.476374542271998,32.928604972220903],[-100.477322033131998,32.9300457369648],[-100.478297016032002,32.931540565385099],[-100.479205529889995,32.932935732424802],[-100.480151008522995,32.934389490333203],[-100.481098582925995,32.935834195940203],[-100.482044731702004,32.937281079412102],[-100.482985517535994,32.9387273767937],[-100.483924205804001,32.940178115878197],[-100.485028606292005,32.941852820994399],[-100.486137783122999,32.943530961452502],[-100.487232124277,32.945230392181202],[-100.489153927893994,32.948146372864997],[-100.489998822163997,32.949470378010901],[-100.490944218153004,32.9509148319597],[-100.491885756775005,32.952356937594303],[-100.492989401779994,32.954046143199498],[-100.493940328695004,32.955492775392699],[-100.494879018760003,32.956937648001997],[-100.495825922121,32.958377994111103],[-100.496766036913996,32.959832925605802],[-100.497700701628006,32.9612535735045],[-100.498808538172,32.962939760802399],[-100.499827022887999,32.964511619884703],[-100.500765880040007,32.965945679683301],[-100.501709347344999,32.967399940155403],[-100.502574360284996,32.968719168077001],[-100.503517827590002,32.970159933337598],[-100.504465316652997,32.971601284786701],[-100.505409454998997,32.973051437612703],[-100.506349569791993,32.974489352898402],[-100.507276271839004,32.975905728094602],[-100.508145223892001,32.977232163617501],[-100.509324725333997,32.979046845348599],[-100.510112037594993,32.980246631307999],[-100.511202356092994,32.981915551778599],[-100.512142469988007,32.983375763682503],[-100.513081829296993,32.984811248030198],[-100.514039463033996,32.9862657592235],[-100.514972871005,32.987692192304699],[-100.515801673753998,32.988970097394798],[-100.517007326951997,32.990819899677099],[-100.517952721143004,32.992261335077004],[-100.519995977883994,32.995387868674598],[-100.521960025675995,32.998380375473303],[-100.522812967953001,32.999697425058798],[-100.523833799966994,33.001260146049198],[-100.524762933754005,33.0026824712509],[-100.525287725051001,33.003459055060802],[-100.525905304231998,33.0031805242335]]]}},
{"type":"Feature","properties":{"OBJECTID":42004,"name":"Not Available","operator":"Not Available","circuits":null,"cables":"3","TYPE":"AC; OVERHEAD","OWNER":"BIG COUNTRY ELECTRIC COOP, INC","VOLTAGE":345.0,"VOLT_CLASS":"345","SUB_1":"NOT AVAILABLE","SUB_2":"NOT AVAILABLE","Shape__Length":11846.417894128494,"stroke":"#999999"},"geometry":{"type":"MultiLineString","coordinates":[[[-100.122681027153007,32.888851364245099],[-100.123386448093996,32.888692695079101],[-100.124024814291005,32.888552969392201],[-100.124566619679996,32.888445932135902],[-100.125168775687001,32.888314252635503],[-100.125268017965993,32.888605858474797],[-100.125371282901,32.888967370837001],[-100.125522827791002,32.889462992440798],[-100.125674372681004,32.8899482211459],[-100.125792306207003,32.8903807274164],[-100.125918453927,32.8908120601142],[-100.126122217884998,32.891477582733202],[-100.126328831297997,32.892141932680502],[-100.126430755049,32.892503444192002],[-100.126544748563006,32.8928705715308],[-100.126673411566998,32.893290672641797],[-100.126816909347994,32.893769279535498],[-100.127376233682,32.8936509265775],[-100.127990460351,32.893514720724298],[-100.128183578374006,32.894135148747402],[-100.128420953695993,32.894932435439799],[-100.128583228064002,32.895461752908602],[-100.128750865374002,32.896010181358399],[-100.128913139741996,32.896557351303002],[-100.129141127669996,32.897326474529599],[-100.129391913941006,32.898134992834898],[-100.129645382581003,32.8989896964247],[-100.129763316107002,32.899405186456598],[-100.129893402939999,32.899801483530503],[-100.130140250097995,32.900648222880498],[-100.130386929272007,32.901460178062599],[-100.130614917198997,32.902222427703997],[-100.130855059333001,32.903018457479099],[-100.131097714952006,32.903816749519201],[-100.131345818854001,32.904645552470299],[-100.131581937432998,32.9054359665842],[-100.131819229211999,32.906220763220396],[-100.132060628087999,32.907022325944602],[-100.132296745768997,32.907821791588603],[-100.132547532939,32.908634668204201],[-100.132778118793993,32.909434049906601],[-100.133019517669993,32.910235779620997],[-100.133262342172998,32.9110260246755],[-100.133503740150999,32.911818617863602],[-100.133743714299996,32.912614647340199],[-100.133977149610999,32.913419644549002],[-100.134222572042006,32.914217853370197],[-100.134463970918006,32.915019499038799],[-100.134705369794005,32.915816534368297],[-100.134949451040001,32.916632764213801],[-100.135189425188997,32.917436672164499],[-100.135424119039996,32.918219039074401],[-100.135665517017998,32.919025042536298],[-100.135909682705005,32.919819898715701],[-100.136151080684002,32.9206383915472],[-100.136384432452004,32.921420758807898],[-100.136629854882003,32.922231288350503],[-100.136871253758997,32.923033855272202],[-100.137108629978997,32.923820748972197],[-100.137354051510997,32.924634631585903],[-100.137595449489993,32.925435019439199],[-100.137832825710007,32.926217385762101],[-100.138076822513995,32.927033448048697],[-100.138315623463001,32.927831573295499],[-100.138558362626,32.928633050409701],[-100.138831948139,32.929543744315801],[-100.139065217262001,32.930338432872801],[-100.139304018209998,32.931128679391499],[-100.139545416188994,32.931925546259102],[-100.139786815064994,32.932739345268601],[-100.140029555126006,32.933538559775897],[-100.140264248079006,32.934336517011502],[-100.140506904597004,32.935124499154],[-100.140748302575005,32.935938298135497],[-100.140902614276001,32.936468370155801],[-100.141172176235003,32.937175299802902],[-100.141480629856005,32.9379563258681],[-100.141794448214995,32.9387948512612],[-100.142086724974007,32.939559196418799],[-100.142387216827004,32.940340222539803],[-100.142696928088995,32.9411494954049],[-100.142988031648002,32.941917026488298],[-100.143292462613005,32.942718336018999],[-100.143587421741998,32.943482597507902],[-100.143895958906,32.944273766168202],[-100.144197623957993,32.945076249207901],[-100.144491326343996,32.9458583649158],[-100.144791816400001,32.946641653473598],[-100.145092224709003,32.947431732459698],[-100.145388525022,32.948198173242801],[-100.145690357161001,32.948981462177002],[-100.145991434715,32.949765840977797],[-100.146287819470004,32.950555247532598],[-100.146587555839005,32.951334597298199],[-100.146889974578002,32.952121239230102],[-100.147188370660999,32.952907293740999],[-100.147490706753999,32.953696617214099],[-100.147787844297994,32.954481080054997],[-100.148085569339003,32.955264284671102],[-100.148391928088003,32.956068360899799],[-100.148675655581002,32.956829521337497],[-100.148988133654001,32.957637537508703],[-100.149280410413994,32.958403894320803],[-100.149584254779001,32.9591909549722],[-100.149887343659998,32.959975836357202],[-100.150184314116999,32.960778152730398],[-100.150485476113005,32.961563537068201],[-100.150779848640994,32.962327547442797],[-100.151086961076999,32.963140591805903],[-100.151384016874005,32.963911894898203],[-100.151691715910005,32.964692752593301],[-100.151916434867999,32.965468078873599],[-100.152164538769995,32.966288248250997],[-100.152405267502999,32.9670849474685],[-100.152643229424996,32.967883240284799],[-100.152878676962999,32.968665775189002],[-100.153125440577995,32.9694871177051],[-100.153364157084994,32.970270154647103],[-100.153604214777005,32.971071296819801]]]}},
{"type":"Feature","properties":{"OBJECTID":43515,"name":"Not Available","operator":"Not Available","circuits":null,"cables":"3","TYPE":"AC; OVERHEAD","OWNER":"BIG COUNTRY ELECTRIC COOP, INC","VOLTAGE":345.0,"VOLT_CLASS":"345","SUB_1":"NOT AVAILABLE","SUB_2":"NOT AVAILABLE","Shape__Length":11569.14261744875,"stroke":"#999999"},"geometry":{"type":"MultiLineString","coordinates":[[[-101.007518730757994,32.860355073853697],[-101.007496183941996,32.8613891483731],[-101.007469362045001,32.862614751217997],[-101.006002109554998,32.863660141829499],[-101.005945866933999,32.864946595777198],[-101.007281523421,32.864962353625401],[-101.010364722036996,32.865015243957899],[-101.011740779354994,32.865041144333702],[-101.013303166129006,32.865059249541602],[-101.01494467741,32.865081795971697],[-101.016720216433995,32.865102080283997],[-101.018388634055,32.865133596676998],[-101.020145481832003,32.865160585819403],[-101.021899646342007,32.865194365055999],[-101.023608213266996,32.865214649342498],[-101.025348966826996,32.865246248694802],[-101.027065579961999,32.865266449215603],[-101.028766017132995,32.865284554377503],[-101.030370061479999,32.865311544228497],[-101.031343620550999,32.864338237623798],[-101.032333439127996,32.865065954390701],[-101.033339268378995,32.865777829014],[-101.034323637775998,32.866480735631697],[-101.035342877076999,32.867233263131403],[-101.036383574435007,32.867963159329001],[-101.037451011046002,32.868720128873498],[-101.038540071005002,32.869513140602002],[-101.039610271732002,32.8702769002089],[-101.040814500200995,32.871141828763598],[-101.042010849546998,32.871995693460399],[-101.043228571610001,32.872860789339803],[-101.044194168014002,32.873559085839503],[-101.045604925454995,32.873586158426903],[-101.047324220958998,32.873626643182398],[-101.049038237063996,32.873655980660999],[-101.050744121619005,32.873687496277199],[-101.052463418021006,32.873725717585401],[-101.054163938735002,32.873757317676997],[-101.055885916608005,32.873784390958299],[-101.057594483532995,32.873822696725],[-101.059313779934996,32.873863180618102],[-101.061014217106006,32.8738902546215],[-101.062661176670005,32.873917244116598],[-101.064423303845999,32.873955549825801],[-101.066134637581001,32.873982539300997],[-101.067859214281,32.874023191366597],[-101.069594603102999,32.874056970999398],[-101.071322029257999,32.874088486472999],[-101.073003774284999,32.874126791353802],[-101.074559456033001,32.874156044921399],[-101.075661843396006,32.874793572477998],[-101.076780324976994,32.875464878318503],[-101.078303820087996,32.876338859392497],[-101.079459851246995,32.877012428919301],[-101.080535417611998,32.877636378760499],[-101.081608217164998,32.878260327227402],[-101.083045964489003,32.879098349923702],[-101.084446077793004,32.8799182685622],[-101.085851555835006,32.880735923183501],[-101.086868112766993,32.881323829389203],[-101.088523035896003,32.882290178850504],[-101.089861458295005,32.883069527940897],[-101.091060322025996,32.8837677410041],[-101.092219119996003,32.884445753174198],[-101.093385880632994,32.885121418592398],[-101.093831127908999,32.886033788250003],[-101.094307136194999,32.886003948690799]]]}},
{"type":"Feature","properties":{"OBJECTID":43516,"name":"Not Available","operator":"Not Available","circuits":null,"cables":"3","TYPE":"AC; OVERHEAD","OWNER":"NOT AVAILABLE","VOLTAGE":345.0,"VOLT_CLASS":"345","SUB_1":"COTTONWOOD","SUB_2":"NOT AVAILABLE","Shape__Length":386.13834791405395,"stroke":"#999999"},"geometry":{"type":"MultiLineString","coordinates":[[[-101.009911261465007,32.8604569972875],[-101.009821659007002,32.861339528458799],[-101.009784024088006,32.862671076958101],[-101.009888127151001,32.863361578412302]]]}},
{"type":"Feature","properties":{"OBJECTID":57246,"name":"Not Available","operator":"Not Available","circuits":null,"cables":"3","TYPE":"AC; OVERHEAD","OWNER":"AEP TEXAS NORTH CO.","VOLTAGE":345.0,"VOLT_CLASS":"345","SUB_1":"NOT AVAILABLE","SUB_2":"NOT AVAILABLE","Shape__Length":5936.9477229790255,"stroke":"#999999"},"geometry":{"type":"MultiLineString","coordinates":[[[-102.289162269399,30.976511522424801],[-102.290735971350998,30.976447652352],[-102.290795064327,30.9783910804511],[-102.29082741805,30.9807469816812],[-102.290846026652005,30.982986543114698],[-102.290867902425006,30.9852261875279],[-102.290887767770002,30.9876366545605],[-102.290907465128996,30.9899100790849],[-102.290916182380002,30.992126923995102],[-102.290938059051996,30.9944190392373],[-102.290907465128996,30.996716686755999],[-102.292711838276006,30.998501780567999],[-102.294496512267997,31.000275558863301],[-102.296344722303004,31.002143131241599],[-102.298190752126999,31.003999471616599],[-102.300023538988,31.005853883288601],[-102.301416359767998,31.0072127569095],[-102.303144038349998,31.009010843957999],[-102.305005407804998,31.010876320428899],[-102.306853952013995,31.012728720532301],[-102.308262949655997,31.014295046678399],[-102.309271711906007,31.0136737803169]]]}},
{"type":"Feature","properties":{"OBJECTID":57333,"name":"Not Available","operator":"Not Available","circuits":null,"cables":"3","TYPE":"AC; OVERHEAD","OWNER":"ONCOR ELECTRIC DELIVERY CO.","VOLTAGE":345.0,"VOLT_CLASS":"345","SUB_1":"ODESSA 345","SUB_2":"NOT AVAILABLE","Shape__Length":668.91260384116481,"stroke":"#999999"},"geometry":{"type":"MultiLineString","coordinates":[[[-102.458277978300003,31.765129420557798],[-102.461226732355996,31.764519050169799],[-102.463690424904996,31.765935423959199]]]}},
{"type":"Feature","properties":{"OBJECTID":57334,"name":"Not Available","operator":"Not Available","circuits":2,"cables":"6","TYPE":"AC; OVERHEAD","OWNER":"ONCOR ELECTRIC DELIVERY CO.","VOLTAGE":345.0,"VOLT_CLASS":"345","SUB_1":"ODESSA 345","SUB_2":"NOT AVAILABLE","Shape__Length":7229.3241964326089,"stroke":"#999999"},"geometry":{"type":"MultiLineString","coordinates":[[[-102.463690424904996,31.765935423959199],[-102.465896500393001,31.767262599310701],[-102.468633232279004,31.768928853855201],[-102.471104553320998,31.770457880046401],[-102.473584423630001,31.771940136225499],[-102.476055827316998,31.77342951604],[-102.478514574640002,31.774944126727299],[-102.480994361404996,31.776440798534999],[-102.483372642136999,31.777894136252002],[-102.485797526566998,31.779365496758501],[-102.486597328106001,31.781887275622999],[-102.487439457362001,31.784466471066001],[-102.488235068259996,31.786912562279799],[-102.489072923332003,31.789567194526999],[-102.489885464777998,31.7920850347707],[-102.490697922679999,31.7946675823612],[-102.491514739208995,31.797224817432198],[-102.492339937018997,31.799771323656799],[-102.493156670003998,31.8023320782595],[-102.493977677173007,31.804863916408198],[-102.494165013639005,31.8064889994683],[-102.494365424185006,31.8081359598342],[-102.495112922215,31.810434277662399]]]}},
{"type":"Feature","properties":{"OBJECTID":57335,"name":"Not Available","operator":"Not Available","circuits":null,"cables":"3","TYPE":"AC; OVERHEAD","OWNER":"ONCOR ELECTRIC DELIVERY CO.","VOLTAGE":345.0,"VOLT_CLASS":"345","SUB_1":"ODESSA 345","SUB_2":"NOT AVAILABLE","Shape__Length":760.83237152457241,"stroke":"#999999"},"geometry":{"type":"MultiLineString","coordinates":[[[-102.458277978300003,31.765129420557798],[-102.461150456404994,31.7643043893003],[-102.462228537154004,31.761203840034799]]]}},
{"type":"Feature","properties":{"OBJECTID":61479,"name":"Not Available","operator":"Not Available","circuits":null,"cables":"3","TYPE":"AC; OVERHEAD","OWNER":"ONCOR ELECTRIC DELIVERY CO.","VOLTAGE":345.0,"VOLT_CLASS":"345","SUB_1":"SWEETWATER EAST","SUB_2":"CENTRAL BLUFF","Shape__Length":3097.8187573435798,"stroke":"#999999"},"geometry":{"type":"MultiLineString","coordinates":[[[-100.167048299808997,32.101379800157297],[-100.166559300087997,32.100336400124597],[-100.166269522441993,32.099699120722697],[-100.165422200025006,32.100717399830799],[-100.164390900840999,32.101928900013803],[-100.163466700602001,32.103025900446497],[-100.162191799872005,32.104539100317503],[-100.161152099643999,32.105773099339203],[-100.160130099819995,32.106986099959599],[-100.158788899829005,32.108577999954498],[-100.157739999954003,32.109822800166697],[-100.156500400320994,32.1112939997453],[-100.155036513818999,32.1130312924397],[-100.156940882033993,32.114421681655699],[-100.156492953287,32.115198517328999],[-100.155642609835994,32.1160504536129],[-100.154702663028004,32.117049241016602]]]}},
{"type":"Feature","properties":{"OBJECTID":61484,"name":"Not Available","operator":"Not Available","circuits":null,"cables":null,"TYPE":"AC; OVERHEAD","OWNER":"ONCOR ELECTRIC DELIVERY CO.","VOLTAGE":345.0,"VOLT_CLASS":"345","SUB_1":"UNKNOWN302132","SUB_2":"NOT AVAILABLE","Shape__Length":3552.863316274003,"stroke":"#999999"},"geometry":{"type":"MultiLineString","coordinates":[[[-101.632483070823,32.719006095479102],[-101.631410103285006,32.719586038342101],[-101.629961710923993,32.720757241689],[-101.630460601996006,32.722386432608303],[-101.631479924839994,32.725938180126903],[-101.625713174601998,32.732278587252999],[-101.623744434011996,32.739453245168903],[-101.622245079327996,32.742079379011003],[-101.622014325487001,32.742528397332499]]]}},
{"type":"Feature","properties":{"OBJECTID":61833,"name":"Not Available","operator":"Not Available","circuits":null,"cables":"3","TYPE":"AC; OVERHEAD","OWNER":"TRI-COUNTY ELECTRIC COOP, INC","VOLTAGE":345.0,"VOLT_CLASS":"345","SUB_1":"UNKNOWN306367","SUB_2":"NOT AVAILABLE","Shape__Length":252.11087781732368,"stroke":"#999999"},"geometry":{"type":"MultiLineString","coordinates":[[[-99.592441832925601,33.368449279714099],[-99.591780668384999,33.368632927275002],[-99.591986108598903,33.369057470811299],[-99.592349000125907,33.369853300554702]]]}},
{"type":"Feature","properties":{"OBJECTID":61834,"name":"Not Available","operator":"Not Available","circuits":null,"cables":"3","TYPE":"AC; OVERHEAD","OWNER":"TRI-COUNTY ELECTRIC COOP, INC","VOLTAGE":345.0,"VOLT_CLASS":"345","SUB_1":"UNKNOWN306367","SUB_2":"NOT AVAILABLE","Shape__Length":6277.4975580081655,"stroke":"#999999"},"geometry":{"type":"MultiLineString","coordinates":[[[-99.624231500438299,33.344224700697403],[-99.623111200667694,33.344221199905803],[-99.622700600514307,33.345829399960202],[-99.622220900152598,33.347691399854099],[-99.621749099575496,33.349521300187398],[-99.621279300444797,33.351345399920298],[-99.6208096998418,33.353169100509199],[-99.620340700211798,33.355002000386001],[-99.619871000794106,33.356827599983603],[-99.619387300234393,33.3587078996256],[-99.618951600253595,33.360401399873297],[-99.617455600776694,33.361754800468603],[-99.615888699969304,33.363171500187804],[-99.614342400226406,33.3645833001382],[-99.612804299407003,33.365974500074003],[-99.611322500498105,33.367320599695297],[-99.609869200641498,33.368646699944897],[-99.608386999287404,33.369981300179802],[-99.607211416295797,33.371045490970197],[-99.605679399765904,33.371034700000699],[-99.603364199631898,33.371018400262798],[-99.601050300258507,33.371002099771502],[-99.598731700001096,33.3709857992772],[-99.596414999680604,33.370969500280303],[-99.5945674831448,33.370969383248003],[-99.595077019252003,33.372066825718299],[-99.593515400538493,33.372048999521297],[-99.593265000542999,33.371344500220602],[-99.593043904490301,33.370825968297702],[-99.592713800572895,33.370058200243299]]]}},
{"type":"Feature","properties":{"OBJECTID":64712,"name":"Not Available","operator":"Not Available","circuits":null,"cables":"3","TYPE":"AC; OVERHEAD","OWNER":"AEP TEXAS NORTH COMPANY","VOLTAGE":345.0,"VOLT_CLASS":"345","SUB_1":"NOT AVAILABLE","SUB_2":"NOT AVAILABLE","Shape__Length":556.92381512759459,"stroke":"#999999"},"geometry":{"type":"MultiLineString","coordinates":[[[-102.284517354152001,30.9749184578666],[-102.286743503394007,30.974881661126901],[-102.286762363522996,30.975589932138099],[-102.287540119506005,30.975589932138099],[-102.288712329323999,30.975576186314701]]]}},
{"type":"Feature","properties":{"OBJECTID":64713,"name":"Not Available","operator":"Not Available","circuits":null,"cables":"3","TYPE":"AC; OVERHEAD","OWNER":"AEP TEXAS NORTH COMPANY","VOLTAGE":345.0,"VOLT_CLASS":"345","SUB_1":"NOT AVAILABLE","SUB_2":"NOT AVAILABLE","Shape__Length":578.78010484309914,"stroke":"#999999"},"geometry":{"type":"MultiLineString","coordinates":[[[-102.284517354152001,30.9749184578666],[-102.286606711535995,30.9749989246423],[-102.286555832754999,30.975806185789299],[-102.287542801876,30.975799228556301],[-102.288720459076998,30.975778944518499]]]}},
{"type":"Feature","properties":{"OBJECTID":68688,"name":"Not Available","operator":"Not Available","circuits":1,"cables":"3","TYPE":"AC; OVERHEAD","OWNER":"SOUTHWESTERN PUBLIC SERVICE CO","VOLTAGE":345.0,"VOLT_CLASS":"345","SUB_1":"NOT AVAILABLE","SUB_2":"NOT AVAILABLE","Shape__Length":27529.939898030603,"stroke":"#999999"},"geometry":{"type":"MultiLineString","coordinates":[[[-102.073219046619997,34.786484571955],[-102.075748033215007,34.786536288266397],[-102.078532082959995,34.786567133004702],[-102.081259303484003,34.786594793512698],[-102.083986773739994,34.7866224540115],[-102.086628330918003,34.786649276393803],[-102.089357647211997,34.786676852030801],[-102.092050668873,34.786704176816698],[-102.094804877483,34.786732089595901],[-102.097464037148995,34.7867590786785],[-102.099992102073003,34.7867846438578],[-102.102571633276,34.786810878923397],[-102.105080420354,34.786836275875501],[-102.107925908575993,34.7868650259772],[-102.110802075164003,34.786894278489001],[-102.113670614157002,34.786914647526899],[-102.116595646400995,34.786935434136403],[-102.119511961393997,34.786956221478299],[-102.122388631039001,34.786976757236403],[-102.125245350897004,34.7869970414107],[-102.128102324080999,34.787017325580102],[-102.130953512114004,34.787037693112097],[-102.133626248916997,34.787056720117],[-102.136355480768998,34.787076166168902],[-102.139235166955999,34.787096617791804],[-102.142040925388997,34.787116651096198],[-102.144895046420999,34.787136935236099],[-102.147768530639993,34.787157386843901],[-102.150673446910005,34.787178090024597],[-102.153402846746999,34.787197452680402],[-102.15599126139,34.787215892387401],[-102.158737173160006,34.787235421769303],[-102.161602862696,34.787255874090299],[-102.164431503914003,34.787275990723401],[-102.167206248011993,34.787295771668703],[-102.170136142836995,34.787316558919898],[-102.173068048090997,34.787337430271002],[-102.176008755937005,34.787359893711397],[-102.178953402895999,34.787382357145702],[-102.181937610760997,34.787405072151302],[-102.184683857603005,34.787425943479903],[-102.187328515765998,34.787446142701],[-102.189854235187994,34.7874653378217],[-102.192396465645999,34.787484784515001],[-102.194961411801998,34.7875043972005],[-102.197441953151994,34.787523257363297],[-102.199950740229994,34.787542367623402],[-102.202518703826996,34.787561981032802],[-102.204882651937993,34.7875799189801],[-102.207320612244999,34.787598526811301],[-102.209271332631005,34.787613361724901],[-102.212049011524002,34.7876345686823],[-102.214817050595997,34.787655691529501],[-102.217431366363996,34.787675220807202],[-102.219880223236004,34.787693577040301],[-102.222538544773997,34.787713441990199],[-102.224968038460005,34.787731630743203],[-102.227025544278007,34.786805178920901],[-102.229059245640002,34.785889372407603],[-102.230878538008,34.7850700417574],[-102.232677378431006,34.784260098746401],[-102.23455106918,34.783416291657502],[-102.236864726007994,34.7831443834135],[-102.239331603083997,34.782854536777798],[-102.241565044848997,34.782592183491801],[-102.244008536981994,34.782305019065703],[-102.246215073306004,34.782045767267199],[-102.248453376754,34.782034535561898],[-102.250964762658,34.782022046624],[-102.253395346898003,34.782009976023403],[-102.255539605717999,34.781999246763199],[-102.257871535177998,34.781987680822702],[-102.260395325917997,34.7819750236565],[-102.262872681841998,34.781962618820202],[-102.265339810447003,34.781950380727501],[-102.267799983396003,34.781938143370901],[-102.270057062530995,34.781926828278102],[-102.270040046643004,34.780075182013597],[-102.270022277067994,34.778135525965602],[-102.270004339509001,34.776189917715897],[-102.269986318405998,34.774234252014097],[-102.269969051887998,34.772349246136898],[-102.269952036898005,34.770497348766902],[-102.272372311173996,34.770520650636399],[-102.275095843214999,34.770546969093097],[-102.277511340250996,34.770570270948703],[-102.280072514381004,34.770594996971397],[-102.282552300248,34.770618886192601],[-102.285248507334998,34.770644870343297],[-102.287962232468999,34.770670937870001],[-102.290325006482007,34.770693736433799],[-102.292077578279006,34.771566040942098],[-102.293904916855993,34.772475645053099],[-102.295763771927994,34.773400839584902],[-102.297596055731006,34.774312874711498],[-102.298622755541004,34.774324860843997],[-102.300178436389999,34.774342966217098],[-102.301984067179006,34.774363919803903],[-102.303798413422996,34.7743404515207]]]}},
{"type":"Feature","properties":{"OBJECTID":68689,"name":"Not Available","operator":"Not Available","circuits":null,"cables":"3","TYPE":"AC; OVERHEAD","OWNER":"SOUTHWESTERN PUBLIC SERVICE CO","VOLTAGE":345.0,"VOLT_CLASS":"345","SUB_1":"NOT AVAILABLE","SUB_2":"NOT AVAILABLE","Shape__Length":1032.2303208909793,"stroke":"#999999"},"geometry":{"type":"MultiLineString","coordinates":[[[-102.050483719840997,35.312569024288102],[-102.049926742805994,35.311935436950698],[-102.051016306719006,35.311328334745902],[-102.052951436843003,35.313517856266699],[-102.056025415150998,35.311852790965503]]]}},
{"type":"Feature","properties":{"OBJECTID":68690,"name":"Not Available","operator":"Sharyland Utilities","circuits":null,"cables":"3","TYPE":"AC; OVERHEAD","OWNER":"SOUTHWESTERN PUBLIC SERVICE CO","VOLTAGE":345.0,"VOLT_CLASS":"345","SUB_1":"NOT AVAILABLE","SUB_2":"NOT AVAILABLE","Shape__Length":683.53290882870294,"stroke":"#999999"},"geometry":{"type":"MultiLineString","coordinates":[[[-102.051354348149999,35.313569237001502],[-102.052007466481001,35.314308940330697],[-102.052884549184995,35.313702761226502],[-102.056025415150998,35.311852790965503]]]}},
{"type":"Feature","properties":{"OBJECTID":68691,"name":"Not Available","operator":"Not Available","circuits":null,"cables":"3","TYPE":"AC; OVERHEAD","OWNER":"SOUTHWESTERN PUBLIC SERVICE CO.","VOLTAGE":345.0,"VOLT_CLASS":"345","SUB_1":"NOT AVAILABLE","SUB_2":"NOT AVAILABLE","Shape__Length":1050.6663193620141,"stroke":"#999999"},"geometry":{"type":"MultiLineString","coordinates":[[[-102.049241774706999,35.313310990093797],[-102.048671636454003,35.312683521338599],[-102.047427511107998,35.313436635437],[-102.049370855426005,35.315639399568902],[-102.046527378532005,35.3174485494675]]]}},
{"type":"Feature","properties":{"OBJECTID":68692,"name":"Not Available","operator":"Sharyland Utilities","circuits":null,"cables":"3","TYPE":"AC; OVERHEAD","OWNER":"SOUTHWESTERN PUBLIC SERVICE CO.","VOLTAGE":345.0,"VOLT_CLASS":"345","SUB_1":"NOT AVAILABLE","SUB_2":"NOT AVAILABLE","Shape__Length":747.51261084060184,"stroke":"#999999"},"geometry":{"type":"MultiLineString","coordinates":[[[-101.360392663436002,35.2555599287031],[-101.360399452902996,35.256671034140098],[-101.360750822637996,35.258567774960099],[-101.363754980289997,35.258507425713098]]]}},
{"type":"Feature","properties":{"OBJECTID":68693,"name":"Not Available","operator":"Not Available","circuits":null,"cables":"3","TYPE":"AC; OVERHEAD","OWNER":"SOUTHWESTERN PUBLIC SERVICE CO","VOLTAGE":345.0,"VOLT_CLASS":"345","SUB_1":"OGALLALA","SUB_2":"NOT AVAILABLE","Shape__Length":1112.3238899331184,"stroke":"#999999"},"geometry":{"type":"MultiLineString","coordinates":[[[-101.361156674297007,34.4315994846161],[-101.361146029260993,34.430490140452299],[-101.364819650089999,34.430471699888699],[-101.364844208232995,34.432530044152401],[-101.364861056135993,34.434573635192997]]]}},
{"type":"Feature","properties":{"OBJECTID":68694,"name":"Not Available","operator":"Sharyland Utilities","circuits":null,"cables":"3","TYPE":"AC; OVERHEAD","OWNER":"SOUTHWESTERN PUBLIC SERVICE CO","VOLTAGE":345.0,"VOLT_CLASS":"345","SUB_1":"OGALLALA","SUB_2":"NOT AVAILABLE","Shape__Length":515.76715692325683,"stroke":"#999999"},"geometry":{"type":"MultiLineString","coordinates":[[[-101.361171007815997,34.432843191305402],[-101.361272260524999,34.433516258294702],[-101.364861056135993,34.434573635192997]]]}},
{"type":"Feature","properties":{"OBJECTID":68695,"name":"Not Available","operator":"Not Available","circuits":null,"cables":"3","TYPE":"AC; OVERHEAD","OWNER":"DEAF SMITH ELECTRIC COOP, INC","VOLTAGE":345.0,"VOLT_CLASS":"345","SUB_1":"OGALLALA","SUB_2":"NOT AVAILABLE","Shape__Length":368.03181655457445,"stroke":"#999999"},"geometry":{"type":"MultiLineString","coordinates":[[[-102.038709158255998,34.522953931182101],[-102.039376525663997,34.521360363833601],[-102.039362443672999,34.520322265642399]]]}},
{"type":"Feature","properties":{"OBJECTID":68696,"name":"Not Available","operator":"Sharyland Utilities","circuits":null,"cables":"3","TYPE":"AC; OVERHEAD","OWNER":"DEAF SMITH ELECTRIC COOP, INC","VOLTAGE":345.0,"VOLT_CLASS":"345","SUB_1":"OGALLALA","SUB_2":"NOT AVAILABLE","Shape__Length":352.79928258913975,"stroke":"#999999"},"geometry":{"type":"MultiLineString","coordinates":[[[-102.038709158255998,34.522953931182101],[-102.038762718507996,34.5213540778633],[-102.038811082006006,34.520344142094501]]]}},
{"type":"Feature","properties":{"OBJECTID":68703,"name":"Not Available","operator":"Not Available","circuits":null,"cables":"3","TYPE":"AC; OVERHEAD","OWNER":"DEAF SMITH ELECTRIC COOP, INC","VOLTAGE":345.0,"VOLT_CLASS":"345","SUB_1":"OGALLALA","SUB_2":"NOT AVAILABLE","Shape__Length":678.117535874851,"stroke":"#999999"},"geometry":{"type":"MultiLineString","coordinates":[[[-102.306831404299999,34.770360052967398],[-102.306923018985003,34.773329593437602],[-102.306943303842004,34.773986064507],[-102.305268431825994,34.773937198152403]]]}},
{"type":"Feature","properties":{"OBJECTID":69230,"name":"Newhart-Potter","operator":"Not Available","circuits":null,"cables":"3","TYPE":"AC; OVERHEAD","OWNER":"DEAF SMITH ELECTRIC COOP, INC","VOLTAGE":345.0,"VOLT_CLASS":"345","SUB_1":"OGALLALA","SUB_2":"NOT AVAILABLE","Shape__Length":71797.411288620875,"stroke":"#999999"},"geometry":{"type":"MultiLineString","coordinates":[[[-102.043557251758003,34.965520263145002],[-102.043567812353004,34.9634022398903],[-102.043578457389003,34.961275499699298],[-102.043603267959,34.959168875373003],[-102.043638722666003,34.957024533651001],[-102.043674178271999,34.954842389117097],[-102.043394140160999,34.9529506765695],[-102.043145950918998,34.951160638210602],[-102.042947468156996,34.949812325310099],[-102.043153075457994,34.948070230408597],[-102.043406377010996,34.945855982979801],[-102.043576864675998,34.944168873338299],[-102.043779957591994,34.942687288176003],[-102.043764871285006,34.941012416154102],[-102.043777443208,34.939226568691197],[-102.043787418099996,34.937305016919602],[-102.043797476536994,34.9352746681325],[-102.043812563741994,34.933237949552101],[-102.043827567403994,34.931178600075398],[-102.043837542296998,34.929032833190902],[-102.043865117880998,34.927006256820498],[-102.043865117880998,34.9248522752778],[-102.043902752799994,34.922716649498298],[-102.043915242077006,34.920605667546901],[-102.043937873334002,34.918496696690703],[-102.043942818559998,34.9164019750935],[-102.043957905764998,34.914301051414903],[-102.043982967863002,34.912173472954599],[-102.043987913088998,34.910103226261498],[-102.044003000293998,34.9080186475014],[-102.044008029961006,34.905931972204797],[-102.044032421018002,34.903848147295498],[-102.044039713540997,34.9017524205304],[-102.044043318481002,34.899668678909997],[-102.044046921623007,34.897572867595201],[-102.044075922833997,34.895441266001697],[-102.044090423439002,34.893273957556502],[-102.044094028377998,34.891121568834102],[-102.044126717173,34.888969096458503],[-102.044133925254997,34.886786783272903],[-102.044144822717996,34.884651996982697],[-102.044170219886993,34.882499272595098],[-102.044177428867997,34.880278067726003],[-102.044199137554997,34.878080669006998],[-102.044195532616001,34.875987288030103],[-102.044220930684006,34.873706572077701],[-102.044246327853003,34.871544627714599],[-102.044257139975997,34.869388634765798],[-102.044278933105005,34.867289051309001],[-102.044300641792006,34.8651834336804],[-102.044307934315,34.863080832838598],[-102.044315142396997,34.861427251503898],[-102.044329643002996,34.859140165419703],[-102.044351436130995,34.8570373968154],[-102.044369541676005,34.854845277919402],[-102.044376833301001,34.852611416789898],[-102.044398542886995,34.8504460361331],[-102.044416647532998,34.848241847322001],[-102.044423940056006,34.846037658447798],[-102.044452941266997,34.843907732789702],[-102.044452941266997,34.841822483322098],[-102.044485547416997,34.839668669320197],[-102.044474649953997,34.8375861850364],[-102.044478254892994,34.835500683255098],[-102.044481942478001,34.833418116393197],[-102.044478254892994,34.831219459006803],[-102.044478254892994,34.829020718577503],[-102.044489151457995,34.827039153001301],[-102.044521756709003,34.824956333043801],[-102.044525444293001,34.822885416626598],[-102.044543549837996,34.820835286674601],[-102.044583028100007,34.818496484677503],[-102.044597948217998,34.8167014162143],[-102.044605324285001,34.814635780145501],[-102.044634912993999,34.812591266275803],[-102.044668355474997,34.810525378176898],[-102.044675732440993,34.8084533717292],[-102.044686880533007,34.806384383050997],[-102.044712780758999,34.804318327549197],[-102.044738763631003,34.802237017687702],[-102.044749828180002,34.800155791001004],[-102.044775728405995,34.798104739190798],[-102.044779416889,34.795995936731501],[-102.044842448078995,34.793917475274299],[-102.044505243878007,34.792182841114098],[-102.044186564734005,34.790414762066902],[-102.044197628385007,34.788555236793499],[-102.044186564734005,34.786680540143301],[-102.044186564734005,34.784760162113997],[-102.044175416640996,34.782836683388197],[-102.044168040575002,34.7809130365942],[-102.044149516415004,34.778989473327798],[-102.044149516415004,34.776825350355203],[-102.044145827932994,34.774667261797397],[-102.044134679839999,34.772533564051002],[-102.044127220229996,34.770387461376899],[-102.044119844163006,34.768217051395901],[-102.044112468994001,34.766098358477201],[-102.044119844163006,34.763952171855898],[-102.044116156578994,34.761808919779703],[-102.044101320902001,34.759665750806398],[-102.044086567869996,34.757647220092998],[-102.044075420675,34.755668336655397],[-102.044064272583,34.753689369627701],[-102.044064272583,34.751713336290599],[-102.044016160612998,34.749709892811197],[-102.046395111487996,34.749253163019198],[-102.048822427657001,34.748778161031602],[-102.051249659384993,34.748312379035802],[-102.053690049636003,34.747844332821899],[-102.056119209147994,34.747372934360698],[-102.058536801952997,34.746908828843203],[-102.060813913518999,34.746471125830197],[-102.063398305505999,34.745961255373402],[-102.065994433084001,34.745485078530002],[-102.066047154309999,34.743366217106299],[-102.066085125198001,34.7412450934508],[-102.066120329276004,34.7390684805506],[-102.066175900855995,34.736925395400398],[-102.066216804744002,34.734755823671797],[-102.066246141026994,34.732545348139297],[-102.066292912709997,34.730339649913603],[-102.066331049786996,34.728360096740197],[-102.066383771911006,34.726166133024101],[-102.066415958548006,34.7239554897792],[-102.066456862435999,34.7219251411274],[-102.066500783764994,34.719728747960403],[-102.066512434016005,34.717715163212397],[-102.066778810548996,34.715807358218299],[-102.066790546139998,34.713892345054603],[-102.066825665775994,34.711844896648998],[-102.066875454900995,34.709782949643603],[-102.066898839844001,34.707716139328802],[-102.066969080014005,34.705654191313101],[-102.066995483297006,34.703553686591498],[-102.067021718595001,34.701452929136401],[-102.067056839128995,34.699513525408101],[-102.067115428150998,34.6975211461206],[-102.067141746991993,34.695535892733702],[-102.067182735322007,34.6933844260219],[-102.067212071604004,34.691425575131198],[-102.067264626641006,34.689233288449898],[-102.067296813278006,34.687038319247499],[-102.067343751150005,34.684893977084897],[-102.067381721139995,34.682759274060203],[-102.067428576367007,34.680612333807296],[-102.067469563798994,34.678467823737002],[-102.067492948742,34.676318451785498],[-102.067533936173007,34.674180982601001],[-102.067583725297993,34.672041166514497],[-102.067630580525005,34.6698867663874],[-102.067680368750999,34.667751560505998],[-102.067724205638996,34.665570589803501],[-102.067768126968005,34.663399172923903],[-102.067803247501999,34.661208479117398],[-102.067870553774995,34.659068243710799],[-102.067920342899995,34.656896660867297],[-102.067943727843002,34.654710659658697],[-102.067984631730994,34.6525413391591],[-102.068022768808007,34.650343185718199],[-102.068063756239994,34.648142433282999],[-102.068092926334003,34.645939250151002],[-102.068128130410997,34.643764984260201],[-102.068160316149999,34.641886767421802],[-102.068198369683003,34.640051884612298],[-102.068218822526006,34.638048357812004],[-102.068274477648998,34.636119430967803],[-102.068300712947007,34.634135183299399],[-102.068330049229004,34.632155544806601],[-102.068368103661001,34.630144643293903],[-102.068406157195,34.628152934771201],[-102.068435410831995,34.626226270407102],[-102.068464662672994,34.624126017499897],[-102.068534903742005,34.622090890922998],[-102.068239357115004,34.620291631830199],[-102.068306664285998,34.618092555543498],[-102.068356452512006,34.615826088981201],[-102.068400373841001,34.613581080516902],[-102.068452927980005,34.611870752906299],[-102.068470530468005,34.609731775572897],[-102.068511517900006,34.607667228546802],[-102.068561222583,34.6056292525167],[-102.068602210014006,34.6035574978076],[-102.068634481093,34.601471158056199],[-102.068669516287002,34.599310135510699],[-102.068713437615997,34.597375592634798],[-102.068742774797002,34.595445658967698],[-102.068780744787006,34.593525449172901],[-102.068821732219007,34.591600377080603],[-102.068792563920994,34.589745043682797],[-102.071403274749997,34.589822157113403],[-102.073946679304996,34.589858282239597],[-102.076431578382994,34.5898775609475],[-102.079162234962993,34.589923325767401],[-102.081749644390996,34.589954674255097],[-102.084477450616006,34.590000439032501],[-102.087094030138005,34.590067998311],[-102.087102747388997,34.588046366201397],[-102.087129149774,34.586121043649499],[-102.087161336411,34.584195888007102],[-102.087211041093994,34.582282550849797],[-102.087234510479007,34.580217333342503],[-102.087287148160996,34.578161839474099],[-102.087307601003999,34.5763737283648],[-102.087351522332995,34.574530128519399],[-102.087389659409993,34.5726070691491],[-102.087415978251002,34.5703584551283],[-102.087474568169995,34.568121996026299],[-102.087506754806995,34.565969690901397],[-102.087538857002002,34.563742619660701],[-102.087576910536001,34.561826432614197],[-102.087614964967997,34.559741518152997],[-102.087644217706995,34.557675881257303],[-102.087694005933002,34.555585937706098],[-102.087714542319006,34.553481661069299],[-102.087761313103996,34.5513434370826],[-102.087799367535993,34.549193143845599],[-102.087837420171994,34.547028349833298],[-102.087884275397997,34.5448827509125],[-102.087910677783,34.542727595776199],[-102.087954515568995,34.540574619528101],[-102.087989636103003,34.538385434196599],[-102.088021822740004,34.536309655962398],[-102.088056943273997,34.534228848589301],[-102.088083261216994,34.532157763653302],[-102.088124249546993,34.530091373932599],[-102.088153502286005,34.528017690547401],[-102.088188622819999,34.525994550602498],[-102.088244277944,34.523879880630702],[-102.088291048729005,34.521699831428897],[-102.088343771750999,34.519527157773901],[-102.088381825284998,34.5173254001608],[-102.088419878818996,34.5151380580485],[-102.088463716605006,34.513259338144799],[-102.088504704035998,34.511255225501799],[-102.088545775010999,34.5092703909202],[-102.088580812001993,34.507246748278597],[-102.088621882976994,34.505211119504096],[-102.088659852966998,34.5031537806614],[-102.088694973501006,34.501110775366797],[-102.088730177578995,34.499058047545198],[-102.088774014467006,34.496995680143201],[-102.088806201102997,34.494889895273303],[-102.088841320738993,34.492697021460501],[-102.088894043761996,34.490402978120898],[-102.088923212059001,34.488439266022802],[-102.088961350033998,34.486521318281298],[-102.088987669773999,34.4845937322712],[-102.089043241354005,34.482562462722903],[-102.089081378431004,34.480412755770097],[-102.089116415421998,34.478405457141797],[-102.089151535956006,34.476238735895201],[-102.089186740033995,34.474038317909802],[-102.089233510819,34.471840164343597],[-102.089274581794001,34.469591383578397],[-102.089321352579006,34.467451064471803],[-102.089353707200999,34.465242684783497]]]}},
{"type":"Feature","properties":{"OBJECTID":69243,"name":"Not Available","operator":"Not Available","circuits":null,"cables":null,"TYPE":"AC; OVERHEAD","OWNER":"DEAF SMITH ELECTRIC COOP, INC","VOLTAGE":345.0,"VOLT_CLASS":"345","SUB_1":"OGALLALA","SUB_2":"NOT AVAILABLE","Shape__Length":20110.840711451598,"stroke":"#999999"},"geometry":{"type":"MultiLineString","coordinates":[[[-102.075983231020999,34.509937338886402],[-102.075984907277004,34.510158956634498],[-102.070516972636,34.510122578521397],[-102.070282445871001,34.523833360813597],[-102.060006400841999,34.523718193162303],[-102.03609551353,34.523423317717501],[-102.017442761121998,34.523135986008498],[-102.017350309207998,34.528191447689203],[-102.017316781386,34.529910240142598],[-102.004010509596,34.529803035804001],[-101.973637677526,34.529668924912897],[-101.942292628467996,34.529541939869901],[-101.920108413625002,34.5295448734784]]]}},
{"type":"Feature","properties":{"OBJECTID":69245,"name":"Not Available","operator":"Not Available","circuits":null,"cables":null,"TYPE":"AC; OVERHEAD","OWNER":"SOUTHWESTERN PUBLIC SERVICE CO","VOLTAGE":345.0,"VOLT_CLASS":"345","SUB_1":"OGALLALA","SUB_2":"NOT AVAILABLE","Shape__Length":11416.15973366385,"stroke":"#999999"},"geometry":{"type":"MultiLineString","coordinates":[[[-101.920057032686003,34.445016062348103],[-101.920073209547994,34.4452004645985],[-101.920090224537006,34.447019923650601],[-101.920130206753996,34.471072716875099],[-101.920028701619003,34.494609939235801],[-101.920103133327999,34.527283687825303],[-101.920108413625002,34.5295448734784]]]}},
{"type":"Feature","properties":{"OBJECTID":69274,"name":"Not Available","operator":"American Electric Power","circuits":null,"cables":"6","TYPE":"AC; OVERHEAD","OWNER":"BIG COUNTRY ELECTRIC COOP, INC","VOLTAGE":345.0,"VOLT_CLASS":"345","SUB_1":"NOT AVAILABLE","SUB_2":"NOT AVAILABLE","Shape__Length":40870.230979502339,"stroke":"#999999"},"geometry":{"type":"MultiLineString","coordinates":[[[-100.576343069982002,32.871067396881301],[-100.574055229837001,32.870031058538999],[-100.571374362382002,32.868823561520301],[-100.569086437794994,32.867790073173403],[-100.567198162897995,32.866939058560803],[-100.565122132919996,32.865940773643402],[-100.562406312915002,32.865862989528097],[-100.559406345905003,32.865710942508798],[-100.557410027035004,32.865613460275704],[-100.554123064460995,32.865450180784798],[-100.551458205882994,32.865321770489999],[-100.548572233285,32.865181457145603],[-100.545852472370996,32.864978195979504],[-100.543180322167998,32.865610024118403],[-100.540480679024995,32.866189046434997],[-100.537865525129007,32.866741077826902],[-100.534873520784998,32.867374162510302],[-100.532110845554001,32.867966679146399],[-100.529376333404997,32.868543354636103],[-100.526806777095004,32.869076191816198],[-100.523982327415993,32.869656220640699],[-100.521132564110999,32.870247563121197],[-100.518273329867995,32.870841169659499],[-100.515377800094001,32.871433686517697],[-100.512592326518998,32.872011534557998],[-100.509855216442006,32.872600699000103],[-100.507159512412002,32.873185168976903],[-100.504356604334006,32.873782128313202],[-100.501742875166002,32.8743036495217],[-100.499098217002995,32.874829027467698],[-100.496361022485004,32.875373180637602],[-100.493511845780006,32.875934098081203],[-100.490689407429002,32.876496691366597],[-100.487780635589999,32.877074455105102],[-100.485032629846998,32.877613999234804],[-100.482303565080997,32.878156727544301],[-100.479421531596003,32.878725522427096],[-100.476477723664004,32.879298844704103],[-100.473623936804998,32.879847356604401],[-100.470837121146999,32.880385726589999],[-100.468050221945006,32.880921833105802],[-100.465392237274997,32.881438745163997],[-100.462749507796005,32.881945095666502],[-100.460021700672002,32.882525541966103],[-100.457138326001996,32.883137170071002],[-100.454495009024001,32.883692973461301],[-100.451675420129007,32.884297141772898],[-100.448883828128999,32.884890077138898],[-100.446018641649005,32.885498268625497],[-100.443253200504003,32.886075948793],[-100.440521454267994,32.886651451137702],[-100.437722569743997,32.8872449727237],[-100.434770714704001,32.887856432473498],[-100.431816344379996,32.888484824478702],[-100.428773378610998,32.889118999293402],[-100.425914144366999,32.889725932949503],[-100.423194300809001,32.890293471552603],[-100.420467918412996,32.890863356230597],[-100.417218422773004,32.891545727607898],[-100.414129859417002,32.892192140312197],[-100.411785524224001,32.892681977964401],[-100.408919667600998,32.893287822894401],[-100.406061773643998,32.893881260801898],[-100.403202539400993,32.894481573107903],[-100.400387560659993,32.8950715747917],[-100.397695963727003,32.895635761070203],[-100.394557779232002,32.896219057854097],[-100.392648046277998,32.897302334993299],[-100.389552777896995,32.897911531185201],[-100.387039547751996,32.8984362389373],[-100.384311741527,32.899008219342399],[-100.381498019529005,32.899601658901901],[-100.378731321641993,32.900234576766202],[-100.376773308732993,32.8999935970783],[-100.374128735011993,32.900603882735503],[-100.371426325057996,32.901165722050003],[-100.368602043364007,32.901753461025102],[-100.365819251260007,32.902331141546597],[-100.362884830723004,32.9029402541248],[-100.360841070925005,32.903365384851199],[-100.357887959140996,32.903982963104802],[-100.355046158503001,32.904581934603399],[-100.352373337258001,32.905135978161802],[-100.350155149784001,32.905602095677303],[-100.347974431042005,32.906055891771501],[-100.345783149908002,32.906510693889203],[-100.342902456708998,32.907117543828797],[-100.340177332853003,32.9076906982284],[-100.337575506362995,32.908233342615603],[-100.334596912967996,32.908858296617602],[-100.331630473779001,32.909480820821301],[-100.329064941023006,32.910019022804399],[-100.326067572838994,32.910757050080498],[-100.323739330964003,32.911336825706897],[-100.320744727793993,32.9120788758947],[-100.317956572748002,32.912770131174902],[-100.315137570453004,32.913465829662499],[-100.312628363862004,32.914089526555898],[-100.309598724598999,32.914658155601302],[-100.306849543859997,32.915172636370997],[-100.304069435024005,32.915692733775799],[-100.301453526543,32.9161836615909],[-100.298613150633003,32.916717253725402],[-100.295769926164994,32.917328545457401],[-100.293314446913001,32.917853168315403],[-100.290724774628998,32.918399250125802],[-100.288029155039993,32.918972237223798],[-100.284995575766004,32.919619571051498],[-100.281815817240002,32.9202905425201],[-100.279350867049999,32.920815668879698],[-100.277524283057005,32.921209199234099],[-100.274972831393001,32.921755196241598],[-100.272274529434995,32.922332626360102],[-100.269152438258004,32.923008039710702],[-100.26650643891,32.923635089696901],[-100.263836216491001,32.923640119157],[-100.261334469510999,32.923703737655003],[-100.259334882570002,32.923752185557497],[-100.256793405799002,32.923808427196697],[-100.253822943055994,32.923880427481997],[-100.250889277102999,32.923951338875803],[-100.247980421720996,32.924024093083503],[-100.245083636101995,32.9240915674565],[-100.242500668842993,32.9241602995127],[-100.240605603581002,32.9242131891978],[-100.237965053414001,32.924281753763402],[-100.235054520877,32.924355598035199],[-100.232206600915006,32.924435141997698],[-100.229215352053998,32.9245139326081],[-100.226620230589006,32.924502784207],[-100.224060145216995,32.924429526697402],[-100.221849922206999,32.924889944696602],[-100.219838349046,32.925243493440803]]]}},
{"type":"Feature","properties":{"OBJECTID":69275,"name":"Not Available","operator":"American Electric Power","circuits":null,"cables":"3","TYPE":"AC; OVERHEAD","OWNER":"BIG COUNTRY ELECTRIC COOP, INC","VOLTAGE":345.0,"VOLT_CLASS":"345","SUB_1":"NOT AVAILABLE","SUB_2":"NOT AVAILABLE","Shape__Length":973.09280642466319,"stroke":"#999999"},"geometry":{"type":"MultiLineString","coordinates":[[[-100.584617769169,32.871059433997097],[-100.582113927316996,32.871582045608697],[-100.580366970889003,32.871945317453701],[-100.578959314431998,32.8721722993564],[-100.576343069982002,32.871067396881301]]]}},
{"type":"Feature","properties":{"OBJECTID":69276,"name":"Not Available","operator":"Not Available","circuits":null,"cables":"3","TYPE":"AC; OVERHEAD","OWNER":"BIG COUNTRY ELECTRIC COOP, INC","VOLTAGE":345.0,"VOLT_CLASS":"345","SUB_1":"NOT AVAILABLE","SUB_2":"NOT AVAILABLE","Shape__Length":441.89421014439216,"stroke":"#999999"},"geometry":{"type":"MultiLineString","coordinates":[[[-100.582782900015005,32.8729619997588],[-100.582610600448007,32.872377400049402],[-100.582374772025005,32.871644574308498],[-100.584617769169,32.871059433997097]]]}},
{"type":"Feature","properties":{"OBJECTID":69277,"name":"Not Available","operator":"Not Available","circuits":null,"cables":"3","TYPE":"AC; OVERHEAD","OWNER":"BIG COUNTRY ELECTRIC COOP, INC","VOLTAGE":345.0,"VOLT_CLASS":"345","SUB_1":"NOT AVAILABLE","SUB_2":"NOT AVAILABLE","Shape__Length":879.43625702483519,"stroke":"#999999"},"geometry":{"type":"MultiLineString","coordinates":[[[-100.582540300090997,32.873018100129599],[-100.582366500337997,32.872432700288897],[-100.582130523692001,32.871689166609201],[-100.580366970889003,32.871945317453701],[-100.578945399529005,32.872305655150001],[-100.576343069982002,32.871067396881301]]]}},
{"type":"Feature","properties":{"OBJECTID":75410,"name":"Not Available","operator":"Not Available","circuits":null,"cables":null,"TYPE":"AC; OVERHEAD","OWNER":"NOT AVAILABLE","VOLTAGE":345.0,"VOLT_CLASS":"345","SUB_1":"UNKNOWN209699","SUB_2":"HITCHLAND","Shape__Length":28949.263482515114,"stroke":"#999999"},"geometry":{"type":"MultiLineString","coordinates":[[[-101.456218003785423,36.499438005696547],[-101.454349524229002,36.498051262497803],[-101.401618718885004,36.498608155902197],[-101.39984186671478,36.49940982368274]],[[-101.394087572787484,36.499406947126623],[-101.39407282738,36.498688874094398],[-101.392482276625998,36.498703960814701],[-101.392490323733995,36.498164836930897],[-101.391872577466003,36.498162825065499]]]}},
{"type":"Feature","properties":{"OBJECTID":79065,"name":"Not Available","operator":"Not Available","circuits":null,"cables":"3","TYPE":"AC; OVERHEAD","OWNER":"AEP TEXAS NORTH COMPANY","VOLTAGE":345.0,"VOLT_CLASS":"345","SUB_1":"ABILENE MULBERRY CREEK","SUB_2":"NOT AVAILABLE","Shape__Length":11152.749038645024,"stroke":"#999999"},"geometry":{"type":"MultiLineString","coordinates":[[[-99.472177782104396,33.250897385031401],[-99.474686150550596,33.251138258777601],[-99.477768343952306,33.2514585315961],[-99.481102750149802,33.251755334708001],[-99.484110260313699,33.252067727858503],[-99.487285828199205,33.252364531154903],[-99.490582850107799,33.252684887372503],[-99.493907866215594,33.253012871082802],[-99.496962064519806,33.253317469585298],[-99.500128328553899,33.253606477759199],[-99.503109939389901,33.253883331817597],[-99.506167740836602,33.2541929596591],[-99.509391756662097,33.254511471713897],[-99.512445535452997,33.254798467961201],[-99.515616660271206,33.255094349268397],[-99.518610760384504,33.255408084147803],[-99.520414461592395,33.255696756381298],[-99.5205734660926,33.2550739818492]]]}},
{"type":"Feature","properties":{"OBJECTID":86512,"name":"Not Available","operator":"Not Available","circuits":null,"cables":"3","TYPE":"AC; OVERHEAD","OWNER":"NOT AVAILABLE","VOLTAGE":345.0,"VOLT_CLASS":"345","SUB_1":"EDDY AC-DC-AC TIE","SUB_2":"NOT AVAILABLE","Shape__Length":289.11862685856585,"stroke":"#999999"},"geometry":{"type":"MultiLineString","coordinates":[[[-102.572481911585996,34.181058363925601],[-102.572475206560995,34.181606624055803],[-102.570790025478004,34.181763532967402],[-102.570551475158993,34.1817594271199]]]}},
{"type":"Feature","properties":{"OBJECTID":87116,"name":"Not Available","operator":"Not Available","circuits":null,"cables":"3","TYPE":"AC; OVERHEAD","OWNER":"RITA BLANCA ELECTRIC COOP, INC","VOLTAGE":345.0,"VOLT_CLASS":"345","SUB_1":"POTTER COUNTY","SUB_2":"HITCHLAND","Shape__Length":21575.479795568961,"stroke":"#999999"},"geometry":{"type":"MultiLineString","coordinates":[[[-101.479256851600994,36.364378682285398],[-101.478540869165997,36.364368037029301],[-101.478523770633004,36.367454589584],[-101.478500134160996,36.370245846464002],[-101.478486302801002,36.3726334315907],[-101.475354657143001,36.372632593282603],[-101.472189231236996,36.372632677185798],[-101.468833955378997,36.372628569548198],[-101.465700883196007,36.372626223876601],[-101.462563201758002,36.372619853023501],[-101.459435830283994,36.372615075606703],[-101.456087342993996,36.372614823897202],[-101.452726954824001,36.372615830011803],[-101.449534120419997,36.372611554567101],[-101.446273140716997,36.3725765192018],[-101.443201842982006,36.372994859441299],[-101.442864304606999,36.375629878340597],[-101.442659953150994,36.378548456932599],[-101.442627179914993,36.381416157336602],[-101.442758105774004,36.384225772017501],[-101.442997576866006,36.3869887825105],[-101.443081563955005,36.389849357488899],[-101.442992883168998,36.392700797662499],[-101.442909147608006,36.3955619600342],[-101.442816359724006,36.398409041001301],[-101.442653666740995,36.4011792607822],[-101.442474211195005,36.404278385401703],[-101.442292072380994,36.4071520369166],[-101.442277152263003,36.410228698289998],[-101.442243037840996,36.413252385507398],[-101.442211857318,36.4160028238419],[-101.438340843383997,36.416036853604702],[-101.434940472098006,36.415969044910398],[-101.431813770768002,36.415955298246701],[-101.428958224108996,36.415943480277797],[-101.426254725397001,36.415878855879399],[-101.424338119431994,36.417180816483103],[-101.424315572617004,36.419931673032501],[-101.424304758698,36.422920073217199],[-101.424281457296999,36.425858517203103],[-101.424263855708006,36.428628736142798],[-101.424250360317004,36.431434578449597],[-101.424231836158,36.433997092950399],[-101.424216246794003,36.436796397300697],[-101.424201075146996,36.439393195146003],[-101.424184981829001,36.442210856156301],[-101.424114740760004,36.444946038690098],[-101.425755666339995,36.4473750303668],[-101.425688444509007,36.450168382927302],[-101.425665812353998,36.452926951516503],[-101.425665057768995,36.455782498175601],[-101.425654833145003,36.458223141259701],[-101.425692132093999,36.460883724424399],[-101.424622936581002,36.462802928793401],[-101.423421055410003,36.465104264307399],[-101.423772675774998,36.465572644570798],[-101.423858172034002,36.467727044927997],[-101.423958921685994,36.470227953486301],[-101.424054056868002,36.472617466773897],[-101.424128822751001,36.474703638025098],[-101.424207529542997,36.476529719921402],[-101.424497459004002,36.477115028517197]]]}},
{"type":"Feature","properties":{"OBJECTID":87118,"name":"Not Available","operator":"Not Available","circuits":null,"cables":"3","TYPE":"AC; OVERHEAD","OWNER":"NOT AVAILABLE","VOLTAGE":345.0,"VOLT_CLASS":"345","SUB_1":"UNKNOWN209699","SUB_2":"HITCHLAND","Shape__Length":993.55451625101296,"stroke":"#999999"},"geometry":{"type":"MultiLineString","coordinates":[[[-101.400908520702998,36.495718159842298],[-101.398264868653996,36.495714219754497],[-101.395863704237996,36.495708185411502],[-101.394765423972004,36.495708435999902],[-101.393883815555995,36.495709525734704],[-101.392734300775004,36.495759700458798],[-101.392621899974003,36.495758000502498],[-101.391984999827002,36.495757200353097]]]}},
{"type":"Feature","properties":{"OBJECTID":87461,"name":"Not Available","operator":"Not Available","circuits":null,"cables":"3","TYPE":"AC; OVERHEAD","OWNER":"TRI-COUNTY ELECTRIC COOP, INC","VOLTAGE":345.0,"VOLT_CLASS":"345","SUB_1":"UNKNOWN306367","SUB_2":"NOT AVAILABLE","Shape__Length":517.28044263184381,"stroke":"#999999"},"geometry":{"type":"MultiLineString","coordinates":[[[-99.578784862442205,33.177100069252297],[-99.580417908898895,33.177348593565902],[-99.580606249681296,33.179843634405898]]]}},
{"type":"Feature","properties":{"OBJECTID":87462,"name":"Not Available","operator":"Not Available","circuits":null,"cables":"3","TYPE":"AC; OVERHEAD","OWNER":"TRI-COUNTY ELECTRIC COOP, INC","VOLTAGE":345.0,"VOLT_CLASS":"345","SUB_1":"UNKNOWN306367","SUB_2":"NOT AVAILABLE","Shape__Length":460.38476984155227,"stroke":"#999999"},"geometry":{"type":"MultiLineString","coordinates":[[[-99.580574063044693,33.174967630396701],[-99.5804133822881,33.177061261982601],[-99.578784862442205,33.177100069252297]]]}},
{"type":"Feature","properties":{"OBJECTID":87463,"name":"Not Available","operator":"American Electric Power","circuits":2,"cables":"6","TYPE":"AC; OVERHEAD","OWNER":"TRI-COUNTY ELECTRIC COOP, INC","VOLTAGE":345.0,"VOLT_CLASS":"345","SUB_1":"UNKNOWN306367","SUB_2":"NOT AVAILABLE","Shape__Length":8405.2376242458085,"stroke":"#999999"},"geometry":{"type":"MultiLineString","coordinates":[[[-99.580606249681296,33.179843634405898],[-99.580616979159103,33.182247983108397],[-99.580647823712695,33.184557868530597],[-99.580655870821005,33.187071936356602],[-99.580661234661505,33.189340162332201],[-99.580685375088194,33.1917531451098],[-99.580701468406502,33.194087421579503],[-99.580715046441995,33.196404095456003],[-99.5807281223193,33.199020422535902],[-99.580749580376505,33.201279346125801],[-99.580761650140602,33.203483283252403],[-99.580724015221804,33.205802136300697],[-99.580701971463,33.207876323378599],[-99.580667018015305,33.210397682644199],[-99.580637513748201,33.212867242645501],[-99.580600047712593,33.215341245245298],[-99.580566519891207,33.217900575921497],[-99.580532908526607,33.220558476904202],[-99.580487310042798,33.223175894626898],[-99.580425619138893,33.225539675661302],[-99.580377423625606,33.227984173176601],[-99.580323778931799,33.230471167872601],[-99.580276841059899,33.232942487623802],[-99.580225878735504,33.235399056438098],[-99.580177515237295,33.237882530558501],[-99.580127977640899,33.240333482624102],[-99.580071651476004,33.243010830250903]]]}},
{"type":"Feature","properties":{"OBJECTID":89867,"name":"Not Available","operator":"Not Available","circuits":null,"cables":"3","TYPE":"AC; OVERHEAD","OWNER":"NOT AVAILABLE","VOLTAGE":345.0,"VOLT_CLASS":"345","SUB_1":"EDDY AC-DC-AC TIE","SUB_2":"NOT AVAILABLE","Shape__Length":339.48854502690176,"stroke":"#999999"},"geometry":{"type":"MultiLineString","coordinates":[[[-102.572481911585996,34.181058363925601],[-102.572469925364999,34.181414343488399],[-102.572022081059998,34.181409817004997],[-102.571800631071,34.181407638110002],[-102.571803732055002,34.181051575286602],[-102.571806749496005,34.1806953437518],[-102.572028618100006,34.180692661726297],[-102.572025350028994,34.181054340533002],[-102.572022081059998,34.181409817004997]]]}},
{"type":"Feature","properties":{"OBJECTID":93897,"name":"Not Available","operator":"Not Available","circuits":null,"cables":null,"TYPE":"AC; OVERHEAD","OWNER":"SOUTHWESTERN PUBLIC SERVICE CO","VOLTAGE":345.0,"VOLT_CLASS":"345","SUB_1":"NOT AVAILABLE","SUB_2":"NOT AVAILABLE","Shape__Length":3530.6717539401247,"stroke":"#999999"},"geometry":{"type":"MultiLineString","coordinates":[[[-101.314083235831006,35.0172241163704],[-101.313929007672996,35.023599559579502],[-101.312691503809006,35.024134995212698],[-101.311468081935004,35.036138551586298],[-101.306447740069999,35.041048167695898]]]}},
{"type":"Feature","properties":{"OBJECTID":96651,"name":"Not Available","operator":"Not Available","circuits":null,"cables":"3","TYPE":"AC; OVERHEAD","OWNER":"SOUTHWESTERN PUBLIC SERVICE CO","VOLTAGE":345.0,"VOLT_CLASS":"345","SUB_1":"NOT AVAILABLE","SUB_2":"NOT AVAILABLE","Shape__Length":396.77303285150617,"stroke":"#999999"},"geometry":{"type":"MultiLineString","coordinates":[[[-102.277043127544999,35.137432091634899],[-102.277234699567998,35.137181100661202],[-102.278956600186007,35.137145999725597],[-102.278916299965005,35.135936099473497]]]}},
{"type":"Feature","properties":{"OBJECTID":96652,"name":"Not Available","operator":"Not Available","circuits":null,"cables":"3","TYPE":"AC; OVERHEAD","OWNER":"SOUTHWESTERN PUBLIC SERVICE CO","VOLTAGE":345.0,"VOLT_CLASS":"345","SUB_1":"NOT AVAILABLE","SUB_2":"NOT AVAILABLE","Shape__Length":418.65422971470002,"stroke":"#999999"},"geometry":{"type":"MultiLineString","coordinates":[[[-102.277106158734995,35.134177566220302],[-102.277304399851005,35.134452399831602],[-102.279267799956003,35.134452399831602],[-102.279254300074001,35.135603200176]]]}},
{"type":"Feature","properties":{"OBJECTID":97358,"name":"Not Available","operator":"Not Available","circuits":null,"cables":"3","TYPE":"AC; OVERHEAD","OWNER":"ONCOR ELECTRIC DELIVERY CO.","VOLTAGE":345.0,"VOLT_CLASS":"345","SUB_1":"UNKNOWN305300","SUB_2":"NOT AVAILABLE","Shape__Length":384.52185660414966,"stroke":"#999999"},"geometry":{"type":"MultiLineString","coordinates":[[[-102.001906000329001,31.913509099666701],[-101.999958900153999,31.913846600417301],[-101.998527599140999,31.914119400278899]]]}},
{"type":"Feature","properties":{"OBJECTID":97359,"name":"Not Available","operator":"Not Available","circuits":null,"cables":"3","TYPE":"AC; OVERHEAD","OWNER":"ONCOR ELECTRIC DELIVERY CO.","VOLTAGE":345.0,"VOLT_CLASS":"345","SUB_1":"UNKNOWN305300","SUB_2":"NOT AVAILABLE","Shape__Length":467.01794917733207,"stroke":"#999999"},"geometry":{"type":"MultiLineString","coordinates":[[[-101.994200079345006,31.915295238742001],[-101.997126800423004,31.9146932002363],[-101.998257700313999,31.9143960005186]]]}},
{"type":"Feature","properties":{"OBJECTID":97360,"name":"Not Available","operator":"Not Available","circuits":null,"cables":"3","TYPE":"AC; OVERHEAD","OWNER":"ONCOR ELECTRIC DELIVERY CO.","VOLTAGE":345.0,"VOLT_CLASS":"345","SUB_1":"UNKNOWN305300","SUB_2":"NOT AVAILABLE","Shape__Length":467.18949932751741,"stroke":"#999999"},"geometry":{"type":"MultiLineString","coordinates":[[[-101.994200079345006,31.915295238742001],[-101.997076100406005,31.9145077995706],[-101.998192300265998,31.9141965001382]]]}},
{"type":"Feature","properties":{"OBJECTID":97363,"name":"Not Available","operator":"Not Available","circuits":null,"cables":"3","TYPE":"AC; OVERHEAD","OWNER":"ONCOR ELECTRIC DELIVERY CO.","VOLTAGE":345.0,"VOLT_CLASS":"345","SUB_1":"UNKNOWN305300","SUB_2":"NOT AVAILABLE","Shape__Length":675.56475175926994,"stroke":"#999999"},"geometry":{"type":"MultiLineString","coordinates":[[[-101.999593600243998,31.9115439002694],[-102.000058100212996,31.912851099807],[-102.000242999549002,31.913458399642799],[-102.000522600181995,31.914324599942599],[-102.000746700201006,31.914986999679599],[-101.999818400050998,31.915174199685801],[-101.998954999586999,31.915381199586299]]]}},
{"type":"Feature","properties":{"OBJECTID":97364,"name":"Not Available","operator":"Not Available","circuits":null,"cables":"3","TYPE":"AC; OVERHEAD","OWNER":"ONCOR ELECTRIC DELIVERY CO.","VOLTAGE":345.0,"VOLT_CLASS":"345","SUB_1":"UNKNOWN305300","SUB_2":"NOT AVAILABLE","Shape__Length":663.79502039445651,"stroke":"#999999"},"geometry":{"type":"MultiLineString","coordinates":[[[-101.999593600243998,31.9115439002694],[-101.999978099846999,31.9128709006227],[-102.000178600224999,31.913474500519801],[-102.000459200682002,31.914341700338699],[-102.000593400002003,31.9148262999644],[-101.999796800059997,31.915053499791401],[-101.998708200039005,31.915304400389299]]]}},
{"type":"Feature","properties":{"OBJECTID":99216,"name":"Not Available","operator":"Not Available","circuits":null,"cables":"3","TYPE":"AC; OVERHEAD","OWNER":"NOT AVAILABLE","VOLTAGE":345.0,"VOLT_CLASS":"345","SUB_1":"COTTONWOOD","SUB_2":"NOT AVAILABLE","Shape__Length":1010.1780075695515,"stroke":"#999999"},"geometry":{"type":"MultiLineString","coordinates":[[[-100.872329499358997,33.774263799897],[-100.873480700277,33.774267599906402],[-100.873472799595007,33.776067800478302],[-100.875032399793994,33.776053199608498],[-100.876402999847002,33.776016299434701],[-100.877370400068003,33.7759974005779],[-100.877407299265997,33.777118600337602],[-100.877416100060998,33.777542099926301]]]}},
{"type":"Feature","properties":{"OBJECTID":99502,"name":"Not Available","operator":"Not Available","circuits":null,"cables":null,"TYPE":"AC; OVERHEAD","OWNER":"LIGHTHOUSE ELECTRIC COOP, INC","VOLTAGE":345.0,"VOLT_CLASS":"345","SUB_1":"NOT AVAILABLE","SUB_2":"NOT AVAILABLE","Shape__Length":5885.1516061022803,"stroke":"#999999"},"geometry":{"type":"MultiLineString","coordinates":[[[-101.329796453593005,34.405790935131797],[-101.329804416258995,34.407273022672598],[-101.329816235394006,34.408919480027699],[-101.329820509577999,34.410569122172099],[-101.329835346153004,34.412221698421597],[-101.329842051178005,34.413870669970102],[-101.329858144496995,34.415516959666],[-101.329864180276999,34.417168193913298],[-101.329873566773003,34.4187452502333],[-101.329888319804994,34.420325657398898],[-101.329899048385002,34.422039254057303],[-101.329907765635994,34.423758968131999],[-101.329920422898994,34.425407772944901],[-101.32993056398,34.427053224942398],[-101.329943975827007,34.428698172561496],[-101.329954034262997,34.430349156134497],[-101.329963421657993,34.431998966067198],[-101.329974150237007,34.433643244370799],[-101.329983537632003,34.4353046213973],[-101.329995523853,34.436941690312104],[-101.330011617170996,34.438587477573101],[-101.330015054125994,34.440237623469002],[-101.330026453746001,34.441892294428101],[-101.330036847253993,34.443535733547598],[-101.330047240761999,34.445186466224101],[-101.330057969341993,34.4468376174272],[-101.330057214757005,34.448464461294598],[-101.330073308075001,34.449397282756998]]]}},
{"type":"Feature","properties":{"OBJECTID":101938,"name":"Not Available","operator":"Southwestern Public Service Company","circuits":null,"cables":"3","TYPE":"AC; OVERHEAD","OWNER":"NOT AVAILABLE","VOLTAGE":345.0,"VOLT_CLASS":"345","SUB_1":"UNKNOWN209699","SUB_2":"HITCHLAND","Shape__Length":569.26082448720535,"stroke":"#999999"},"geometry":{"type":"MultiLineString","coordinates":[[[-101.391784899198996,36.494938300194598],[-101.391709299680002,36.494937600417501],[-101.391581700282003,36.494936299799903],[-101.391469499804998,36.494935699681598],[-101.391378399855,36.494935699681598],[-101.391305799810993,36.494936699878899],[-101.391225299981002,36.4949354007056],[-101.391226999593997,36.4951844003321],[-101.391225600018998,36.495516300134398],[-101.391221500108003,36.495756799556197],[-101.391223100006997,36.4960031996754],[-101.391316699968002,36.496002599565202],[-101.391381700265995,36.496002599565202],[-101.391475199615002,36.496004500274999],[-101.391575999573007,36.4960031996754],[-101.391712600090003,36.4960056997731],[-101.391794700717,36.4960056997731],[-101.391884100156005,36.4960056997731],[-101.391977100042993,36.496005600115801],[-101.392121799769996,36.496004900348503],[-101.392193399990006,36.496006199503803],[-101.392284400226998,36.496007599760603],[-101.392450899370999,36.496009000017501],[-101.392451699770007,36.495751399992102],[-101.392450899370999,36.495518099753902],[-101.392454100069003,36.495190600091],[-101.392454100069003,36.494940899985302],[-101.392288200099998,36.494940200208298],[-101.392192299553997,36.494940899985302],[-101.392119100333005,36.494940899985302],[-101.391984100613996,36.4949396000899],[-101.391876800445999,36.4949388995907],[-101.391784899198996,36.494938300194598]]]}}
]
}
